state,district,market
Andaman and Nicobar,North and Middle Andaman ,Diglipur Vegetable Market (Subhashgram)
Andaman and Nicobar,North and Middle Andaman ,Mayabander Vegetable Market
Andaman and Nicobar,South Andaman,Bathubasti Vegetable Market
Andaman and Nicobar,Nicobar,Perka Vegetable Market
Andhra Pradesh,Dr.B.R.A.Konaseema,Ambajipeta APMC
Andhra Pradesh,Dr.B.R.A.Konaseema,Ravulapalem (Kothapeta APMC)
Andhra Pradesh,Bapatla,Kuchinapudi APMC
Andhra Pradesh,Kurnool,Kurnool APMC
Andhra Pradesh,Chittor,Palamaner APMC
Andhra Pradesh,Palnadu,Gurazala APMC
Andhra Pradesh,Kurnool,Adoni APMC
Andhra Pradesh,NTR,Mylavaram APMC
Andhra Pradesh,NTR,Nandigama APMC
Andhra Pradesh,NTR,Tiruvuru APMC
Andhra Pradesh,Guntur,Guntur APMC
Andhra Pradesh,Sri Sathya Sai,Gorantla  APMC
Andhra Pradesh,Sri Sathya Sai,Penukonda APMC
Andhra Pradesh,Kurnool,Yemmiganur APMC
Andhra Pradesh,Bapatla,Bapatla APMC
Andhra Pradesh,Sri Sathya Sai,Madakasira APMC
Andhra Pradesh,YSR Kadapa,Kadapa
Andhra Pradesh,Sri Sathya Sai,Puttaparthi  APMC
Andhra Pradesh,Alluri Sitharama Raju,Paderu APMC
Andhra Pradesh,Chittor,Chittoor APMC
Andhra Pradesh,Kurnool,Alur APMC
Andhra Pradesh,Eluru,Chintalapudi APMC
Andhra Pradesh,Eluru,Denduluru APMC
Andhra Pradesh,SPSR Nellore,Sarvepalli APMC
Andhra Pradesh,Guntur,Tenali APMC
Andhra Pradesh,NTR,Kanchekacherla APMC
Andhra Pradesh,Eluru,Nuzvid APMC
Andhra Pradesh,Eluru,Polavaram APMC
Andhra Pradesh,Chittor,Bangarupalyam APMC
Andhra Pradesh,East Godavari,Rajahmundry APMC
Andhra Pradesh,Tirupathi,Thiruchanur APMC
Andhra Pradesh,YSR Kadapa,Pulivendala APMC
Andhra Pradesh,Ananthapuramu,Anantapur APMC
Andhra Pradesh,Dr.B.R.A.Konaseema,Ramachandrapuram APMC
Andhra Pradesh,Vijayanagaram,Kothavalasa APMC
Andhra Pradesh,Bapatla,Repalli APMC
Andhra Pradesh,Dr.B.R.A.Konaseema,Mummidivaram APMC
Andhra Pradesh,East Godavari,Kovvur APMC
Andhra Pradesh,Dr.B.R.A.Konaseema,Amalapuram APMC
Andhra Pradesh,SPSR Nellore,Nellore APMC
Andhra Pradesh,Sri Sathya Sai,Kadiri APMC
Andhra Pradesh,Sri Sathya Sai,Hindupur APMC
Andhra Pradesh,Annamayya,Madanapalli APMC
Andhra Pradesh,Annamayya,Somala APMC
Andhra Pradesh,Annamayya,Valmikipuram APMC
Andhra Pradesh,Annamayya,Kalikiri APMC
Andhra Pradesh,Annamayya,Mulakalacheruvu APMC
Andhra Pradesh,Annamayya,B.Kothakota H/Q Angallu
Andhra Pradesh,Chittor,V. Kota Sub-yard of AMC Palamaneru
Andhra Pradesh,Annamayya,Punganur APMC
Andhra Pradesh,Annamayya,Guramkonda Sub-yard of AMC Valmikipuram
Andhra Pradesh,Guntur,Duggirala APMC
Andhra Pradesh,Alluri Sitharama Raju,Chintapally APMC
Arunachal Pradesh,Lower Subansiri,Ziro APMC
Assam,Kamrup,Pamohi(Garchuk) APMC
Assam,Kamrup,Fancy Bazaar APMC
Assam,Nagaon,Haibargaon APMC
Assam,Hojai,"Gandhimaidan SMY, Hojai"
Assam,Tinsukia,Tinsukia Market
Assam,Nagaon,Ambagan APMC
Assam,Darrang,Besimari APMC
Assam,Sonitpur,Dhekiajuli APMC
Assam,Darrang,Balugaon APMC
Assam,Karimganj,Santar Bazaar APMC
Assam,Nagaon,Dhing APMC
Assam,Nagaon,Doomdumia APMC
Bihar,Begusarai,Begusarai APMC
Bihar,Muzaffarpur,Bhagwanpur Mandi APMC
Bihar,Madhubani,Benipatti APMC
Bihar,Khagaria,Khagaria APMC
Bihar,Gaya,Tekari APMC
Bihar,Madhubani,Madhubani APMC
Bihar,Bhagalpur,Bihpur APMC
Bihar,Banka,Amarpur APMC
Bihar,Sheikhpura,Shekhpura APMC
Bihar,Sheikhpura,Barbigha APMC
Bihar,East Champaran/ Motihari,Raxaul APMC
Bihar,Saharsa,Saharsa APMC
Bihar,Chhapra,Chhapra APMC
Chattisgarh,Mungeli,Munguli APMC
Chattisgarh,Mahasamund,Bhavarpur APMC
Chattisgarh,Bilaspur,Takhatpur APMC
Chattisgarh,Koria,Baikunthpur APMC
Chattisgarh,Raigarh,Raigarh APMC
Chattisgarh,Surajpur,Pratappur APMC
Chattisgarh,Narayanpur,Narayanpur APMC
Chattisgarh,Janjgir,Jaijaipur APMC
Chattisgarh,Balod,Dondilohara APMC
Chattisgarh,Balod,Balod APMC
Chattisgarh,Raipur,Abhanpur APMC
Chattisgarh,Balod,Dondi APMC
Chattisgarh,Rajnandgaon,Gandai APMC
Chattisgarh,Kanker,Charama APMC
Chattisgarh,Surajpur,Surajpur APMC
Chattisgarh,Kanker,Narharpur APMC
Chattisgarh,Raipur,Arang APMC
Chattisgarh,Raigarh,Kharsiya APMC
Chattisgarh,Korba,Katghora APMC
Chattisgarh,Raigarh,Kedar APMC
Chattisgarh,Bilaspur,Pendraroad APMC
Chattisgarh,Raipur,Kharora APMC
Chattisgarh,Surguja,Ambikapur APMC
Chattisgarh,Janjgir,Shakti APMC
Chattisgarh,Kanker,Lakhanpuri APMC
Chattisgarh,Balod,Gurur APMC
Chattisgarh,Raigarh,Sarangarh APMC
Chattisgarh,Mahasamund,Bagbahra APMC
Chattisgarh,Raigarh,Dharamjaygarh APMC
Chattisgarh,Raigarh,Gharghoda APMC
Chattisgarh,Raigarh,Baramkela APMC
Chattisgarh,Raipur,Neora APMC
Chattisgarh,Janjgir,Champa APMC
Chattisgarh,Kondagaon,Kondagoan APMC
Chattisgarh,Bilaspur,Bilaspur APMC
Chattisgarh,Jashpur,Pathalgaon APMC
Goa,North Goa,Mapusa APMC
Gujarat,Patan,Sami APMC
Gujarat,Patan,Radhanpur APMC
Gujarat,Mehsana,Unjha APMC
Gujarat,Jamnagar,Jamnagar APMC
Gujarat,Porbandar,Porbandar APMC
Gujarat,Rajkot,Gondal(Veg.market Gondal) APMC
Gujarat,Bhavnagar,Taleja APMC
Gujarat,Amreli,Rajula APMC
Gujarat,Junagarh,Junagadh APMC
Gujarat,Sabarkantha,Himatnagar APMC
Gujarat,Mehsana,Mehsana(Jornang) APMC
Gujarat,Gandhinagar,Kalol APMC
Gujarat,Dahod,Zalod(Sanjeli) APMC
Gujarat,Dahod,Dahod APMC
Gujarat,Sabarkantha,Talod APMC
Gujarat,Mehsana,Visnagar APMC
Gujarat,Mehsana,Kadi APMC
Gujarat,Anand,Khambhat(Grain Market) APMC
Gujarat,Sabarkantha,Prantij(Salala) APMC
Gujarat,Banaskanth,Thara(Shihori) APMC
Gujarat,Banaskanth,Deesa APMC
Gujarat,Sabarkantha,Modasa APMC
Gujarat,Bhavnagar,Mahuva(Station Road) APMC
Gujarat,Banaskanth,Diyodar APMC
Gujarat,Anand,Borsad APMC
Gujarat,Banaskanth,Thara APMC
Gujarat,Rajkot,Jasdan APMC
Gujarat,Sabarkantha,Modasa(Tintoi) APMC
Gujarat,Gir Somnath,Kodinar APMC
Gujarat,Mehsana,Mehsana APMC
Gujarat,Gandhinagar,Dehgam APMC
Gujarat,Gandhinagar,Dehgam(Rekhiyal) APMC
Gujarat,Banaskanth,Vadgam APMC
Gujarat,Patan,Siddhpur APMC
Gujarat,Banaskanth,Palanpur APMC
Gujarat,Banaskanth,Dhanera APMC
Gujarat,Banaskanth,Amirgadh APMC
Gujarat,Gandhinagar,Mansa APMC
Gujarat,Anand,Umreth APMC
Gujarat,Navsari,Navsari APMC
Gujarat,Banaskanth,Deesa(Deesa Veg Yard) APMC
Gujarat,Anand,Khambhat(Veg Yard Khambhat) APMC
Gujarat,Valsad,Valsad APMC
Gujarat,Mehsana,Mehsana(Mehsana Veg) APMC
Gujarat,Surendranagar,Vadhvan APMC
Gujarat,Bharuch,Bharuch APMC
Gujarat,Amreli,Bagasara APMC
Gujarat,Jamnagar,Kalawad APMC
Gujarat,Morbi,APMC HALVAD
Gujarat,Surat,Vyra APMC
Gujarat,Patan,Harij APMC
Gujarat,Dahod,Jhalod APMC
Gujarat,Rajkot,Rajkot APMC
Gujarat,Devbhumi Dwarka,Jam Khambalia APMC
Gujarat,Morbi,Morbi APMC
Gujarat,Dahod,Dahod(Veg. Market) APMC
Gujarat,Bharuch,Ankleshwar APMC
Gujarat,Gir Somnath,Talalagir APMC
Gujarat,Surat,Bardoli(Kadod) APMC
Gujarat,Surat,Songadh(Badarpada) APMC
Gujarat,Rajkot,Rajkot(Veg.Sub Yard) APMC
Gujarat,Vadodara(Baroda),Padra APMC
Gujarat,Surat,Songadh APMC
Gujarat,Amreli,Damnagar APMC
Gujarat,Kheda,Nadiyad(Chaklasi) APMC
Gujarat,Surat,Songadh(Umrada) APMC
Gujarat,Gandhinagar,"Kalol(Veg,Market,Kalol) APMC"
Gujarat,Anand,"Anand(Veg,Yard,Anand) APMC"
Gujarat,Kheda,Nadiyad(Piplag) APMC
Gujarat,Navsari,Bilimora APMC
Gujarat,Gandhinagar,Mansa(Manas Veg Yard) APMC
Gujarat,Junagarh,Visavadar APMC
Gujarat,Jamnagar,Jam Jodhpur APMC
Gujarat,Gir Somnath,Veraval APMC
Gujarat,Valsad,Chikli(Khorgam) APMC
Gujarat,Mehsana,Vijapur(Vegetable) APMC
Gujarat,Surendranagar,Dhragradhra APMC
Gujarat,Botad,Botad APMC
Gujarat,Chhota Udaipur,Modasar APMC
Gujarat,Amreli,The Agricultural Produce Market Committee
Gujarat,Amreli,Babra APMC
Gujarat,Botad,Botad(Haddad) APMC
Gujarat,Chhota Udaipur,Kalediya APMC
Gujarat,Chhota Udaipur,Hadad     APMC
Gujarat,Chhota Udaipur,Bodeliu APMC
Gujarat,Kachchh,Rapar APMC
Gujarat,Kachchh,Anjar APMC
Gujarat,Morbi,Vankaner APMC
Gujarat,Banaskanth,Bhabhar APMC
Gujarat,Surat,Mandvi APMC
Gujarat,Rajkot,Dhoraji APMC
Gujarat,Junagarh,Bhesan APMC
Gujarat,Surendranagar,Chotila APMC
Gujarat,Narmada,Garudeshwal APMC
Gujarat,Panchmahals,Morva Hafad APMC
Gujarat,Sabarkantha,Vadali APMC
Gujarat,Banaskanth,Lakhani APMC
Gujarat,Ahmedabad,Ahmedabad(Chimanbhai Patal Market Vasana) APMC
Gujarat,Sabarkantha,Prantij APMC
Gujarat,Dahod,Davgadbaria(Piplod) APMC
Gujarat,Dahod,Devgadhbaria APMC
Gujarat,Kheda,Nadiad APMC
Gujarat,Ahmedabad,Ahmedabad APMC
Gujarat,Sabarkantha,Vijaynagar(Kundlakap) APMC
Gujarat,Ahmedabad,Viramgam APMC
Gujarat,Sabarkantha,Meghraj APMC
Haryana,Sonipat,Gohana APMC
Haryana,Jind,Narwana APMC
Haryana,Yamuna Nagar,Jagadhri APMC
Haryana,Karnal,Gharaunda APMC
Haryana,Panipat,Panipat APMC
Haryana,Gurgaon,Pataudi APMC
Haryana,Sonipat,Sonepat APMC
Haryana,Karnal,Indri APMC
Haryana,Kurukshetra,Shahabad APMC
Haryana,Rewari,Rewari APMC
Haryana,Fatehabad,Fatehabad APMC
Haryana,Yamuna Nagar,Chhachrauli APMC
Haryana,Mewat,Tauru APMC
Haryana,Karnal,Tarori APMC
Haryana,Sonipat,Ganaur APMC
Haryana,Jhajar,Jhajjar APMC
Haryana,Rohtak,Meham APMC
Haryana,Mahendragarh-Narnaul,Narnaul APMC
Haryana,Jhajar,Bahadurgarh APMC
Haryana,Sirsa,kalanwali APMC
Haryana,Rewari,Kosli APMC
Haryana,Yamuna Nagar,Radaur APMC
Haryana,Jind,Safidon APMC
Haryana,Ambala,Naraingarh APMC
Haryana,Sirsa,Ellanabad APMC
Haryana,Panchkula,Raipur Rai APMC
Haryana,Yamuna Nagar,Sadhaura APMC
Haryana,Kaithal,Siwan APMC
Haryana,Faridabad,Ballabhgarh APMC
Haryana,Panipat,Samalkha APMC
Haryana,Gurgaon,Sohna APMC
Haryana,Ambala,Shahzadpur APMC
Haryana,Panchkula,Barwala APMC
Haryana,Hissar,Barwala(Hisar) APMC
Haryana,Hissar,Hansi APMC
Haryana,Hissar,Uklana APMC
Haryana,Yamuna Nagar,Mustafabad APMC
Haryana,Faridabad,Faridabad APMC
Haryana,Palwal,Hodal APMC
Haryana,Mewat,FerozpurZirkha(Nagina) APMC
Haryana,Kurukshetra,Pehowa APMC
Haryana,Sirsa,Rania APMC
Haryana,Fatehabad,Jakhal APMC
Haryana,Kaithal,Pundri APMC
Haryana,Ambala,Ambala Cantt. APMC
Haryana,Mewat,Punhana APMC
Haryana,Ambala,Barara APMC
Haryana,Ambala,Ambala City APMC
Haryana,Kurukshetra,Babain APMC
Haryana,Mahendragarh-Narnaul,Ateli APMC
Haryana,Gurgaon,Gurgaon APMC
Haryana,Panchkula,Panchkul(Kalka) APMC
Haryana,Panchkula,"New Grain Market , Panchkula APMC"
Haryana,Jind,Jind APMC
Haryana,Panipat,Madlauda APMC
Haryana,Yamuna Nagar,Yamuna Nagar APMC
Haryana,Kaithal,Cheeka APMC
Haryana,Sirsa,Dabwali APMC
Himachal Pradesh,Kangra,SMY Dharamshala
Himachal Pradesh,Hamirpur,SMY Nadaun
Himachal Pradesh,Chamba,PMY Chamba
Himachal Pradesh,Mandi,PMY Kangni Mandi
Himachal Pradesh,Kangra,SMY Baijnath
Himachal Pradesh,Kangra,SMY Jaisinghpur
Himachal Pradesh,Kangra,SMY Nagrota Bagwan
Himachal Pradesh,Shimla,SMY Parala
Himachal Pradesh,Kangra,PMY Kangra
Himachal Pradesh,Kullu,SMY Bhuntar
Himachal Pradesh,Una,PMY Una
Himachal Pradesh,Mandi,SMY Dhanotu
Himachal Pradesh,Kangra,SMY Palampur
Himachal Pradesh,Solan,SMY Parwanoo
Himachal Pradesh,Shimla,SMY Rohroo
Himachal Pradesh,Bilaspur,PMY Bilaspur
Himachal Pradesh,Solan,SMY Nalagarh
Himachal Pradesh,Kullu,PMY Kullu
Himachal Pradesh,Solan,PMY Kather Solan
Himachal Pradesh,Shimla,SMY Rampur
Himachal Pradesh,Kangra,SMY Jwalaji
Himachal Pradesh,Hamirpur,PMY Hamirpur
Himachal Pradesh,Una,SMY Takarla
Himachal Pradesh,Shimla,PMY Dhalli Shimla
Himachal Pradesh,Solan,SMY Wakhnaghat
Himachal Pradesh,Kullu,SMY Chauri Bihal
Himachal Pradesh,Mandi,SMY Takoli
Himachal Pradesh,Solan,SMY Dharampur
Himachal Pradesh,Sirmore,SMY Rajgarh
Himachal Pradesh,Mandi,SMY Chail Chowk
Himachal Pradesh,Bilaspur,SMY Namhol
Himachal Pradesh,Sirmore,PMY Paonta Sahib
Himachal Pradesh,Kullu,SMY Patli Kulh
Himachal Pradesh,Kullu,SMY Shatt
Jammu and Kashmir,Kathua,Kathua (F&V)
Jammu and Kashmir,Rajouri,Rajouri (Phaliana) (F&V)
Jammu and Kashmir,Jammu,Narwal Jammu (F&V)
Jammu and Kashmir,Pulwama,Prichoo Pulwama (F&V)
Jammu and Kashmir,Anantnag,Jablipora Anantnag (F&V)
Jammu and Kashmir,Ganderbal,Zazna Ganderbal (F&V)
Karnataka,Bengaluru,Bengaluru APMC
Karnataka,Gadag,Laxmeshwar APMC
Karnataka,Bengaluru South,Ramanagara APMC
Karnataka,Bengaluru Rural,Hoskote APMC
Karnataka,Kalaburagi,Kalaburagi APMC
Karnataka,Dakshina Kannada,Bantwala APMC
Karnataka,Dakshina Kannada,Puttur APMC
Karnataka,Mandya,K.R. Pet APMC
Karnataka,Shivamogga,Bhadravathi APMC
Karnataka,Uttara Kannada,Sirsi APMC
Karnataka,Chitradurga,Holalkere APMC
Karnataka,Dakshina Kannada,Mangaluru APMC
Karnataka,Dakshina Kannada,Sulya APMC
Karnataka,Davangere,Honnali APMC
Karnataka,Shivamogga,Sagar APMC
Karnataka,Chikkamagaluru,Koppa APMC
Karnataka,Uttara Kannada,Kumta APMC
Karnataka,Dakshina Kannada,Belthangdi APMC
Karnataka,Shivamogga,Shimoga(Theertahalli) APMC
Karnataka,Mysuru,Mysuru APMC
Karnataka,Bellary,Ballari APMC
Karnataka,Vijayapura,Vijayapura APMC
Karnataka,Belagavi,Ramdurga APMC
Karnataka,Vijayapura,Talikot APMC
Karnataka,Raichur,Lingasugur APMC
Karnataka,Udupi,Udupi APMC
Karnataka,Bengaluru South,Channapatna APMC
Karnataka,Bengaluru Rural,Doddaballapur APMC
Karnataka,Chikkaballapur,Bagepalli APMC
Karnataka,Kolar,Malur APMC
Karnataka,Shivamogga,Shimoga APMC
Karnataka,Chikkaballapur,Gauribidanur APMC
Karnataka,Chamarajanagar,Gundlupet APMC
Karnataka,Chamarajanagar,Chamarajanagar APMC
Karnataka,Kolar,Mulbagal APMC
Karnataka,Kolar,Kolar APMC
Karnataka,Chikkaballapur,Chintamani APMC
Karnataka,Chikkamagaluru,Chikkamagaluru APMC
Karnataka,Kolar,Bangarpet APMC
Karnataka,Chikkamagaluru,Kadur APMC
Karnataka,Dharwad,Hubballi APMC
Karnataka,Raichur,Raichur APMC
Karnataka,Vijayanagara,H.B. Halli APMC
Karnataka,Koppal,Koppal APMC
Karnataka,Davangere,Harihara APMC
Karnataka,Tumakuru,Turvekere APMC
Karnataka,Tumakuru,Tiptur APMC
Karnataka,Hassan,Arasikere APMC
Karnataka,Bagalkot,Bagalkot APMC
Karnataka,Chitradurga,Challakere APMC
Karnataka,Raichur,Manvi APMC
Karnataka,Shivamogga,Shikaripura APMC
Karnataka,Haveri,Haveri APMC
Karnataka,Haveri,Hanagal APMC
Karnataka,Chitradurga,Hosadurga APMC
Karnataka,Belagavi,Sankeshwar APMC
Karnataka,Belagavi,Soundati APMC
Karnataka,Vijayanagara,Kottur APMC
Karnataka,Chitradurga,Hiriyur APMC
Karnataka,Koppal,Kustagi APMC
Karnataka,Bellary,Kampli APMC
Karnataka,Hassan,Sakaleshpura APMC
Karnataka,Koppal,Gangavathi APMC
Karnataka,Uttara Kannada,Haliyala APMC
Karnataka,Mysuru,Periyapatna APMC
Karnataka,Vijayapura,Sindagi APMC
Karnataka,Kalaburagi,Chincholi APMC
Karnataka,Raichur,Sindhanur APMC
Karnataka,Belagavi,Bailahongal APMC
Karnataka,Mandya,Mandya APMC
Karnataka,Mandya,Pandavapura APMC
Keralam,Ernakulam,North Paravur Market
Keralam,Malappuram,Kottakkal Market
Keralam,Thiruvananthapuram,Pappanchani VFPCK Market
Keralam,Kozhikode(Calicut),Mukkom Market
Keralam,Malappuram,Manjeri Market
Keralam,Idukki,Kattappana Market
Keralam,Kasargod,Kasargod Market
Keralam,Kasargod,Kanjangadu Market
Keralam,Kannur,Kuthuparambu Market
Keralam,Kannur,Payyannur Market
Keralam,Palakad,Vadakkenchery Market
Keralam,Thirssur,Chavakkad Market
Keralam,Ernakulam,Thrippunithura Market
Keralam,Palakad,Koduvayoor Market
Keralam,Ernakulam,Perumbavoor Market
Keralam,Kottayam,Ettumanoor Market
Keralam,Alappuzha,Cherthala Market
Keralam,Kozhikode(Calicut),Quilandy Market
Keralam,Kozhikode(Calicut),Thamarassery Market
Keralam,Kozhikode(Calicut),Palayam Market
Keralam,Kollam,Sasthamkotta Market
Keralam,Pathanamthitta,Omalloor Market
Keralam,Kottayam,Athirampuzha Market
Keralam,Palakad,Pattambi Market
Keralam,Wayanad,Pulpally Market
Keralam,Kozhikode(Calicut),Kallachi Market
Keralam,Thirssur,Irinjalakkuda Market
Keralam,Wayanad,Mananthavady Market
Keralam,Ernakulam,Piravam Market
Keralam,Kozhikode(Calicut),Vengeri(Kozhikode) Market
Keralam,Palakad,vadakarapathy Market
Keralam,Alappuzha,Mannar Market
Keralam,Alappuzha,Aroor Market
Keralam,Kollam,Kottarakkara Market
Keralam,Kottayam,Thalayolaparambu Market
Keralam,Palakad,Palakkad Market
Keralam,Malappuram,Thirurrangadi Market
Keralam,Ernakulam,Ernakulam Market
Keralam,Alappuzha,Harippad Market
Keralam,Kozhikode(Calicut),Perambra Market
Keralam,Wayanad,Kalpetta Market
Keralam,Alappuzha,Chengannur Market
Keralam,Pathanamthitta,Ezhamkulam Market
Keralam,Alappuzha,Kayamkulam Market
Keralam,Kottayam,Pampady Market
Keralam,Thirssur,Thrissur Market
Keralam,Malappuram,Perinthalmanna Market
Keralam,Palakad,Kollengode VFPCK Market
Keralam,Palakad,Kollengode Market
Keralam,Idukki,Adimali Market
Keralam,Kannur,Kelakam VFPCK Market
Keralam,Ernakulam,Amalapuram  VFPCK Market
Keralam,Malappuram,Elamkur  VFPCK Market
Keralam,Thirssur,Alengad  VFPCK Market
Keralam,Idukki,Kannakunnu VFPCK Market
Keralam,Thirssur,Mattathur VFPCK Market
Keralam,Alappuzha,Venmony  VFPCK Market
Keralam,Kozhikode(Calicut),Kakkur VFPCK Market
Keralam,Malappuram,Moothedam  VFPCK Market
Keralam,Kottayam,Aymanam VFPCK Market
Keralam,Ernakulam,Nedungapra  VFPCK Market
Keralam,Thiruvananthapuram,Kallara  VFPCK Market
Keralam,Thirssur,Pananchery VFPCK Market
Keralam,Malappuram,Angadippuram VFPCK Market
Keralam,Kannur,Chavassery VFPCK Market
Keralam,Kollam,Nedumpaikulam  VFPCK Market
Keralam,Kannur,Kolayad VFPCK Market
Keralam,Palakad,Kizhakkancheri VFPCK Market
Keralam,Thirssur,Kodassery VFPCK Market
Keralam,Malappuram,Chungathara VFPCK Market
Keralam,Thirssur,Kuzhur  VFPCK Market
Keralam,Kannur,Mangattidom VFPCK Market
Keralam,Malappuram,Thiruvali  VFPCK Market
Keralam,Malappuram,Elamkulam VFPCK Market
Keralam,Malappuram,Athanikkal VFPCK Market
Keralam,Kozhikode(Calicut),Thalakulathur VFPCK Market
Keralam,Thiruvananthapuram,Kovilnada  VFPCK Market
Keralam,Kozhikode(Calicut),Kunnamangalam  VFPCK Market
Keralam,Kottayam,Vakathanam VFPCK Market
Keralam,Thirssur,Chazhur VFPCK Market
Keralam,Idukki,Errattayar VFPCK Market
Keralam,Ernakulam,ARWM Muvattupuzha
Keralam,Thirssur,Marottichal  VFPCK Market
Keralam,Thirssur,Nooluvally  VFPCK Market
Keralam,Ernakulam,Kadungallur  VFPCK Market
Keralam,Kannur,Mattannur  VFPCK Market
Keralam,Thirssur,Muriyad  VFPCK Market
Keralam,Kannur,Thalasserry Market
Keralam,Kollam,Punalur VFPCK Market
Keralam,Kottayam,Kuruppanthura Market
Keralam,Pathanamthitta,Enadimangalam VFPCK Market
Keralam,Ernakulam,Mookkannur  VFPCK Market
Keralam,Thiruvananthapuram,Chenkal  VFPCK Market
Keralam,Kottayam,Vayala  VFPCK Market
Keralam,Thirssur,Pariyaram VFPCK Market
Keralam,Alappuzha,Thamarakkulam VFPCK Market
Keralam,Thirssur,Mala VFPCK Market
Keralam,Kannur,Peravoor VFPCK Market
Keralam,Thiruvananthapuram,Athiyannur VFPCK Market
Keralam,Kozhikode(Calicut),Thiruvambady VFPCK Market
Keralam,Kannur,Taliparamba Market
Keralam,Kottayam,Kottayam Market
Keralam,Kollam,Kadakkal  VFPCK Market
Keralam,Thiruvananthapuram,Parassala VFPCK Market
Keralam,Thiruvananthapuram,Vellarada  VFPCK Market
Keralam,Thiruvananthapuram,Parassala Market
Keralam,Kollam,Chathanoor Market
Keralam,Thirssur,Varandarappilly  VFPCK Market
Keralam,Idukki,Nedumkandam Market
Keralam,Kannur,Kannur Market
Keralam,Kasargod,Madikai  VFPCK Market
Keralam,Palakad,Puthupariyaram  VFPCK Market
Keralam,Kannur,Pattiyam  VFPCK Market
Keralam,Thiruvananthapuram,Neyyatinkara Market
Keralam,Thirssur,Wadakkanchery Market
Keralam,Thiruvananthapuram,Vamanapuram Market
Keralam,Kasargod,Pullur Periya  VFPCK Market
Keralam,Palakad,Malampuzha VFPCK Market
Keralam,Kottayam,Mutholy  VFPCK Market
Keralam,Palakad,Vaniyamkulam  VFPCK Market
Keralam,Pathanamthitta,Ranniangadi Market
Keralam,Palakad,Vithinasserri VFPCK Market
Keralam,Palakad,Elevancheri VFPCK Market
Keralam,Palakad,Paliyamangalam  VFPCK Market
Keralam,Kannur,Irikkur Market
Keralam,Idukki,Melechinnar VFPCK Market
Keralam,Wayanad,Sultan bathery Market
Keralam,Palakad,Vadakarapathy VFPCK Market
Keralam,Kottayam,Ettumanoor VFPCK Market
Keralam,Thirssur,Chelakkara VFPCK Market
Keralam,Idukki,Thodupuzha Market
Keralam,Thirssur,Kodungalloor Market
Keralam,Kottayam,Athirampuzha VFPCK Market
Keralam,Thirssur,Veloorkkara VFPCK Market
Keralam,Ernakulam,Thiruvaniyoor  VFPCK Market
Madhya Pradesh,Neemuch,Neemuch APMC
Madhya Pradesh,Shajapur,Agar APMC
Madhya Pradesh,Mandsaur,Shamgarh APMC
Madhya Pradesh,Mandsaur,Mandsaur APMC
Madhya Pradesh,Morena,Sabalgarh APMC
Madhya Pradesh,Indore,Indore(F&V) APMC
Madhya Pradesh,Hoshangabad,Hoshangabad(F&V) APMC
Madhya Pradesh,Burhanpur,Burhanpur(F&V) APMC
Madhya Pradesh,Shivpuri,Pichhour APMC
Madhya Pradesh,Shivpuri,Kolaras APMC
Madhya Pradesh,Chhatarpur,Chhatarpur APMC
Madhya Pradesh,Rewa,Rewa APMC
Madhya Pradesh,Rajgarh,Jeerapur APMC
Madhya Pradesh,Chhatarpur,LavKush Nagar(Laundi) APMC
Madhya Pradesh,Chhatarpur,Bijawar APMC
Madhya Pradesh,Chhatarpur,Naugaon APMC
Madhya Pradesh,Dewas,Dewas APMC
Madhya Pradesh,Satna,Nagod APMC
Madhya Pradesh,Khargone,Bhikangaon APMC
Madhya Pradesh,Sheopur,Sheopurkalan APMC
Madhya Pradesh,Rajgarh,Narsinghgarh APMC
Madhya Pradesh,Indore,Gautampura APMC
Madhya Pradesh,Panna,Panna APMC
Madhya Pradesh,Khandwa,Harsood APMC
Madhya Pradesh,Gwalior,Lashkar APMC
Madhya Pradesh,Khargone,Khargone APMC
Madhya Pradesh,Indore,Mhow APMC
Madhya Pradesh,Raisen,Obedullaganj APMC
Madhya Pradesh,Katni,Katni APMC
Madhya Pradesh,Dhar,Dhar APMC
Madhya Pradesh,Narsinghpur,Gotegaon APMC
Madhya Pradesh,Dhar,Manawar APMC
Madhya Pradesh,Shajapur,Susner APMC
Madhya Pradesh,Hoshangabad,Banapura APMC
Madhya Pradesh,Sagar,Rahatgarh APMC
Madhya Pradesh,Guna,Aron APMC
Madhya Pradesh,Hoshangabad,Pipariya APMC
Madhya Pradesh,Shajapur,Nalkehda APMC
Madhya Pradesh,Rajgarh,Pachaur APMC
Madhya Pradesh,Ratlam,Taal APMC
Madhya Pradesh,Raisen,Silvani APMC
Madhya Pradesh,Ashoknagar,Ashoknagar APMC
Madhya Pradesh,Bhopal,Berasia APMC
Madhya Pradesh,Ratlam,Sailana APMC
Madhya Pradesh,Shajapur,Akodiya APMC
Madhya Pradesh,Raisen,Begamganj APMC
Madhya Pradesh,Guna,Guna APMC
Madhya Pradesh,Dewas,Khategaon APMC
Madhya Pradesh,Guna,Kumbhraj APMC
Madhya Pradesh,Ratlam,Jaora APMC
Madhya Pradesh,Narsinghpur,Gadarwada APMC
Madhya Pradesh,Badwani,Badwani APMC
Madhya Pradesh,Dewas,Haatpipliya APMC
Madhya Pradesh,Indore,Indore APMC
Madhya Pradesh,Dewas,Sonkatch APMC
Madhya Pradesh,Khargone,Sanawad APMC
Madhya Pradesh,Harda,Harda APMC
Madhya Pradesh,Hoshangabad,Semriharchand APMC
Madhya Pradesh,Dhar,Badnawar APMC
Madhya Pradesh,Bhind,Gohad APMC
Madhya Pradesh,Shivpuri,Badarwas APMC
Madhya Pradesh,Jabalpur,Jabalpur APMC
Madhya Pradesh,Raisen,Raisen APMC
Madhya Pradesh,Raisen,Bareli APMC
Madhya Pradesh,Ujjain,Unhel APMC
Madhya Pradesh,Guna,Maksudangarh APMC
Madhya Pradesh,Rajgarh,Sarangpur APMC
Madhya Pradesh,Dhar,Rajgarh APMC
Madhya Pradesh,Sagar,Sagar APMC
Madhya Pradesh,Shivpuri,Shivpuri APMC
Madhya Pradesh,Datia,Bhander APMC
Madhya Pradesh,Ashoknagar,Mungawali APMC
Madhya Pradesh,Guna,Binaganj APMC
Madhya Pradesh,Panna,Ajaygarh APMC
Madhya Pradesh,Damoh,Javera APMC
Madhya Pradesh,Alirajpur,Alirajpur APMC
Madhya Pradesh,Sagar,Bina APMC
Madhya Pradesh,Damoh,Damoh APMC
Madhya Pradesh,Shivpuri,Pohari APMC
Madhya Pradesh,Damoh,Patharia APMC
Madhya Pradesh,Narsinghpur,Narsinghpur APMC
Madhya Pradesh,Sagar,Bamora APMC
Madhya Pradesh,Harda,Khirakiya APMC
Madhya Pradesh,Raisen,Udaipura APMC
Madhya Pradesh,Chhindwara,Chaurai APMC
Madhya Pradesh,Sagar,Banda APMC
Madhya Pradesh,Khandwa,Khandwa APMC
Madhya Pradesh,Sagar,Rehli APMC
Madhya Pradesh,Sehore,Sehore APMC
Madhya Pradesh,Ashoknagar,Isagarh APMC
Madhya Pradesh,Narsinghpur,Kareli APMC
Madhya Pradesh,Neemuch,Manasa APMC
Madhya Pradesh,Harda,Timarni APMC
Madhya Pradesh,Shajapur,Shajapur APMC
Madhya Pradesh,Dewas,Kannod APMC
Madhya Pradesh,Vidisha,Vidisha APMC
Madhya Pradesh,Sagar,Garhakota APMC
Madhya Pradesh,Vidisha,Kurwai APMC
Madhya Pradesh,Betul,Betul APMC
Madhya Pradesh,Raisen,Gairatganj APMC
Madhya Pradesh,Vidisha,Ganjbasoda APMC
Madhya Pradesh,Ratlam,Ratlam APMC
Madhya Pradesh,Sehore,Ichhawar APMC
Madhya Pradesh,Jabalpur,Paatan APMC
Madhya Pradesh,Ujjain,Nagda APMC
Madhya Pradesh,Jabalpur,Shahpura Bhitoni (F&V) APMC
Madhya Pradesh,Jabalpur,Sihora APMC
Madhya Pradesh,Hoshangabad,Pipariya(F&V) APMC
Madhya Pradesh,Shivpuri,Shivpuri(F&V) APMC
Madhya Pradesh,Khandwa,Badwah(F&V) APMC
Madhya Pradesh,Khandwa,Khandwa(F&V) APMC
Madhya Pradesh,Harda,Timarni(F&V) APMC
Madhya Pradesh,Harda,Harda(F&V) APMC
Madhya Pradesh,Dewas,Dewas(F&V) APMC
Madhya Pradesh,Khandwa,Sanawad(F&V) APMC
Madhya Pradesh,Dhar,Manawar(F&V) APMC
Madhya Pradesh,Ujjain,Ujjain(F&V) APMC
Madhya Pradesh,Tikamgarh,Tikamgarh APMC
Madhya Pradesh,Sagar,Khurai APMC
Madhya Pradesh,Singroli,Singroli APMC
Madhya Pradesh,Chhindwara,Chhindwara APMC
Madhya Pradesh,Satna,Mehar APMC
Madhya Pradesh,Satna,Satna APMC
Madhya Pradesh,Sheopur,Sheopurkalan(F&V) APMC
Madhya Pradesh,Morena,Morena APMC
Madhya Pradesh,Shivpuri,Magroni(F&V) APMC
Madhya Pradesh,Morena,Sabalgarh(F&V) APMC
Madhya Pradesh,Harda,Sirali(F&V) APMC
Madhya Pradesh,Morena,Porsa APMC
Madhya Pradesh,Rewa,Rewa(F&V) APMC
Madhya Pradesh,Guna,Raghogarh APMC
Madhya Pradesh,Rajgarh,Kurawar APMC
Madhya Pradesh,Satna,Maihar(F&V) APMC
Madhya Pradesh,Rajgarh,Machalpur APMC
Madhya Pradesh,Badwani,Badwani(F&V) APMC
Madhya Pradesh,Sagar,Deori APMC
Madhya Pradesh,Bhopal,Bhopal APMC
Madhya Pradesh,Mandsaur,Sitmau APMC
Madhya Pradesh,Mandsaur,Piplya APMC
Madhya Pradesh,Shajapur,Soyatkalan APMC
Madhya Pradesh,Mandsaur,Bhanpura APMC
Madhya Pradesh,Ujjain,Ujjain APMC
Madhya Pradesh,Jhabua,Petlawad APMC
Madhya Pradesh,Mandsaur,Daloda APMC
Madhya Pradesh,Shajapur,Shujalpur APMC
Madhya Pradesh,Shajapur,Shajapur(F&V) APMC
Madhya Pradesh,Shajapur,Kalapipal APMC
Madhya Pradesh,Vidisha,Sironj APMC
Madhya Pradesh,Narsinghpur,Tendukheda APMC
Madhya Pradesh,Sheopur,Sheopurbadod APMC
Madhya Pradesh,Dhar,Dhamnod APMC
Madhya Pradesh,Bhind,Bhind APMC
Madhya Pradesh,Gwalior,Dabra APMC
Madhya Pradesh,Sehore,Rehati APMC
Madhya Pradesh,Burhanpur,Burhanpur APMC
Madhya Pradesh,Dewas,Loharda APMC
Madhya Pradesh,Badwani,Sendhwa APMC
Madhya Pradesh,Hoshangabad,Bankhedi APMC
Madhya Pradesh,Khargone,Badwaha APMC
Madhya Pradesh,Harda,Sirali APMC
Madhya Pradesh,Vidisha,Shamshabad APMC
Madhya Pradesh,Ujjain,Badnagar APMC
Madhya Pradesh,Hoshangabad,Itarsi APMC
Madhya Pradesh,Ujjain,Khachrod APMC
Madhya Pradesh,Mandla,Mandla APMC
Madhya Pradesh,Dindori,Dindori APMC
Madhya Pradesh,Chhindwara,Pandhurna APMC
Madhya Pradesh,Shivpuri,Karera APMC
Madhya Pradesh,Chhindwara,Saunsar APMC
Madhya Pradesh,Sehore,Ashta APMC
Madhya Pradesh,Khargone,Karhi APMC
Madhya Pradesh,Ujjain,Tarana APMC
Madhya Pradesh,Mandla,Krishi Upaj Mandi Samiti Bichhiya
Madhya Pradesh,Rajgarh,Khujner APMC
Madhya Pradesh,Shehdol,Beohari APMC
Madhya Pradesh,Anupur,Anuppur APMC
Madhya Pradesh,Tikamgarh,Niwadi APMC
Madhya Pradesh,Alirajpur,Jobat APMC
Madhya Pradesh,Dhar,Gandhwani APMC
Madhya Pradesh,Badwani,Khetia APMC
Madhya Pradesh,Khandwa,Pandhana APMC
Madhya Pradesh,Dhar,Kukshi APMC
Madhya Pradesh,Chhindwara,Amarwda APMC
Madhya Pradesh,Seoni,Palari APMC
Madhya Pradesh,Badwani,Anjad APMC
Madhya Pradesh,Seoni,Seoni APMC
Madhya Pradesh,Mandsaur,Garoth APMC
Madhya Pradesh,Bhind,Mow APMC
Madhya Pradesh,Chhatarpur,Rajnagar APMC
Madhya Pradesh,Morena,Kailaras APMC
Madhya Pradesh,Bhind,Lahar APMC
Madhya Pradesh,Bhind,Mehgaon APMC
Madhya Pradesh,Rewa,Baikunthpur APMC
Madhya Pradesh,Shivpuri,Barad APMC
Madhya Pradesh,Rewa,Hanumana APMC
Madhya Pradesh,Datia,Datia APMC
Madhya Pradesh,Sidhi,Sidhi APMC
Madhya Pradesh,Sheopur,Vijaypur APMC
Madhya Pradesh,Jhabua,Jhabua APMC
Madhya Pradesh,Khargone,Kasrawad APMC
Madhya Pradesh,Ratlam,A lot APMC
Madhya Pradesh,Shivpuri,Magroni APMC
Madhya Pradesh,Dindori,Gorakhpur APMC
Madhya Pradesh,Dindori,Shahpura APMC
Madhya Pradesh,Balaghat,Lalbarra APMC
Madhya Pradesh,Mandla,Nainpur APMC
Madhya Pradesh,Balaghat,Varaseoni APMC
Madhya Pradesh,Shajapur,Momanbadodiya APMC
Madhya Pradesh,Sehore,Shyampur APMC
Madhya Pradesh,Jhabua,Thandla APMC
Madhya Pradesh,Rajgarh,Chhapiheda APMC
Madhya Pradesh,Indore,Sanwer APMC
Madhya Pradesh,Chhatarpur,Badamalhera APMC
Madhya Pradesh,Khandwa,Mundi APMC
Madhya Pradesh,Damoh,Hata APMC
Madhya Pradesh,Sehore,Jawar APMC
Madhya Pradesh,Ujjain,Mahidpur APMC
Madhya Pradesh,Shajapur,Badod APMC
Madhya Pradesh,Seoni,Chhpara APMC
Madhya Pradesh,Rewa,Chaakghat APMC
Madhya Pradesh,Hoshangabad,Babai APMC
Madhya Pradesh,Sagar,Shahagarh APMC
Madhya Pradesh,Shivpuri,Khaniadhana APMC
Madhya Pradesh,Panna,Devandranagar APMC
Madhya Pradesh,Panna,Simariya APMC
Madhya Pradesh,Ashoknagar,Chanderi APMC
Madhya Pradesh,Rajgarh,Suthalia APMC
Madhya Pradesh,Shehdol,Shahdol APMC
Madhya Pradesh,Tikamgarh,Jatara APMC
Madhya Pradesh,Tikamgarh,Prithvipur APMC
Madhya Pradesh,Sehore,Baktara APMC
Madhya Pradesh,Mandsaur,Suvasra APMC
Madhya Pradesh,Panna,Pawai APMC
Madhya Pradesh,Khargone,Segaon APMC
Madhya Pradesh,Sagar,Kesli APMC
Madhya Pradesh,Chhatarpur,Harpalpur APMC
Madhya Pradesh,Morena,Ambaha APMC
Madhya Pradesh,Satna,Amarpatan APMC
Madhya Pradesh,Gwalior,Bhitarwar APMC
Madhya Pradesh,Tikamgarh,Palera APMC
Madhya Pradesh,Seoni,Ghansour APMC
Madhya Pradesh,Bhind,Alampur APMC
Madhya Pradesh,Betul,Multai APMC
Madhya Pradesh,Ashoknagar,Shadora APMC
Madhya Pradesh,Seoni,Keolari APMC
Madhya Pradesh,Umariya,Umariya APMC
Madhya Pradesh,Seoni,Lakhnadon APMC
Madhya Pradesh,Datia,Sevda APMC
Madhya Pradesh,Shehdol,Budhar APMC
Madhya Pradesh,Sehore,Nasrullaganj APMC
Madhya Pradesh,Seoni,Barghat APMC
Madhya Pradesh,Rajgarh,Biaora APMC
Maharashtra,Ahilyanagar,Ahilyanagar APMC
Maharashtra,Chandrapur,Chandrapur(Ganjwad) APMC
Maharashtra,Nagpur,Nagpur APMC
Maharashtra,Pune,Pune APMC
Maharashtra,Pune,Pune(Moshi) APMC
Maharashtra,Amarawati,Amrawati(Frui & Veg. Market) APMC
Maharashtra,Jalna,Ambad (Vadigodri) APMC
Maharashtra,Nashik,Nandgaon APMC
Maharashtra,Beed,Kille Dharur APMC
Maharashtra,Jalna,Jalana APMC
Maharashtra,Parbhani,Pathari APMC
Maharashtra,Nashik,Malegaon APMC
Maharashtra,Nandurbar,Shahada APMC
Maharashtra,Beed,Majalgaon APMC
Maharashtra,Beed,Beed APMC
Maharashtra,Mumbai,Mumbai APMC
Maharashtra,Nashik,Satana APMC
Maharashtra,Amarawati,Amarawati APMC
Maharashtra,Dhule,Dondaicha APMC
Maharashtra,Buldhana,Malkapur APMC
Maharashtra,Jalgaon,APMC CHOPADA
Maharashtra,Chattrapati Sambhajinagar,Chattrapati Sambhajinagar APMC
Maharashtra,Jalgaon,Amalner APMC
Maharashtra,Jalgaon,Chalisgaon APMC
Maharashtra,Jalgaon,APMC PACHORA
Maharashtra,Jalgaon,APMC Yawal
Maharashtra,Nashik,Nasik APMC
Maharashtra,Pune,Junnar(Narayangaon) APMC
Maharashtra,Solapur,Akluj APMC
Maharashtra,Satara,Karad APMC
Maharashtra,Pune,Pune(Khadiki) APMC
Maharashtra,Nagpur,HINGNA - APMC
Maharashtra,Nanded,Dharmabad APMC
Maharashtra,Yavatmal,"Mahesh Krushi Utpanna Bazar, Digras, Dist Yeotmal"
Maharashtra,Washim,Mangrulpeer APMC
Maharashtra,Yavatmal,Babhulgaon APMC
Maharashtra,Wardha,Arvi APMC
Maharashtra,Yavatmal,Yavatmal APMC
Maharashtra,Pune,Baramati APMC
Maharashtra,Akola,Akola APMC
Maharashtra,Washim,Manora APMC
Maharashtra,Amarawati,Chandur Railway APMC
Maharashtra,Amarawati,Nandgaon Khandeshwar APMC
Maharashtra,Dhule,Dondaicha (Sindhkheda) APMC
Maharashtra,Solapur,Barshi APMC
Maharashtra,Solapur,Barshi(Vairag) APMC
Maharashtra,Solapur,Kurdwadi(Modnimb) APMC
Maharashtra,Solapur,Mangal Wedha APMC
Maharashtra,Latur,Ahmedpur APMC
Maharashtra,Latur,Aurad Shahajani APMC
Maharashtra,Washim,Washim(Ansing) APMC
Maharashtra,Yavatmal,Digras APMC
Maharashtra,Wardha,Hinganghat APMC
Maharashtra,Nagpur,Savner APMC
Maharashtra,Parbhani,Palam APMC
Maharashtra,Buldhana,Mehekar APMC
Maharashtra,Wardha,Wardha APMC
Maharashtra,Washim,Karanja APMC
Maharashtra,Yavatmal,"Shekari Krushi Khajgi Bazar, Arni, Dist Yavatmal"
Maharashtra,Nashik,Sinner APMC
Maharashtra,Ahilyanagar,Jamkhed APMC
Maharashtra,Dharashiv,Murum APMC
Maharashtra,Parbhani,Tadkalas APMC
Maharashtra,Amarawati,Chandur Bazar APMC
Maharashtra,Nagpur,Kalmeshwar APMC
Maharashtra,Nagpur,Agriculture Produce Market Committee Katol
Maharashtra,Latur,Ausa APMC
Maharashtra,Akola,Akot APMC
Maharashtra,Amarawati,Daryapur APMC
Maharashtra,Palghar,Murbad APMC
Maharashtra,Satara,Patan APMC
Maharashtra,Nashik,AGRICULTURE PRODUCE MARKET COMITEE CHANDWAD
Maharashtra,Satara,Vai APMC
Maharashtra,Pune,Pune(Pimpri) APMC
Maharashtra,Ahilyanagar,Shrirampur APMC
Maharashtra,Satara,Satara APMC
Maharashtra,Nagpur,Kamthi APMC
Maharashtra,Ratnagiri,Ratnagiri (Nachane) APMC
Maharashtra,Raigad,Pen APMC
Maharashtra,Solapur,SHRI.SIDDHESHWAR  APMC
Maharashtra,Pune,Pune(Manjri) APMC
Maharashtra,Sangli,Vita APMC
Maharashtra,Pune,Khed APMC
Maharashtra,Nashik,Lasalgaon(Niphad) APMC
Maharashtra,Solapur,Karmala APMC
Maharashtra,Solapur,Dudhani APMC
Maharashtra,Satara,Vaduj APMC
Maharashtra,Kolhapur,Kolhapur APMC
Maharashtra,Nashik,Ghoti APMC
Maharashtra,Sangli,Tasgaon APMC
Maharashtra,Sangli,"Sangli(Phale, Bhajipala Market) APMC"
Maharashtra,Pune,Junnar(Bhlhe) APMC
Maharashtra,Bhandara,Bhandara APMC
Maharashtra,Yavatmal,Vani APMC
Maharashtra,Dharashiv,Umarga APMC
Maharashtra,Kolhapur,Kolhapur(Laxmipuri) APMC
Maharashtra,Wardha,Sindi(Selu) APMC
Maharashtra,Mumbai,Mumbai- Fruit Market APMC
Maharashtra,Ahilyanagar,Rahata APMC
Maharashtra,Sangli,Sangli APMC
Maharashtra,Ahilyanagar,Shevgaon APMC
Maharashtra,Buldhana,Nandura APMC
Maharashtra,Buldhana,Deoulgaon Raja APMC
Maharashtra,Nanded,Loha APMC
Maharashtra,Nanded,Bhokar APMC
Maharashtra,Washim,Washim APMC
Maharashtra,Nandurbar,Dhadgaon APMC
Maharashtra,Dharashiv,Tuljapur APMC
Maharashtra,Dhule,Dhule APMC
Maharashtra,Amarawati,Morshi APMC
Maharashtra,Chattrapati Sambhajinagar,Agricultural Produce Market Committee Sillod
Maharashtra,Nashik,Lasalgaon APMC
Maharashtra,Ahilyanagar,Shevgaon(Bodhegaon) APMC
Maharashtra,Chattrapati Sambhajinagar,Gangapur APMC
Maharashtra,Sangli,Sangli(Miraj) APMC
Maharashtra,Solapur,Mohol APMC
Maharashtra,Dharashiv,Paranda APMC
Maharashtra,Buldhana,Buldhana(Dhad) APMC
Maharashtra,Mumbai,Mumbai-Onion & Potato Market APMC
Maharashtra,Nashik,Yeola APMC
Maharashtra,Nashik,Pimpalgaon Baswant APMC
Maharashtra,Nashik,Umrane APMC
Maharashtra,Ahilyanagar,"Shree Sairaj Krushi Market, Dist Ahilyanagar"
Maharashtra,Solapur,"Laxmi-Sopan Agriculture Produce Marketing Co Ltd, Barshi, Dist Solapur"
Maharashtra,Dhule,Sakri APMC
Maharashtra,Nashik,Dindori(Vani) APMC
Maharashtra,Nashik,Nampur APMC
Maharashtra,Nashik,Pimpalgaon Baswant(Saykheda) APMC
Maharashtra,Nashik,Lasalgaon(Vinchur) APMC
Maharashtra,Nashik,Dindori APMC
Maharashtra,Nashik,Kalvan APMC
Maharashtra,Nashik,Devala APMC
Maharashtra,Nashik,Manmad APMC
Maharashtra,Nashik,"Shivsiddha Govind Producer Company Ltd Sanchalit Khajgi Krush Utpann Bajar, Samati-Nashik"
Maharashtra,Chandrapur,Brahmpuri APMC
Maharashtra,Gadchiroli,Armori(Desaiganj) APMC
Maharashtra,Gadchiroli,Gadchiroli APMC
Maharashtra,Raigad,Roha APMC
Maharashtra,Gondiya,Tiroda APMC
Maharashtra,Chandrapur,Gondpimpri APMC
Maharashtra,Chandrapur,Savali APMC
Maharashtra,Gadchiroli,Chamorshi APMC
Maharashtra,Chandrapur,Chimur APMC
Maharashtra,Chandrapur,Mul APMC
Maharashtra,Chandrapur,Sindevahi APMC
Maharashtra,Chandrapur,APMC Pombhurna
Maharashtra,Gadchiroli,Armori APMC
Maharashtra,Gondiya,Gondiya APMC
Maharashtra,Chandrapur,Nagbhid APMC
Maharashtra,Nandurbar,Navapur APMC
Maharashtra,Solapur,Sangola APMC
Maharashtra,Nashik,"Perfect Krishi Market Yard Pvt Ltd, Dist Nashik"
Maharashtra,Ahilyanagar,Sangamner APMC
Maharashtra,Pune,Junnar(Alephata) APMC
Maharashtra,Solapur,"Perfect Krushi Market Yard, Tal Madha, Dist Solapur"
Maharashtra,Wardha,Ashti(Karanja) APMC
Maharashtra,Parbhani,Jintur APMC
Maharashtra,Chandrapur,Chandrapur APMC
Maharashtra,Wardha,Samudrapur APMC
Maharashtra,Akola,Murtizapur APMC
Maharashtra,Hingoli,Sengoan APMC
Maharashtra,Yavatmal,Kalamb APMC
Maharashtra,Raigad,Alibagh APMC
Maharashtra,Raigad,Karjat(Raigad) APMC
Maharashtra,Raigad,Murud APMC
Maharashtra,Hingoli,Hingoli APMC
Maharashtra,Latur,Latur APMC
Maharashtra,Latur,Latur(Murud) APMC
Maharashtra,Hingoli,Hingoli(Kanegoan Naka) APMC
Maharashtra,Ahilyanagar,Rahuri APMC
Maharashtra,Solapur,Pandharpur APMC
Maharashtra,Hingoli,"Gajanan Krushi Utpanna Bazar (India) Pvt Ltd, Basmat, Dist Hingoli"
Maharashtra,Washim,Risod APMC
Maharashtra,Yavatmal,Umarked(Danki) APMC
Maharashtra,Yavatmal,Umarkhed APMC
Maharashtra,Beed,Kada APMC
Manipur,Imphal East,Lamlong Bazaar APMC
Manipur,Kakching,Kakching Market APMC
Manipur,Imphal West,Imphal APMC
Meghalaya,East Khasi Hills,Shillong APMC
Meghalaya,West Khasi Hills,Nongstoin APMC
Meghalaya,West Jaintia Hills,Jowai APMC
NCT of Delhi,Delhi,APMC Azadpur
NCT of Delhi,Delhi,"Flower Market,Gazipur APMC"
NCT of Delhi,Delhi,"Fish,Poultry & Egg Market, Gazipur APMC"
Nagaland,Zunheboto,Ghathashi APMC
Nagaland,Tsemenyu,Tsemenyu APMC
Nagaland,Dimapur,Dimapur APMC
Nagaland,Kohima,Kohima APMC
Nagaland,Wokha,Baghty APMC
Nagaland,Phek,Phek APMC
Nagaland,Wokha,Wokha Town APMC
Odisha,Sundergarh,Bonai APMC
Odisha,Dhenkanal,Hindol APMC
Odisha,Cuttack,Kendupatna(Niali) APMC
Odisha,Puri,Dumal APMC
Odisha,Mayurbhanja,Saraskana APMC
Odisha,Balasore,Balasore APMC
Odisha,Keonjhar,Keonjhar APMC
Odisha,Bolangir,Bolangir APMC
Odisha,Deogarh,Deogarh APMC
Odisha,Bolangir,Kantabaji APMC
Odisha,Bargarh,Attabira APMC
Odisha,Kendrapara,Gopa APMC
Odisha,Sundergarh,Sargipali APMC
Odisha,Sundergarh,Panposh APMC
Odisha,Sonepur,Pandkital APMC
Odisha,Bolangir,Tusura APMC
Odisha,Bargarh,Bargarh(Barapalli) APMC
Odisha,Kalahandi,Kesinga APMC
Odisha,Kalahandi,Junagarh APMC
Odisha,Bargarh,Bargarh APMC
Odisha,Cuttack,Banki APMC
Odisha,Angul,Talcher APMC
Odisha,Bargarh,Godbhaga APMC
Odisha,Boudh,Boudh APMC
Odisha,Mayurbhanja,Karanjia APMC
Odisha,Sonepur,Dungurapalli APMC
Odisha,Mayurbhanja,Udala APMC
Odisha,Kendrapara,Kendrapara APMC
Odisha,Dhenkanal,Dhenkanal APMC
Odisha,Sambalpur,Rairakhol APMC
Odisha,Mayurbhanja,Baripada APMC
Odisha,Kalahandi,Mukhiguda APMC
Odisha,Kalahandi,Kalahandi(Dharamagarh) APMC
Odisha,Boudh,Khunthabandha APMC
Odisha,Nuapada,Khariar APMC
Odisha,Nayagarh,Sarankul APMC
Odisha,Nuapada,Khariar Road APMC
Odisha,Ganjam,Digapahandi APMC
Odisha,Khurda,Damana Hat APMC
Odisha,Mayurbhanja,Betnoti APMC
Odisha,Keonjhar,Champua(Jhumpura) APMC
Odisha,Keonjhar,Champua APMC
Odisha,Balasore,Barikpur APMC
Odisha,Koraput,Koraput APMC
Odisha,Jagatsinghpur,Rahama APMC
Odisha,Sonepur,Birmaharajpur APMC
Odisha,Kendrapara,Pattamundai APMC
Odisha,Rayagada,Gunpur APMC
Odisha,Nayagarh,Bahadajholla APMC
Odisha,Koraput,Koraput(Semilguda) APMC
Odisha,Rayagada,Rayagada(Muniguda) APMC
Odisha,Puri,Nimapara APMC
Odisha,Kendrapara,Kendrapara(Marshaghai) APMC
Odisha,Bargarh,Padampur APMC
Odisha,Bargarh,Sohela APMC
Odisha,Gajapati,Kasinagar APMC
Odisha,Kendrapara,Chatta Krushak Bazar APMC
Odisha,Rayagada,Rayagada APMC
Odisha,Jagatsinghpur,Jagatsinghpur APMC
Odisha,Gajapati,Parlakhemundi APMC
Odisha,Puri,Sakhigopal APMC
Odisha,Balasore,Nilagiri APMC
Odisha,Jharsuguda,Jharsuguda APMC
Odisha,Bhadrak,Bhadrak APMC
Odisha,Cuttack,Kendupatna APMC
Odisha,Bhadrak,Sahidngar APMC
Odisha,Keonjhar,Anandapur APMC
Pondicherry,Karaikal,Karaikal APMC
Pondicherry,Pondicherry,Madagadipet APMC
Punjab,Fazilka,Fazilka APMC
Punjab,Ludhiana,Khanna APMC
Punjab,Ropar (Rupnagar),Ropar APMC
Punjab,Hoshiarpur,Garh Shankar APMC
Punjab,Nawanshahr,Nawan Shahar(Subzi Mandi) APMC
Punjab,Patiala,Patiala APMC
Punjab,Ludhiana,Ludhiana APMC
Punjab,Patiala,Nabha APMC
Punjab,Ropar (Rupnagar),Chamkaur Sahib APMC
Punjab,Hoshiarpur,Tanda Urmur APMC
Punjab,Fatehgarh,Bassi Pathana APMC
Punjab,Bhatinda,Bathinda APMC
Punjab,Jalandhar,Jalandhar City(Jalandhar) APMC
Punjab,Hoshiarpur,Mukerian APMC
Punjab,Patiala,Samana APMC
Punjab,Hoshiarpur,Garh Shankar(Mahalpur) APMC
Punjab,Gurdaspur,Dera Baba Nanak APMC
Punjab,Hoshiarpur,GarhShankar (Kotfatuhi) APMC
Punjab,Mohali,Banur APMC
Punjab,Bhatinda,Maur APMC
Punjab,Sangrur,Dhuri APMC
Punjab,Moga,Baghapurana APMC
Punjab,Sangrur,Ahmedgarh APMC
Punjab,Ferozpur,Zira APMC
Punjab,Tarntaran,Patti APMC
Punjab,Tarntaran,Harike APMC
Punjab,Jalandhar,Phillaur(Apra Mandi) APMC
Punjab,Mohali,Lalru APMC
Punjab,Kapurthala,Bhulath APMC
Punjab,Jalandhar,Bhogpur APMC
Punjab,Gurdaspur,Quadian APMC
Punjab,Gurdaspur,Kalanaur APMC
Punjab,Ludhiana,Doraha APMC
Punjab,Amritsar,Rayya APMC
Punjab,Gurdaspur,F.G.Churian APMC
Punjab,Kapurthala,Bhulath (Nadala) APMC
Punjab,Amritsar,Majitha APMC
Punjab,Ludhiana,Sahnewal APMC
Punjab,Jalandhar,Adampur APMC
Punjab,Jalandhar,Noor Mehal APMC
Punjab,Tarntaran,Tarantaran APMC
Punjab,Tarntaran,Naushera Pannuan APMC
Punjab,Amritsar,Chogawan APMC
Punjab,Moga,Dharamkot APMC
Punjab,Kapurthala,Sultanpur APMC
Punjab,Jalandhar,Phillaur APMC
Punjab,Bhatinda,Bhagta Bhai Ka APMC
Punjab,Gurdaspur,Sri Har Gobindpur APMC
Punjab,Ludhiana,Sidhwan Bet (Lodhiwala) APMC
Punjab,Jalandhar,Jalandhar City(Kartar Pur Dana mandi) APMC
Punjab,Nawanshahr,Nawanshahar APMC
Punjab,Ludhiana,Mullanpur Dakha (Sawadi) APMC
Punjab,Ludhiana,Mullanpur APMC
Punjab,Ludhiana,Sidhwan Bet APMC
Punjab,Fatehgarh,Amloh APMC
Punjab,Hoshiarpur,Garhshankar(Saila Khurd) APMC
Punjab,Jalandhar,Jalandhar City APMC
Punjab,Kapurthala,Sultanpur Lodhi (Tibba) APMC
Punjab,Gurdaspur,Sri Har Gobindpur(Harechowal) APMC
Rajasthan,Pratapgarh,Pratapgarh APMC
Rajasthan,Ganganagar,Sriganganagar (F&V) APMC
Rajasthan,Jodhpur,Jodhpur (F&V) APMC
Rajasthan,Udaipur,Udaipur (F&V) APMC
Rajasthan,Jaipur,Jaipur (F&V) APMC
Rajasthan,Jalore,Raniwara APMC
Rajasthan,Sikar,Palsana APMC
Rajasthan,Churu,Sadulpur APMC
Rajasthan,Jaipur,Bassi APMC
Rajasthan,Dausa,Mandawari APMC
Rajasthan,Tonk,Dooni APMC
Rajasthan,Jalore,Jalore APMC
Rajasthan,Ganganagar,Padampur APMC
Rajasthan,Tonk,Malpura APMC
Rajasthan,Chittorgarh,Nimbahera APMC
Rajasthan,Ganganagar,Gajsinghpur APMC
Rajasthan,Bundi,Dei APMC
Rajasthan,Jhalawar,Khanpur APMC
Rajasthan,Bundi,Bundi APMC
Rajasthan,Jhalawar,Jhalarapatan APMC
Rajasthan,Baran,Baran APMC
Rajasthan,Ganganagar,Rawla APMC
Rajasthan,Jhalawar,Iklera APMC
Rajasthan,Baran,Samraniyan APMC
Rajasthan,Kota,Ramganjmandi APMC
Rajasthan,Udaipur,Fatehnagar APMC
Rajasthan,Jaipur,Chomu FV APMC
Rajasthan,Dungarpur,Dungarpur APMC
Rajasthan,Sikar,Sikar APMC
Rajasthan,Beawar,Jaitaran APMC
Rajasthan,Jodhpur,Jodhpur (Grain) APMC
Rajasthan,Barmer,Dhorimanna APMC
Rajasthan,Pratapgarh,Chhotisadri APMC
Rajasthan,Hanumangarh,Bhadara APMC
Rajasthan,Ganganagar,Gharsana APMC
Rajasthan,Ganganagar,Suratgarh APMC
Rajasthan,Nagaur,Jayal APMC
Rajasthan,Nagaur,Degana APMC
Rajasthan,Jaipur,Jaipur (Grain) APMC
Rajasthan,Beawar,Beawar APMC
Rajasthan,Pali,Sojat City APMC
Rajasthan,Alwar,Kherli APMC
Rajasthan,Deeg,Nagar APMC
Rajasthan,Khairthal Tijara,Tijara APMC
Rajasthan,Chittorgarh,Begu APMC
Rajasthan,Deeg,Kama APMC
Rajasthan,Jhunjhunu,Surajgarh APMC
Rajasthan,Hanumangarh,Sangriya APMC
Rajasthan,Rajsamand,Rajsamand APMC
Rajasthan,Hanumangarh,Rawatsar APMC
Rajasthan,Churu,Churu APMC
Rajasthan,Jhunjhunu,Nawalgarh APMC
Rajasthan,Bharatpur,Bayana APMC
Rajasthan,Jalore,Sanchore APMC
Rajasthan,Jhalawar,Choumahla APMC
Rajasthan,Baran,Anta APMC
Rajasthan,Pali,Pali APMC
Rajasthan,Jalore,Bhinmal APMC
Rajasthan,Kota,Khatauli APMC
Rajasthan,Bikaner,Sridungargarh APMC
Rajasthan,Chittorgarh,Kapasan APMC
Rajasthan,Kota,Itawa APMC
Tamil Nadu,Kallakuruchi,Kallakurichi(Uzhavar Sandhai )
Tamil Nadu,Madurai,Anaiyur(Uzhavar Sandhai )
Tamil Nadu,Coimbatore,Mettupalayam(Uzhavar Sandhai )
Tamil Nadu,Tuticorin,Tuticorin(Uzhavar Sandhai )
Tamil Nadu,Thiruvannamalai,Tamarainagar(Uzhavar Sandhai )
Tamil Nadu,Krishnagiri,Hosur(Uzhavar Sandhai )
Tamil Nadu,Salem,Thammampatti (Uzhavar Sandhai )
Tamil Nadu,Coimbatore,Vadavalli(Uzhavar Sandhai )
Tamil Nadu,Salem,Thathakapatti(Uzhavar Sandhai )
Tamil Nadu,Madurai,Melur(Uzhavar Sandhai )
Tamil Nadu,Thiruchirappalli,Lalgudi(Uzhavar Sandhai )
Tamil Nadu,Cuddalore,Cuddalore(Uzhavar Sandhai )
Tamil Nadu,Madurai,Chokkikulam(Uzhavar Sandhai )
Tamil Nadu,Salem,Edapadi (Uzhavar Sandhai )
Tamil Nadu,Namakkal,Kumarapalayam(Uzhavar Sandhai )
Tamil Nadu,Salem,Hasthampatti(Uzhavar Sandhai )
Tamil Nadu,Thiruchirappalli,Musiri(Uzhavar Sandhai )
Tamil Nadu,Coimbatore,Singanallur(Uzhavar Sandhai )
Tamil Nadu,Vellore,Vellore APMC
Tamil Nadu,Salem,Athur(Uzhavar Sandhai )
Tamil Nadu,Dharmapuri,Palacode(Uzhavar Sandhai )
Tamil Nadu,Dharmapuri,AJattihalli(Uzhavar Sandhai )
Tamil Nadu,Coimbatore,Pollachi(Uzhavar Sandhai )
Tamil Nadu,Thiruchirappalli,KKNagar(Uzhavar Sandhai )
Tamil Nadu,Thirunelveli,Palayamkottai(Uzhavar Sandhai )
Tamil Nadu,Namakkal,Tiruchengode APMC
Tamil Nadu,Salem,Ammapet(Uzhavar Sandhai )
Tamil Nadu,Villupuram,Ulundurpettai APMC
Tamil Nadu,Thanjavur,Kumbakonam (Uzhavar Sandhai )
Tamil Nadu,The Nilgiris,Udhagamandalam(Uzhavar Sandhai )
Tamil Nadu,Coimbatore,Sulur(Uzhavar Sandhai )
Tamil Nadu,Coimbatore,Sundarapuram(Uzhavar Sandhai )
Tamil Nadu,Madurai,Palanganatham(Uzhavar Sandhai )
Tamil Nadu,Dharmapuri,Dharmapuri(Uzhavar Sandhai )
Tamil Nadu,Kallakuruchi,Sankarapuram(Uzhavar Sandhai )
Tamil Nadu,Salem,Sooramangalam(Uzhavar Sandhai )
Tamil Nadu,Krishnagiri,Krishnagiri(Uzhavar Sandhai )
Tamil Nadu,Coimbatore,RSPuram(Uzhavar Sandhai )
Tamil Nadu,Nagercoil (Kannyiakumari),Vadaseri APMC
Tamil Nadu,Dharmapuri,Karimangalam(Uzhavar Sandhai)
Tamil Nadu,Salem,Jalagandapuram(Uzhavar Sandhai )
Tamil Nadu,Kancheepuram,Kancheepuram(Uzhavar Sandhai )
Tamil Nadu,Madurai,Thirumangalam(Uzhavar Sandhai )
Tamil Nadu,Thanjavur,Thanjavur(Uzhavar Sandhai )
Tamil Nadu,Kancheepuram,Kundrathur(Uzhavar Sandhai )
Tamil Nadu,Thiruvarur,Mannargudi I(Uzhavar Sandhai )
Tamil Nadu,Madurai,Anna nagar(Uzhavar Sandhai )
Tamil Nadu,Vellore,Kahithapattarai(Uzhavar Sandhai )
Tamil Nadu,Perambalur,Perambalur(Uzhavar Sandhai )
Tamil Nadu,Theni,Theni(Uzhavar Sandhai )
Tamil Nadu,Pudukkottai,Pudukottai(Uzhavar Sandhai )
Tamil Nadu,Thiruvarur,Needamangalam(Uzhavar Sandhai )
Tamil Nadu,Krishnagiri,Denkanikottai(Uzhavar Sandhai )
Tamil Nadu,Theni,Bodinayakanur(Uzhavar Sandhai )
Tamil Nadu,Thiruvarur,Mannargudi II(Uzhavar Sandhai )
Tamil Nadu,Thirupur,Palladam(Uzhavar Sandhai )
Tamil Nadu,Nagercoil (Kannyiakumari),Myladi(Uzhavar Sandhai )
Tamil Nadu,Thiruvarur,Tiruvarur(Uzhavar Sandhai )
Tamil Nadu,Ranipet,Ranipettai(Uzhavar Sandhai )
Tamil Nadu,Sivaganga,Tirupatthur(Uzhavar Sandhai )
Tamil Nadu,The Nilgiris,Coonoor(Uzhavar Sandhai )
Tamil Nadu,Nagapattinam,Vedaranyam(Uzhavar Sandhai)
Tamil Nadu,Thirunelveli,NGO Colony(Uzhavar Sandhai )
Tamil Nadu,Chengalpattu,Madhuranthagam(Uzhavar Sandhai )
Tamil Nadu,Krishnagiri,Avallapalli(Uzhavar Sandhai )
Tamil Nadu,Erode,Thalavadi(Uzhavar Sandhai )
Tamil Nadu,Ranipet,Arcot(Uzhavar Sandhai )
Tamil Nadu,Coimbatore,Kurichi(Uzhavar Sandhai )
Tamil Nadu,Thiruvannamalai,Cheyyar(Uzhavar Sandhai )
Tamil Nadu,Thanjavur,Peravurani(Uzhavar Sandhai)
Tamil Nadu,Thirupur,Tiruppur (South) (Uzhavar Sandhai )
Tamil Nadu,Salem,Attayampatti(Uzhavar Sandhai )
Tamil Nadu,Salem,Elampillai(Uzhavar Sandhai )
Tamil Nadu,Virudhunagar,Rajapalayam(Uzhavar Sandhai )
Tamil Nadu,Thanjavur,Pattukottai(Uzhavar Sandhai )
Tamil Nadu,Virudhunagar,Thalavaipuram(Uzhavar Sandhai )
Tamil Nadu,Cuddalore,Panruti(Uzhavar Sandhai )
Tamil Nadu,Nagapattinam,Nagapattinam(Uzhavar Sandhai )
Tamil Nadu,Erode,Perundurai(Uzhavar Sandhai )
Tamil Nadu,Kancheepuram,Padappai(Uzhavar Sandhai )
Tamil Nadu,Virudhunagar,Sathur(Uzhavar Sandhai )
Tamil Nadu,Thirunelveli,Kandiyaperi(Uzhavar Sandhai )
Tamil Nadu,Sivaganga,Devakottai (Uzhavar Sandhai )
Tamil Nadu,Namakkal,Mohanur(Uzhavar Sandhai )
Tamil Nadu,Thiruvarur,Valangaiman APMC
Tamil Nadu,Pudukkottai,Gandarvakottai(Uzhavar Sandhai )
Tamil Nadu,Karur,Velayuthampalayam(Uzhavar Sandhai )
Tamil Nadu,Thiruvellore,Tiruvallur(Uzhavar Sandhai )
Tamil Nadu,Madurai,Usilampatti(Uzhavar Sandhai )
Tamil Nadu,Thiruchirappalli,Manachanallur(Uzhavar Sandhai )
Tamil Nadu,Tuticorin,Kovilpatti(Uzhavar Sandhai )
Tamil Nadu,Thiruchirappalli,Manapparai(Uzhavar Sandhai )
Tamil Nadu,Sivaganga,Karaikudi(Uzhavar Sandhai )
Tamil Nadu,Karur,Kulithalai(Uzhavar Sandhai )
Tamil Nadu,Ramanathapuram,Paramakudi(Uzhavar Sandhai )
Tamil Nadu,Karur,Gandhigramam(Uzhavar Sandhai)
Tamil Nadu,Villupuram,Gingee(Uzhavar Sandhai )
Tamil Nadu,Erode,Gobichettipalayam(Uzhavar Sandhai )
Tamil Nadu,Thiruchirappalli,Thiruverumbur(Uzhavar Sandhai )
Tamil Nadu,Thiruvarur,Tiruthuraipoondi(Uzhavar Sandhai )
Tamil Nadu,Villupuram,Villupuram APMC
Tamil Nadu,Salem,Mecheri(Uzhavar Sandhai)
Tamil Nadu,Dharmapuri,Pennagaram(Uzhavar Sandhai )
Tamil Nadu,Nagapattinam,Sirkali(Uzhavar Sandhai )
Tamil Nadu,Salem,Vazhapadi(Uzhavar Sandhai)
Tamil Nadu,Dindigul,Chinnalapatti(Uzhavar Sandhai )
Tamil Nadu,Sivaganga,Sivagangai (Uzhavar Sandhai )
Tamil Nadu,Namakkal,Namakkal(Uzhavar Sandhai )
Tamil Nadu,Chengalpattu,Chengalpet(Uzhavar Sandhai )
Tamil Nadu,Theni,Andipatti(Uzhavar Sandhai )
Tamil Nadu,Thiruvellore,Tiruthani(Uzhavar Sandhai )
Tamil Nadu,Dindigul,Vedasanthur(Uzhavar Sandhai )
Tamil Nadu,Thiruvellore,Naravarikuppam(Uzhavar Sandhai )
Tamil Nadu,Thiruvellore,Paruthipattu(Uzhavar Sandhai )
Tamil Nadu,Ramanathapuram,Kamuthi(Uzhavar Sandhai )
Tamil Nadu,Thirunelveli,Melapalayam(Uzhavar Sandhai )
Tamil Nadu,Thiruchirappalli,Thathaiyangarpettai APMC
Tamil Nadu,Ramanathapuram,Kamuthi APMC
Tamil Nadu,Villupuram,Kallakurichi APMC
Tamil Nadu,Tuticorin,Pudur APMC
Tamil Nadu,Erode,Alangeyam APMC
Tamil Nadu,Thirunelveli,Sankarankovil APMC
Tamil Nadu,Virudhunagar,Rajapalayam APMC
Tamil Nadu,Villupuram,Sangarapuram APMC
Tamil Nadu,Villupuram,Manalurpet APMC
Tamil Nadu,Ariyalur,Andimadom APMC
Tamil Nadu,Villupuram,Avalurpet APMC
Tamil Nadu,Villupuram,Thiryagadurgam APMC
Tamil Nadu,Tenkasi,Pavoorchatram APMC
Tamil Nadu,Thiruvannamalai,Arani APMC
Tamil Nadu,Kancheepuram,Uthiramerur APMC
Tamil Nadu,Thanjavur,Budalur APMC
Tamil Nadu,Ramanathapuram,Ramanathapuram APMC
Tamil Nadu,Ramanathapuram,Paramakudi APMC
Tamil Nadu,Tenkasi,Alangulam APMC
Tamil Nadu,Vellore,Ammoor APMC
Tamil Nadu,Thiruvannamalai,Vandavasi APMC
Tamil Nadu,Thiruvannamalai,Polur(Thiruvannamalai) APMC
Tamil Nadu,Thiruvannamalai,Chetpet APMC
Tamil Nadu,Vellore,Gudiyatham APMC
Tamil Nadu,Vellore,Vaniyambadi APMC
Tamil Nadu,Tuticorin,Thoothukudi APMC
Tamil Nadu,Thiruvannamalai,Cheyyar APMC
Tamil Nadu,Villupuram,Vikkiravandi APMC
Telangana,Hyderabad,Gaddiannaram APMC
Telangana,Nizamabad,Nizamabad APMC
Telangana,Warangal,Warangal APMC
Telangana,Hyderabad,Gudimalkapur APMC
Telangana,Hyderabad,Bowenpally APMC
Telangana,Hyderabad,L B Nagar APMC
Telangana,Medak,Siddipet(Rythu Bazar) 
Telangana,Mahbubnagar,Shadnagar APMC
Telangana,Ranga Reddy,"Kukatpally,RBZ "
Telangana,Medak,Zaheerabad APMC
Telangana,Nalgonda,Miryalguda(Rythu Bazar) 
Telangana,Mahbubnagar,Kalwakurthy APMC
Telangana,Adilabad,Adilabad (Rythu Bazar) 
Telangana,Mahbubnagar,Mahabubnagar(Rythu Bazar)
Telangana,Medak,Vantamamidi APMC
Telangana,Hanumakonda,"Excise Colony,RBZ "
Telangana,Hyderabad,Mahboob Manison APMC
Telangana,Medak,Sangareddy APMC
Telangana,Adilabad,Adilabad APMC
Telangana,Warangal,Kesamudram APMC
Telangana,Ranga Reddy,Ibrahimpatnam APMC
Telangana,Mahbubnagar,Mahbubnagar APMC
Telangana,Adilabad,Bhainsa APMC
Telangana,Nalgonda,Nakrekal APMC
Telangana,Karimnagar,Husnabad APMC
Telangana,Adilabad,Asifabad APMC
Telangana,Mahbubnagar,Badepally APMC
Telangana,Karimnagar,Choppadandi APMC
Telangana,Siddipet,Bejjenki APMC
Telangana,Mahbubnagar,Nagarkurnool APMC
Telangana,Medak,Sadasivpet APMC
Telangana,Nalgonda,Neredcherla APMC
Telangana,Mahbubnagar,Alampur APMC
Telangana,Bhadradri Kothagudem,Bhadrachalam APMC
Telangana,Nalgonda,Tirumalagiri APMC
Telangana,Hanumakonda,Kamalapur APMC
Telangana,Nalgonda,Huzurnagar APMC
Telangana,Karimnagar,V.Saidapur APMC
Telangana,Karimnagar,Huzzurabad APMC
Telangana,Karimnagar,Gangadhara APMC
Telangana,Bhadradri Kothagudem,Dammapet APMC
Telangana,Mancherial,Bellampally APMC
Telangana,Khammam,Sattupally APMC
Telangana,Ranga Reddy,Chevella APMC
Telangana,Khammam,"Pavilion Ground,Khammam,RBZ"
Telangana,Khammam,"Sattupalli (Ramalayam),RBZ"
Telangana,Adilabad,Boath APMC
Telangana,Bhadradri Kothagudem,Burgampadu APMC
Tripura,North Tripura,Kanchanpur
Tripura,Dhalai,Kulai APMC
Tripura,South Tripura,Manubazar
Tripura,Sepahijala,Melaghar APMC
Tripura,Khowai,Teliamura APMC
Tripura,Sepahijala,Sonamura APMC
Tripura,Khowai,Kalyanpur APMC
Tripura,West District,Champaknagar APMC
Tripura,Dhalai,Gondatwisa APMC
Tripura,Dhalai,Masli
Tripura,Unokoti,Machmara
Tripura,South Tripura,Kalsi APMC
Tripura,West District,Mohanpur APMC
Tripura,Unokoti,Pabiacherra APMC
Tripura,West District,Kamalghat
Tripura,Sepahijala,Boxonagar
Tripura,South Tripura,Barpathari APMC
Tripura,Dhalai,Halahali
Tripura,Unokoti,Panichowki
Tripura,Dhalai,Chowmanu APMC
Tripura,Gomati,Garjee APMC
Tripura,South Tripura,Santir Bazar APMC
Tripura,South Tripura,Biokhora
Tripura,Khowai,Bachaibari APMC
Tripura,Sepahijala,Jampuijala APMC
Tripura,Sepahijala,Bishramganj
Tripura,Sepahijala,Bishalgarh APMC
Uttar Pradesh,Sambhal,Sambhal APMC
Uttar Pradesh,Balrampur,Tulsipur APMC
Uttar Pradesh,Badaun,Shahaswan APMC
Uttar Pradesh,Lucknow,Lucknow APMC
Uttar Pradesh,Shamli,Khandhla APMC
Uttar Pradesh,Firozabad,Tundla APMC
Uttar Pradesh,Mathura,Mathura APMC
Uttar Pradesh,Hathras,Haathras APMC
Uttar Pradesh,Aligarh,Khair APMC
Uttar Pradesh,Hathras,Shadabad APMC
Uttar Pradesh,Badaun,Islam Nagar APMC
Uttar Pradesh,Etah,Awagarh APMC
Uttar Pradesh,Shahjahanpur,Powayan APMC
Uttar Pradesh,Etawah,Jasvantnagar APMC
Uttar Pradesh,Bulandshahar,Divai APMC
Uttar Pradesh,Firozabad,Shikohabad APMC
Uttar Pradesh,Aligarh,Charra APMC
Uttar Pradesh,Agra,Fatehabad APMC
Uttar Pradesh,Badaun,Ujhani APMC
Uttar Pradesh,Unnao,Bangarmau APMC
Uttar Pradesh,Mau(Maunathbhanjan),Kopaganj APMC
Uttar Pradesh,Khiri (Lakhimpur),Maigalganj APMC
Uttar Pradesh,Balrampur,Panchpedwa APMC
Uttar Pradesh,Amroha,Hasanpur APMC
Uttar Pradesh,Lalitpur,Mehrauni APMC
Uttar Pradesh,Lakhimpur,Golagokarnath APMC
Uttar Pradesh,Saharanpur,Saharanpur APMC
Uttar Pradesh,Azamgarh,Azamgarh APMC
Uttar Pradesh,Shamli,Shamli APMC
Uttar Pradesh,Kanpur,Kanpur(Grain) APMC
Uttar Pradesh,Ghaziabad,Hapur APMC
Uttar Pradesh,Gorakhpur,Gorakhpur APMC
Uttar Pradesh,Aligarh,Atrauli APMC
Uttar Pradesh,Saharanpur,Chutmalpur APMC
Uttar Pradesh,Raebarelli,Lalganj APMC
Uttar Pradesh,Bareilly,Anwala APMC
Uttar Pradesh,Bulandshahar,Gulavati APMC
Uttar Pradesh,Sant Kabir Nagar,Khalilabad APMC
Uttar Pradesh,Mainpuri,Mainpuri APMC
Uttar Pradesh,Pillibhit,Pilibhit APMC
Uttar Pradesh,Mahoba,Mahoba APMC
Uttar Pradesh,Agra,Agra APMC
Uttar Pradesh,Firozabad,Sirsaganj APMC
Uttar Pradesh,Jalaun (Orai),Orai APMC
Uttar Pradesh,Etawah,Bharthna APMC
Uttar Pradesh,Sambhal,Chandausi APMC
Uttar Pradesh,Auraiya,Achalda APMC
Uttar Pradesh,Lalitpur,Lalitpur APMC
Uttar Pradesh,Kanpur,Choubepur APMC
Uttar Pradesh,Lucknow,Banthara APMC
Uttar Pradesh,Kanpur Dehat,Jhijhank APMC
Uttar Pradesh,Sonbhadra,Robertsganj APMC
Uttar Pradesh,Mathura,Kosikalan APMC
Uttar Pradesh,Bulandshahar,Anoop Shahar APMC
Uttar Pradesh,Amroha,Dhanaura APMC
Uttar Pradesh,Bahraich,Bahraich APMC
Uttar Pradesh,Bareilly,Bareilly APMC
Uttar Pradesh,Ambedkarnagar,Akbarpur APMC
Uttar Pradesh,Jaunpur,Shahganj APMC
Uttar Pradesh,Barabanki,Barabanki APMC
Uttar Pradesh,Ghaziabad,Noida APMC
Uttar Pradesh,Agra,Samsabad APMC
Uttar Pradesh,Ghaziabad,Ghaziabad APMC
Uttar Pradesh,Aligarh,Aligarh APMC
Uttar Pradesh,Varanasi,Varanasi APMC
Uttar Pradesh,Rampur,Tanda(Rampur) APMC
Uttar Pradesh,Muzaffarnagar,Muzzafarnagar APMC
Uttar Pradesh,Amethi,Sultanpur APMC
Uttar Pradesh,Bahraich,Rupaidiha APMC
Uttar Pradesh,Ayodhya,Rudauli APMC
Uttar Pradesh,Jalaun (Orai),Madhogarh APMC
Uttar Pradesh,Mahoba,Charkhari APMC
Uttar Pradesh,Jhansi,Mauranipur APMC
Uttar Pradesh,Khiri (Lakhimpur),Mohammdi APMC
Uttar Pradesh,Prayagraj,Sirsa APMC
Uttar Pradesh,Raebarelli,Jayas APMC
Uttar Pradesh,Amethi,Jafarganj APMC
Uttar Pradesh,Gonda,Nawabganj APMC
Uttar Pradesh,Basti,Basti APMC
Uttar Pradesh,Banda,Banda APMC
Uttar Pradesh,Hamirpur,Bharuasumerpur APMC
Uttar Pradesh,Rampur,Shahabad APMC
Uttar Pradesh,Maharajganj,Nautnava APMC
Uttar Pradesh,Jalaun (Orai),Konch APMC
Uttar Pradesh,Kanpur Dehat,Rura APMC
Uttar Pradesh,Sitapur,Sitapur APMC
Uttar Pradesh,Sitapur,Viswan APMC
Uttar Pradesh,Unnao,Purwa APMC
Uttar Pradesh,Unnao,Unnao APMC
Uttar Pradesh,Bulandshahar,Siyana APMC
Uttar Pradesh,Shravasti,Bhinga APMC
Uttar Pradesh,Bareilly,Baheri APMC
Uttar Pradesh,Jalaun (Orai),Ait APMC
Uttar Pradesh,Jhansi,Gurusarai APMC
Uttar Pradesh,Balrampur,Balrampur APMC
Uttar Pradesh,Hardoi,Madhoganj APMC
Uttar Pradesh,Sitapur,Hargaon (Laharpur) APMC
Uttar Pradesh,Sitapur,Sidhauli APMC
Uttar Pradesh,Bijnor,Najibabad APMC
Uttar Pradesh,Prayagraj,Lediyari APMC
Uttar Pradesh,Kasganj,Kasganj APMC
Uttar Pradesh,Ayodhya,Ayodhya APMC
Uttar Pradesh,Gonda,Colonelganj APMC
Uttar Pradesh,Gonda,Gonda APMC
Uttar Pradesh,Shravasti,Payagpur APMC
Uttar Pradesh,Shahjahanpur,Shahjahanpur APMC
Uttar Pradesh,Balrampur,Utraula APMC
Uttar Pradesh,Hamirpur,Raath APMC
Uttar Pradesh,Banda,Baberu APMC
Uttar Pradesh,Jalaun (Orai),Kalpi APMC
Uttar Pradesh,Hamirpur,Muskara APMC
Uttar Pradesh,Sitapur,Mishrit APMC
Uttar Pradesh,Lakhimpur,Lakhimpur APMC
Uttar Pradesh,Bijnor,Dhampur APMC
Uttar Pradesh,Raebarelli,Salon APMC
Uttar Pradesh,Sonbhadra,Dudhi APMC
Uttar Pradesh,Prayagraj,Prayagraj APMC
Uttar Pradesh,Kaushambi,Manjhanpur APMC
Uttar Pradesh,Barabanki,Safdarganj APMC
Uttar Pradesh,Ambedkarnagar,Tanda Akbarpur APMC
Uttar Pradesh,Chitrakut,Karvi APMC
Uttar Pradesh,Jhansi,Chirgaon APMC
Uttar Pradesh,Hardoi,Hardoi APMC
Uttar Pradesh,Rampur,Rampur APMC
Uttar Pradesh,Raebarelli,Raibareilly APMC
Uttar Pradesh,Sambhal,Bhehjoi APMC
Uttar Pradesh,Rampur,Bilaspur APMC
Uttar Pradesh,Rampur,Milak APMC
Uttar Pradesh,Pratapgarh,Pratapgarh APMC
Uttar Pradesh,Auraiya,Auraiya APMC
Uttar Pradesh,Sambhal,Muradabad APMC
Uttar Pradesh,Fatehpur,Khaga APMC
Uttar Pradesh,Ghazipur,Jangipura APMC
Uttar Pradesh,Mirzapur,Ahirora APMC
Uttar Pradesh,Etah,Etah APMC
Uttar Pradesh,Etawah,Etawah APMC
Uttar Pradesh,Farukhabad,Kayamganj APMC
Uttar Pradesh,Kasganj,Ganj Dundwara APMC
Uttar Pradesh,Shamli,Thanabhavan APMC
Uttar Pradesh,Siddharth Nagar,Naugarh APMC
Uttar Pradesh,Agra,Khairagarh APMC
Uttar Pradesh,Bulandshahar,Sikanderabad APMC
Uttar Pradesh,Jhansi,Baruwasagar APMC
Uttar Pradesh,Jhansi,Moth APMC
Uttar Pradesh,Hamirpur,Maudaha APMC
Uttar Pradesh,Banda,Atarra APMC
Uttar Pradesh,Fatehpur,Kishunpur APMC
Uttar Pradesh,Bijnor,Kiratpur APMC
Uttar Pradesh,Baghpat,Baraut APMC
Uttar Pradesh,Agra,Fatehpur Sikri APMC
Uttar Pradesh,Kannuj,Chhibramau APMC
Uttar Pradesh,Sitapur,Mehmoodabad APMC
Uttar Pradesh,Fatehpur,Fatehpur APMC
Uttar Pradesh,Shamli,Kairana APMC
Uttar Pradesh,Bulandshahar,Buland Shahr APMC
Uttar Pradesh,Farukhabad,Mohamadabad APMC
Uttar Pradesh,Ghazipur,Yusufpur APMC
Uttar Pradesh,Shahjahanpur,Meeranpur Katra APMC
Uttar Pradesh,Kannuj,Kannauj APMC
Uttar Pradesh,Muzaffarnagar,Khatauli APMC
Uttar Pradesh,Agra,Jarar APMC
Uttar Pradesh,Kanpur Dehat,Pukharayan APMC
Uttar Pradesh,Jalaun (Orai),Jalaun APMC
Uttar Pradesh,Jhansi,Jhansi APMC
Uttar Pradesh,Shahjahanpur,Jalalabad APMC
Uttar Pradesh,Mainpuri,Bewar APMC
Uttar Pradesh,Shahjahanpur,Tilhar APMC
Uttar Pradesh,Farukhabad,Farukhabad APMC
Uttar Pradesh,Kushinagar,Kushinagar APMC
Uttar Pradesh,Bijnor,Chaandpur APMC
Uttar Pradesh,Bahraich,Mihipurwa APMC
Uttar Pradesh,Amroha,Amroha APMC
Uttar Pradesh,Bijnor,Nagina APMC
Uttar Pradesh,Sitapur,Maholi APMC
Uttar Pradesh,Prayagraj,Ajuha APMC
Uttar Pradesh,Bahraich,Risia APMC
Uttar Pradesh,Badaun,Badayoun APMC
Uttar Pradesh,Badaun,Dataganj APMC
Uttar Pradesh,Farukhabad,Kamlaganj APMC
Uttar Pradesh,Pillibhit,Bishalpur APMC
Uttar Pradesh,Badaun,Bilsi APMC
Uttar Pradesh,Badaun,Bisoli APMC
Uttar Pradesh,Bahraich,Naanpara APMC
Uttar Pradesh,Bulandshahar,Sikarpur APMC
Uttar Pradesh,Hardoi,Shahabad(New Mandi) APMC
Uttar Pradesh,Bulandshahar,Khurja APMC
Uttar Pradesh,Mainpuri,Ghiraur APMC
Uttar Pradesh,Etah,Aliganj APMC
Uttar Pradesh,Hathras,Sikandraraau APMC
Uttar Pradesh,Badaun,Wazirganj APMC
Uttar Pradesh,Hardoi,Sandi APMC
Uttar Pradesh,Bulandshahar,Jahangirabad APMC
Uttar Pradesh,Badaun,Babrala APMC
Uttar Pradesh,Firozabad,Firozabad APMC
Uttar Pradesh,Agra,Achnera APMC
Uttar Pradesh,Auraiya,Dibiapur APMC
Uttar Pradesh,Kanpur,Uttaripura APMC
Uttar Pradesh,Agra,Jagnair APMC
Uttar Pradesh,Jaunpur,Jaunpur APMC
Uttar Pradesh,Lakhimpur,Paliakala APMC
Uttar Pradesh,Hardoi,Sandila APMC
Uttar Pradesh,Maharajganj,Partaval APMC
Uttar Pradesh,Deoria,Devariya APMC
Uttar Pradesh,Khiri (Lakhimpur),Tikonia APMC
Uttar Pradesh,Fatehpur,Bindki APMC
Uttar Pradesh,Maharajganj,Anandnagar APMC
Uttar Pradesh,Chandauli,Chandoli APMC
Uttar Pradesh,Pillibhit,Puranpur APMC
Uttar Pradesh,Jaunpur,Mugrabaadshahpur APMC
Uttar Pradesh,Siddharth Nagar,Bansi APMC
Uttar Pradesh,Meerut,Meerut APMC
Uttar Pradesh,Siddharth Nagar,Sahiyapur APMC
Uttar Pradesh,Gorakhpur,Sehjanwa APMC
Uttar Pradesh,Ballia,Ballia APMC
Uttar Pradesh,Saharanpur,Deoband APMC
Uttar Pradesh,Chitrakut,Mau(Chitrakut) APMC
Uttar Pradesh,Siddharth Nagar,Shohratgarh APMC
Uttar Pradesh,Gautam Budh Nagar,Jewar APMC
Uttar Pradesh,Kanpur,Baripaal APMC
Uttar Pradesh,Jalaun (Orai),Kadaura APMC
Uttar Pradesh,Maharajganj,Gadaura APMC
Uttar Pradesh,Hamirpur,Kurara APMC
Uttar Pradesh,Raebarelli,Bachranwa APMC
Uttar Pradesh,Bijnor,Haldaur APMC
Uttar Pradesh,Baghpat,Khekda APMC
Uttar Pradesh,Mirzapur,Mirzapur APMC
Uttar Pradesh,Bijnor,Bijnaur APMC
Uttarakhand,Dehradoon,Rishikesh APMC
Uttarakhand,Dehradoon,Dehradoon APMC
Uttarakhand,Haridwar,Roorkee APMC
Uttarakhand,Nanital,Haldwani APMC
Uttarakhand,Haridwar,Manglaur APMC
Uttarakhand,Haridwar,Haridwar Union APMC
Uttarakhand,Udhamsinghnagar,Kicchha APMC
Uttarakhand,Udhamsinghnagar,Sitarganj APMC
Uttarakhand,Dehradoon,Vikasnagar APMC
Uttarakhand,Nanital,Ramnagar APMC
Uttarakhand,Udhamsinghnagar,Gadarpur APMC
Uttarakhand,Dehradoon,Chakrata APMC
Uttarakhand,Udhamsinghnagar,Bazpur APMC
Uttarakhand,Champawat,Tanakpur APMC
Uttarakhand,Haridwar,Lakshar APMC
West Bengal,Kolkata,Mechua APMC
West Bengal,Darjeeling,Siliguri APMC
West Bengal,Hooghly,Pandua APMC
West Bengal,Medinipur(W),Medinipur(West) APMC
West Bengal,Puruliya,Balarampur APMC
West Bengal,Kolkata,Sealdah Koley Market APMC
West Bengal,Jalpaiguri,Jalpaiguri Sadar APMC
West Bengal,Sounth 24 Parganas,Baruipur(Canning) APMC
West Bengal,North 24 Parganas,Habra APMC
West Bengal,North 24 Parganas,Barasat APMC
West Bengal,Bankura,Bishnupur(Bankura) APMC
West Bengal,Bankura,Khatra APMC
West Bengal,Nadia,Karimpur APMC
West Bengal,Coochbehar,Haldibari APMC
West Bengal,Coochbehar,Mathabhanga APMC
West Bengal,Coochbehar,Toofanganj APMC
West Bengal,Coochbehar,Dinhata APMC
West Bengal,Purba Bardhaman,Guskara APMC
West Bengal,Bankura,Bankura Sadar APMC
West Bengal,Purba Bardhaman,Kalna APMC
West Bengal,Coochbehar,Mekhliganj APMC
West Bengal,Coochbehar,Baxirhat APMC
West Bengal,Coochbehar,Pundibari APMC
West Bengal,Alipurduar,Alipurduar APMC
West Bengal,Darjeeling,Darjeeling APMC
West Bengal,Darjeeling,Karsiyang(Matigara) APMC
West Bengal,Hooghly,Sheoraphuly APMC
West Bengal,Uttar Dinajpur,Raiganj APMC
West Bengal,Nadia,Bethuadahari APMC
West Bengal,Jalpaiguri,Dhupguri APMC
West Bengal,Birbhum,Rampurhat APMC
Bihar,Banka,Barahat APMC
Bihar,Madhubani,Jahajharpur APMC
Bihar,East Champaran/ Motihari,Motihari APMC
Bihar,Purnea,Kaswa APMC
Chandigarh,Chandigarh,Chandigarh (Grain/F&V) APMC
Chattisgarh,Bilaspur,Tiphra APMC
Chattisgarh,Bastar,Jaitgiri APMC
Chattisgarh,Bijapur,Bharamgarh APMC
Chattisgarh,Bijapur,Bijapur APMC
Chattisgarh,Bijapur,Bhopalpattnam APMC
Chattisgarh,Kanker,Sambalpur APMC
Chattisgarh,Rajnandgaon,Bandhabazar APMC
Chattisgarh,Kanker,Pakhanjur APMC
Chattisgarh,Kanker,Bhanupratappur APMC
Chattisgarh,Kondagaon,Makdi APMC
Chattisgarh,Kanker,Korar APMC
Chattisgarh,Dantewada,Gidam APMC
Chattisgarh,Mahasamund,Mahasamund APMC
Chattisgarh,Gariyaband,Rajim APMC
Chattisgarh,Kondagaon,Bededonger APMC
Chattisgarh,Kondagaon,Hirapur APMC
Chattisgarh,Dhamtari,Kurud APMC
Chattisgarh,Kondagaon,Pharasgaon APMC
Chattisgarh,Kondagaon,Chhinari APMC
Gujarat,Ahmedabad,Mandal APMC
Gujarat,Narmada,Rajpipla APMC
Gujarat,Vadodara(Baroda),Vadodara(Sayajipura) APMC
Gujarat,Patan,"Patan(Veg,Yard Patan) APMC"
Haryana,Kurukshetra,Ladwa APMC
Haryana,Bhiwani,Ch. Dadri APMC
Haryana,Karnal,"New Grain Market(main), Karnal APMC"
Haryana,Mahendragarh-Narnaul,Mohindergarh APMC
Haryana,Hissar,Hissar APMC
Haryana,Sirsa,Rania(Jiwan nagar) APMC
Haryana,Palwal,Palwal APMC
Haryana,Mewat,Nuh APMC
Haryana,Kurukshetra,Pipli APMC
Haryana,Karnal,Nissing APMC
Haryana,Gurgaon,Farukh Nagar APMC
Haryana,Sonipat,Sonepat(Kharkhoda) APMC
Haryana,Fatehabad,Tohana(New Veg Market) APMC
Haryana,Faridabad,"New Grain Market , Faridabad APMC"
Himachal Pradesh,Shimla,SMY Bhattakufar
Himachal Pradesh,Kullu,SMY Bandrol
Himachal Pradesh,Shimla,SMY Theog
Himachal Pradesh,Shimla,SMY Nerwa
Jammu and Kashmir,Shopian,Aglar Shopian (F&V)
Karnataka,Tumakuru,Huliyar APMC
Karnataka,Hassan,Arakalgud APMC
Karnataka,Hassan,Belur APMC
Karnataka,Haveri,Ranebennur APMC
Karnataka,Vijayanagara,Hospet APMC
Karnataka,Mandya,Malavalli APMC
Karnataka,Hassan,Channarayapatna APMC
Karnataka,Belagavi,Athani APMC
Karnataka,Dharwad,Kalaghatagi APMC
Karnataka,Haveri,Shiggoan APMC
Karnataka,Kolar,Srinivasapur APMC
Karnataka,Mandya,Srirangapattana APMC
Karnataka,Mandya,Maddur APMC
Karnataka,Mysuru,T. Narasipura APMC
Karnataka,Bagalkot,Mudhol APMC
Karnataka,Hassan,Holenarsipura APMC
Karnataka,Kalaburagi,Jevargi APMC
Keralam,Thiruvananthapuram,Balarampuram Market
Keralam,Pathanamthitta,Kuttoor Market
Keralam,Malappuram,Kondotty Market
Keralam,Kollam,Anchal Market
Keralam,Idukki,Vandiperiyar Market
Keralam,Thiruvananthapuram,Pothencode Market
Keralam,Malappuram,Mankada VFPCK Market
Keralam,Idukki,Pazhayarikandam  VFPCK Market
Keralam,Malappuram,Thalappara  VFPCK Market
Keralam,Malappuram,Parappanangadi VFPCK Market
Keralam,Kottayam,Avarma  VFPCK Market
Keralam,Kozhikode(Calicut),Kodiyathur VFPCK Market
Keralam,Pathanamthitta,Pandalam Thekkekkara  VFPCK Market
Keralam,Palakad,Karimpuzha VFPCK Market
Keralam,Ernakulam,Koovapadi VFPCK Market
Keralam,Pathanamthitta,Nedumbram VFPCK Market
Keralam,Ernakulam,Kunnukara  VFPCK Market
Keralam,Palakad,Kadambazhi puram  VFPCK Market
Keralam,Kozhikode(Calicut),Keezhparamba  VFPCK Market
Keralam,Kozhikode(Calicut),Vellannur  VFPCK Market
Keralam,Kottayam,Bharnanganam VFPCK
Keralam,Thiruvananthapuram,Kunnathukkal VFPCK Market
Keralam,Thirssur,Annamanada  VFPCK Market
Keralam,Thiruvananthapuram,Kattakkada  VFPCK Market
Keralam,Idukki,Rajakkad  VFPCK Market
Keralam,Kozhikode(Calicut),Mavoor  VFPCK Market
Keralam,Palakad,Agali VFPCK Market
Keralam,Thiruvananthapuram,Balaramapuram  VFPCK Market
Keralam,Kollam,Elamad  VFPCK Market
Keralam,Idukki,Kodikulam  VFPCK Market
Keralam,Thiruvananthapuram,Vellanad VFPCK Market
Keralam,Thiruvananthapuram,Maranelloor VFPCK Market
Keralam,Thiruvananthapuram,Attingal Market
Keralam,Alappuzha,Nooranad VFPCK Market
Keralam,Alappuzha,Cheriyanadu  VFPCK Market
Keralam,Thiruvananthapuram,Aralamoodu Market
Keralam,Alappuzha,Pandanadu  VFPCK Market
Keralam,Kollam,Channapetta VFPCK Market
Keralam,Kollam,Chathannoore VFPCK Market
Keralam,Kottayam,Parathode VFPCK Market
Keralam,Palakad,Moochamkundu VFPCK Market
Keralam,Thiruvananthapuram,Kattakada Market
Keralam,Kottayam,Vempally  VFPCK Market
Keralam,Alappuzha,Vallikunnam  VFPCK Market
Keralam,Thirssur,Elanad  VFPCK Market
Keralam,Pathanamthitta,Pandalam VFPCK Market
Keralam,Alappuzha,Thazhakkara  VFPCK Market
Keralam,Kottayam,Kuriem  VFPCK Market
Keralam,Kottayam,Kaithepalam VFPCK Market
Keralam,Kottayam,Kattampak  VFPCK Market
Madhya Pradesh,Bhopal,Bhopal(F&V) APMC
Madhya Pradesh,Sehore,Sehore(F&V) APMC
Madhya Pradesh,Shivpuri,Karera(F&V) APMC
Madhya Pradesh,Sagar,Sagar(F&V) APMC
Madhya Pradesh,Jabalpur,Jabalpur(F&V) APMC
Madhya Pradesh,Jhabua,Petlawad(F&V) APMC
Madhya Pradesh,Dhar,Dhamnod(F&V) APMC
Madhya Pradesh,Chhindwara,Chindwara(F&V) APMC
Madhya Pradesh,Badwani,Sendhwa(F&V) APMC
Madhya Pradesh,Gwalior,Lashkar(F&V) APMC
Madhya Pradesh,Satna,Ramnagar APMC
Madhya Pradesh,Sagar,Rehli(F&V) APMC
Madhya Pradesh,Khargone,Bedia APMC
Madhya Pradesh,Dhar,Badnawar(F&V) APMC
Madhya Pradesh,Tikamgarh,Khargapur APMC
Madhya Pradesh,Satna,Satna(F&V) APMC
Madhya Pradesh,Singroli,Singroli(F&V) APMC
Madhya Pradesh,Balaghat,Balaghat APMC
Madhya Pradesh,Shivpuri,Kolaras(F&V) APMC
Madhya Pradesh,Rajgarh,Khilchipur APMC
Maharashtra,Beed,Gevrai APMC
Maharashtra,Chattrapati Sambhajinagar,Kannad APMC
Maharashtra,Chattrapati Sambhajinagar,Paithan APMC
Maharashtra,Satara,Phaltan APMC
Maharashtra,Sangli,Islampur APMC
Maharashtra,Kolhapur,Vadgaonpeth APMC
Maharashtra,Raigad,Panvel APMC
Maharashtra,Pune,Junnar(Otur) APMC
Maharashtra,Pune,Manchar APMC
Maharashtra,Jalgaon,Bhusaval APMC
Maharashtra,Amarawati,Anajngaon APMC
Maharashtra,Nagpur,Bhiwapur APMC
Maharashtra,Pune,Dound APMC
Maharashtra,Bhandara,Tumsar APMC
Maharashtra,Akola,Balapur APMC
Maharashtra,Pune,Khed(Chakan) APMC
Maharashtra,Dharashiv,Dharashiv APMC
Maharashtra,Nagpur,Ramtek APMC
Maharashtra,Buldhana,Buldhana APMC
Maharashtra,Sangli,Palus APMC
Maharashtra,Nashik,Nashik(Devlali) APMC
Maharashtra,Beed,Kada(Ashti) APMC
Maharashtra,Nanded,Kandhar APMC
Maharashtra,Jalgaon,"Yashika Agro Marketing, Tal Bhusawal, Jalgaon"
Maharashtra,Ahilyanagar,Pathardi APMC
Maharashtra,Ahilyanagar,Akole APMC
Maharashtra,Pune,Junnar APMC
Maharashtra,Ahilyanagar,Parner APMC
Maharashtra,Ahilyanagar,"Omchatinya Multi State Agro Purpose Co-Op Society, Dist Ahilyanagar"
Maharashtra,Sangli,Aatpadi APMC
Maharashtra,Palghar,Palghar APMC
Maharashtra,Pune,Shirur APMC
NCT of Delhi,Delhi,APMC Keshopur
NCT of Delhi,Delhi,APMC Najafgarh
NCT of Delhi,Delhi,"Fruit&Vegetable Market,Gazipur APMC"
NCT of Delhi,Delhi,APMC Narela
Odisha,Ganjam,Hinjilicut APMC
Odisha,Angul,Angul APMC
Odisha,Keonjhar,Saharpada APMC
Odisha,Dhenkanal,Kamakhyanagar APMC
Odisha,Sambalpur,Sahaspur APMC
Odisha,Balasore,Jaleswar APMC
Odisha,Angul,Angul(Atthamallick) APMC
Odisha,Nowarangpur,Nawarangpur APMC
Odisha,Sambalpur,Sambalpur APMC
Odisha,Nowarangpur,Nabarangpur(Umerkote) APMC
Punjab,Sangrur,Bhawanigarh APMC
Punjab,Patiala,Rajpura APMC
Punjab,Sangrur,Sunam APMC
Punjab,Mansa,Mansa APMC
Punjab,Patiala,Dudhansadhan APMC
Punjab,Gurdaspur,Dinanagar APMC
Punjab,Mohali,Kharar APMC
Punjab,Kapurthala,Kapurthala APMC
Punjab,Fatehgarh,Khamano APMC
Rajasthan,Alwar,Alwar APMC
Rajasthan,Dausa,Bandikui APMC
Rajasthan,Chittorgarh,Chittorgarh APMC
Rajasthan,Churu,Sujangarh APMC
Rajasthan,Bhilwara,Bhilwara APMC
Rajasthan,Hanumangarh,Dablirathan APMC
Rajasthan,Jhunjhunu,Gudhagorji APMC
Rajasthan,Hanumangarh,Goluwala APMC
Tamil Nadu,Chengalpattu,Nanganallur(Uzhavar Sandhai )
Tamil Nadu,Tenkasi,Tenkasi(Uzhavar Sandhai )
Tamil Nadu,Thiruchirappalli,Thuraiyur APMC
Tamil Nadu,Thiruvannamalai,Keelpennathur(Uzhavar Sandhai )
Tamil Nadu,Coimbatore,Udumalpet APMC
Tamil Nadu,Namakkal,Rasipuram(Uzhavar Sandhai )
Tamil Nadu,Karur,Pallapatti (Uzhavar Sandhai )
Tamil Nadu,Pudukkottai,Viralimalai(Uzhavar Sandhai )
Tamil Nadu,Thiruvannamalai,Tiruvannamalai(Uzhavar Sandhai )
Tamil Nadu,Thiruvannamalai,Polur(Uzhavar Sandhai )
Tamil Nadu,Krishnagiri,Kaveripattinam(Uzhavar Sandhai )
Tamil Nadu,Thiruvannamalai,Vandavasi(Uzhavar Sandhai )
Tamil Nadu,The Nilgiris,Gudalur(Uzhavar Sandhai )
Tamil Nadu,Erode,Sathiyamagalam(Uzhavar Sandhai )
Tamil Nadu,Virudhunagar,Srivilliputhur(Uzhavar Sandhai )
Tamil Nadu,Pudukkottai,Alangudi(Uzhavar Sandhai )
Tamil Nadu,Cuddalore,Vadalur(Uzhavar Sandhai )
Tamil Nadu,Thanjavur,Tirukattupalli(Uzhavar Sandhai )
Tamil Nadu,Virudhunagar,Sivakasi(Uzhavar Sandhai )
Tamil Nadu,Pudukkottai,Ponnamaravathi(Uzhavar Sandhai)
Tamil Nadu,Thiruvannamalai,Arani(Uzhavar Sandhai )
Tamil Nadu,Thirupur,Tiruppur (North) (Uzhavar Sandhai )
Tamil Nadu,Tenkasi,Sankarankoil(Uzhavar Sandhai )
Tamil Nadu,Thirunelveli,Ambasamudram(Uzhavar Sandhai )
Tamil Nadu,Villupuram,Villupuram(Uzhavar Sandhai )
Tamil Nadu,Virudhunagar,Kariyapatti(Uzhavar Sandhai )
Tamil Nadu,Pudukkottai,Karambakkudi(Uzhavar Sandhai )
Tamil Nadu,Erode,Periyar Nagar(Uzhavar Sandhai )
Tamil Nadu,Sivaganga,Singampunari(Uzhavar Sandhai )
Tamil Nadu,Ramanathapuram,Ramanathapuram(Uzhavar Sandhai )
Tamil Nadu,Namakkal,Paramathivelur(Uzhavar Sandhai )
Tamil Nadu,Thirupur,Dharapuram(Uzhavar Sandhai )
Tamil Nadu,Villupuram,Tindivanam APMC
Tamil Nadu,Vellore,Pallikonda(Uzhavar Sandhai)
Tamil Nadu,Cuddalore,Viruthachalam(Uzhavar Sandhai )
Tamil Nadu,Virudhunagar,Virudhunagar(Uzhavar Sandhai )
Tamil Nadu,Salem,Mettur(Uzhavar Sandhai )
Tamil Nadu,Kancheepuram,Sunguvarchatram(Uzhavar Sandhai )
Tamil Nadu,Virudhunagar,Aruppukottai(Uzhavar Sandhai )
Tamil Nadu,Dindigul,Dindigul(Uzhavar Sandhai )
Tamil Nadu,Theni,Devaram(Uzhavar Sandhai )
Tamil Nadu,Dharmapuri,Harur(Uzhavar Sandhai )
Tamil Nadu,Cuddalore,Chidambaram(Uzhavar Sandhai )
Tamil Nadu,Theni,Chinnamanur(Uzhavar Sandhai )
Tamil Nadu,Thiruvarur,Muthupettai(Uzhavar Sandhai )
Tamil Nadu,Theni,Periyakulam(Uzhavar Sandhai )
Tamil Nadu,Thiruvellore,Perambakkam(Uzhavar Sandhai )
Tamil Nadu,Ariyalur,Jeyankondam (Uzhavar Sandhai )
Tamil Nadu,Dindigul,Kodaikkanal(Uzhavar Sandhai)
Tamil Nadu,Vellore,Thirupathur APMC
Tamil Nadu,Vellore,Katpadi (Uzhavar Sandhai )
Telangana,Medak,Siddipet(Rythu Bazar) APMC
Telangana,Ranga Reddy,"Kukatpally,RBZ APMC"
Telangana,Karimnagar,"Weekly Market Area,RBZ APMC"
Telangana,Ranga Reddy,Babbuguda
Telangana,Mahbubnagar,Nawabpet APMC
Telangana,Mahbubnagar,Mahbubnagar(Nawabpet) APMC
Telangana,Bhadradri Kothagudem,Kothagudem APMC
Telangana,Karimnagar,Sircilla APMC
Telangana,Warangal,Cherial APMC
Telangana,Adilabad,Kagaznagar APMC
Tripura,Gomati,Nutanbazar APMC
Tripura,North Tripura,Panisagar APMC
Tripura,North Tripura,Kadamtala
Tripura,Gomati,Silachhari APMC
Uttar Pradesh,Ghazipur,Saidpur APMC
Uttar Pradesh,Prayagraj,Jasra APMC
Uttar Pradesh,Fatehpur,Jahanabad APMC
Uttar Pradesh,Gautam Budh Nagar,Dankaur APMC
Uttar Pradesh,Mau(Maunathbhanjan),Doharighat APMC
Uttar Pradesh,Saharanpur,Gangoh APMC
Uttar Pradesh,Kaushambi,Bharwari APMC
Uttar Pradesh,Mahoba,Panwari APMC
Uttarakhand,Udhamsinghnagar,Rudrapur APMC
Uttarakhand,Udhamsinghnagar,Kashipur APMC
Uttarakhand,Haridwar,Bhagwanpur(Naveen Mandi Sthal) APMC
Uttarakhand,Garhwal (Pauri),Kotadwara APMC
Uttarakhand,Udhamsinghnagar,Jaspur(UC) APMC
Uttarakhand,Udhamsinghnagar,Khateema APMC
West Bengal,Dakshin Dinajpur,Gangarampur(Dakshin Dinajpur) APMC
West Bengal,Medinipur(W),Ghatal APMC
West Bengal,Hooghly,Kalipur APMC
West Bengal,Coochbehar,Coochbehar APMC
West Bengal,Sounth 24 Parganas,Diamond Harbour(South 24-pgs) APMC
West Bengal,Murshidabad,Jangipur APMC
West Bengal,Bankura,Indus(Bankura Sadar) APMC
West Bengal,Purba Bardhaman,Memari APMC
West Bengal,Murshidabad,Lalbagh APMC
West Bengal,Purba Bardhaman,Burdwan APMC
West Bengal,Purba Bardhaman,Katwa APMC
West Bengal,Hooghly,Champadanga APMC
West Bengal,Puruliya,Purulia APMC
West Bengal,Murshidabad,Beldanga APMC
West Bengal,Murshidabad,Kandi APMC
West Bengal,Uttar Dinajpur,Islampur APMC
West Bengal,Murshidabad,Kasimbazar APMC
Andhra Pradesh,Vijayanagaram,Vijayanagaram APMC
Andhra Pradesh,Sri Sathya Sai,Dharmavaram APMC
Andhra Pradesh,Eluru,Eluru APMC
Andhra Pradesh,Kakinada,Kakinada (Urban) APMC
Assam,Kamrup,Uparhali Pmy APMC
Assam,Cachar,Fatakbazar APMC
Assam,Hailakandi,Harbartganj Daily Market APMC
Bihar,East Champaran/ Motihari,Madhuban APMC
Bihar,East Champaran/ Motihari,Chakia APMC
Bihar,Darbhanga,Darbhanga APMC
Bihar,Bhagalpur,Kahalgaon APMC
Chattisgarh,Balodabazar,Bhatapara APMC
Chattisgarh,Durg,Durg APMC
Chattisgarh,Bastar,Karpawand APMC
Chattisgarh,Kabirdham,Kawardha APMC
Chattisgarh,Bastar,Jagdalpur APMC
Chattisgarh,Kondagaon,Gamhari APMC
Chattisgarh,Kondagaon,Mardapal APMC
Chattisgarh,Kondagaon,Keshkal APMC
Chattisgarh,Kondagaon,Vishrampur APMC
Chattisgarh,Kondagaon,Dhanora APMC
Chattisgarh,Bastar,Devda APMC
Chattisgarh,Rajnandgaon,Dongargaon APMC
Chattisgarh,Mahasamund,Sakra APMC
Chattisgarh,Raipur,Raipur APMC
Chattisgarh,Dhamtari,Nagari APMC
Chattisgarh,Dhamtari,Boraee APMC
Chattisgarh,Dhamtari,Bhakhara APMC
Chattisgarh,Mahasamund,Sarayapali APMC
Chattisgarh,Janjgir,Akaltara APMC
Chattisgarh,Mahasamund,Bheemkhoj APMC
Chattisgarh,Mungeli,Sargaon APMC
Chattisgarh,Mahasamund,Basana APMC
Chattisgarh,Mahasamund,Pithoura APMC
Chattisgarh,Rajnandgaon,Chhuria APMC
Chattisgarh,Dhamtari,Dhamtari APMC
Chattisgarh,Balodabazar,Balodabazar APMC
Chattisgarh,Bemetara,Bemetara(Navagarh) APMC
Goa,South Goa,Canacona APMC
Goa,South Goa,Curchorem APMC
Goa,South Goa,Ponda APMC
Goa,North Goa,Sanquelim APMC
Goa,North Goa,Pernem APMC
Goa,North Goa,Valpoi APMC
Gujarat,Surendranagar,Dasada Patadi APMC
Gujarat,Patan,Patan APMC
Gujarat,Banaskanth,Tharad APMC
Gujarat,Amreli,Savarkundla APMC
Gujarat,Bhavnagar,Palitana APMC
Gujarat,Sabarkantha,Bayad APMC
Gujarat,Surat,Surat APMC
Gujarat,Rajkot,Upleta APMC
Gujarat,Jamnagar,Dhrol APMC
Gujarat,Amreli,Dhari APMC
Gujarat,Rajkot,Jetpur(Dist.Rajkot) APMC
Gujarat,Morbi,Vankaner(Sub yard) APMC
Gujarat,Kheda,Kapadvanj APMC
Gujarat,Surat,Mahuva(Anaval) APMC
Haryana,Kaithal,Dhand APMC
Haryana,Kurukshetra,Thanesar APMC
Haryana,Rohtak,Rohtak APMC
Haryana,Rohtak,Sampla APMC
Haryana,Hissar,Adampur APMC
Haryana,Sirsa,"New Grain Market , Sirsa APMC"
Haryana,Mahendragarh-Narnaul,Khanina APMC
Haryana,Sirsa,Sirsa APMC
Haryana,Ambala,Ambala City(Subji Mandi) APMC
Himachal Pradesh,Una,SMY Santoshgarh
Himachal Pradesh,Mandi,SMY Jogindernagar
Jammu and Kashmir,Udhampur,Udhampur (F&V)
Jammu and Kashmir,Baramulla,Sopore (Nowpora) (F&V)
Jammu and Kashmir,Srinagar,Parimpore Srinagar (F&V)
Jammu and Kashmir,Anantnag,Batengoo Anantnag (F&V)
Karnataka,Davangere,Davangere APMC
Karnataka,Kodagu,Madikeri APMC
Karnataka,Davangere,Channagiri APMC
Karnataka,Udupi,Karkala APMC
Karnataka,Udupi,Kundapura APMC
Karnataka,Mysuru,Nanjangud APMC
Karnataka,Bidar,Bidar APMC
Karnataka,Gadag,Gadag APMC
Karnataka,Gadag,Nargunda APMC
Karnataka,Bidar,Bhalki APMC
Karnataka,Bidar,Basava Kalayana APMC
Karnataka,Chikkamagaluru,Mudigere APMC
Karnataka,Mandya,Nagamangala APMC
Karnataka,Chitradurga,Chitradurga APMC
Karnataka,Shivamogga,Sorabha APMC
Karnataka,Mysuru,Santhesargur APMC
Karnataka,Koppal,Yalburga APMC
Karnataka,Haveri,Hirekerur APMC
Karnataka,Belagavi,Belgaum APMC
Karnataka,Belagavi,Nandagada APMC
Karnataka,Koppal,Kanakagiri APMC
Karnataka,Mysuru,Hunsur APMC
Karnataka,Kalaburagi,Chittapur APMC
Karnataka,Kalaburagi,Sedam APMC
Karnataka,Bellary,Sirguppa APMC
Keralam,Malappuram,Parappanangadi Market
Keralam,Thiruvananthapuram,Chala Market
Keralam,Kasargod,Neeleswaram Market
Keralam,Ernakulam,Aluva Market
Keralam,Kasargod,Manjeswaram Market
Keralam,Thirssur,Chelakkara Market
Keralam,Thirssur,Chalakudy Market
Keralam,Alappuzha,Madhavapuram Market
Keralam,Ernakulam,Kothamangalam Market
Keralam,Ernakulam,Broadway market Market
Keralam,Ernakulam,Angamaly Market
Keralam,Kottayam,Ramapuram VFPCK Market
Keralam,Idukki,Thompramkudi VFPCK Market
Keralam,Malappuram,Vazhayur VFPCK Market
Keralam,Kollam,Anchal VFPCK Market
Keralam,Thirssur,Thottippal VFPCK Market
Keralam,Palakad,Alenellur  VFPCK Market
Keralam,Kannur,Sreekandapuram VFPCK Market
Keralam,Thiruvananthapuram,Kollayil  VFPCK Market
Keralam,Thirssur,Karuvannur VFPCK Market
Keralam,Kozhikode(Calicut),Kodenchery VFPCK Market
Keralam,Kottayam,Thottuva  VFPCK Market
Keralam,Pathanamthitta,Chittar  VFPCK Market
Keralam,Kannur,Maloor VFPCK Market
Keralam,Pathanamthitta,Kodumon VFPCK Market
Keralam,Pathanamthitta,Ezhamkulam VFPCK Market
Keralam,Malappuram,Othayi  VFPCK Market
Keralam,Malappuram,Pallikkal VFPCK Market
Keralam,Pathanamthitta,Seethathode  VFPCK Market
Keralam,Kozhikode(Calicut),Mukkam  VFPCK Market
Keralam,Ernakulam,Edackattuvayal  VFPCK Market
Keralam,Thirssur,Karalam VFPCK Market
Keralam,Kollam,Punalur Market
Keralam,Thiruvananthapuram,Vengannore  VFPCK Market
Keralam,Kollam,Inchakkad VFPCK Market
Keralam,Pathanamthitta,Erath  VFPCK Market
Keralam,Kozhikode(Calicut),Koodaranji VFPCK Market
Keralam,Thirssur,Amballur  VFPCK Market
Keralam,Malappuram,Koorad Wandoor VFPCK Market
Keralam,Wayanad,Padinjarathara  VFPCK Market
Keralam,Ernakulam,Kanjoor VFPCK Market
Keralam,Kollam,Sasthamkotta VFPCK Market
Keralam,Thiruvananthapuram,Mylachal VFPCK Market
Keralam,Thirssur,Puthur  VFPCK Market
Keralam,Malappuram,Kodakkad  VFPCK Market
Keralam,Malappuram,Kalikavu VFPCK Market
Keralam,Ernakulam,Kurumassery VFPCK Market
Keralam,Kollam,Nedumpana  VFPCK Market
Keralam,Kannur,Koodali  VFPCK Market
Keralam,Thirssur,Kadukutty VFPCK Market
Keralam,Thiruvananthapuram,Neyyattinkara  VFPCK Market
Keralam,Kottayam,Kanjirappally Market
Keralam,Alappuzha,Chennithala VFPCK Market
Keralam,Kollam,Puthur VFPCK Market
Keralam,Kollam,Sooranad  VFPCK Market
Keralam,Idukki,Munnar Market
Keralam,Ernakulam,Vengola  VFPCK Market
Keralam,Palakad,Kottayi VFPCK Market
Madhya Pradesh,Vidisha,Lateri APMC
Madhya Pradesh,Dhar,Kukshi(F&V) APMC
Madhya Pradesh,Badwani,Anjad(F&V) APMC
Madhya Pradesh,Chhatarpur,Chattarpur(F&V) APMC
Madhya Pradesh,Shajapur,Kalapipal(F&V) APMC
Madhya Pradesh,Balaghat,Katangi APMC
Madhya Pradesh,Shivpuri,Khatora APMC
Madhya Pradesh,Morena,Morena(F&V) APMC
Madhya Pradesh,Agar Malwa,Agar(F&V) APMC
Madhya Pradesh,Sagar,Malthone APMC
Madhya Pradesh,Ashoknagar,Piprai APMC
Madhya Pradesh,Betul,Bhensdehi APMC
Madhya Pradesh,Vidisha,Gulabganj APMC
Madhya Pradesh,Morena,Banmorkalan APMC
Maharashtra,Jalgaon,Parola APMC
Maharashtra,Chattrapati Sambhajinagar,Sillod(Bharadi) APMC
Maharashtra,Jalgaon,Jalgaon APMC
Maharashtra,Nagpur,Umared APMC
Maharashtra,Latur,Nilanga APMC
Maharashtra,Amarawati,Dhamngaon-Railway APMC
Maharashtra,Buldhana,Chikali APMC
Maharashtra,Akola,Patur APMC
Maharashtra,Akola,Telhara APMC
Maharashtra,Buldhana,"Bsk Krishi Bazar Private Limited, Mehkar, Dist Buldhana"
Maharashtra,Ahilyanagar,Kopargaon APMC
Maharashtra,Latur,Chakur APMC
Maharashtra,Yavatmal,KISAN MARKET YARD
Maharashtra,Nanded,Mudkhed APMC
Maharashtra,Parbhani,Gangakhed APMC
Maharashtra,Jalna,BHOKARDAN APMC
Maharashtra,Dhule,Shirpur APMC
Maharashtra,Chattrapati Sambhajinagar,Vaijpur APMC
Maharashtra,Ahilyanagar,Newasa(Ghodegaon) APMC
Maharashtra,Chattrapati Sambhajinagar,Lasur Station APMC
Maharashtra,Ahilyanagar,Rahuri(Vambori) APMC
Maharashtra,Washim,Malegaon(Vashim) APMC
Maharashtra,Amarawati,Achalpur APMC
Maharashtra,Raigad,Mangaon APMC
Maharashtra,Beed,Ambejogai APMC
Maharashtra,Buldhana,Lonar APMC
Manipur,Thoubal,Thoubal APMC
Manipur,Bishnupur,Bishenpur APMC
Meghalaya,West Garo Hills,Tura APMC
Meghalaya,East Garo Hills,Williamnagar APMC
Mizoram,Aizawl,Champai APMC
Nagaland,Mokokchung,Mangkolemba APMC
Nagaland,Mokokchung,Mokokchung Town APMC
Odisha,Keonjhar,Keonjhar(Dhekikote) APMC
Odisha,Sambalpur,Kuchinda APMC
Odisha,Kalahandi,Bhawanipatna APMC
Odisha,Khurda,Balugaon APMC
Odisha,Khurda,Jatni APMC
Odisha,Kandhamal,Kandhamal APMC
Odisha,Mayurbhanja,Narasinghpur APMC
Odisha,Ganjam,Bhanjanagar APMC
Pondicherry,Pondicherry,Thattanchavady APMC
Punjab,Sangrur,Lehra Gaga APMC
Punjab,Hoshiarpur,Mukerian(Talwara) APMC
Punjab,Ludhiana,Jagraon APMC
Punjab,Bhatinda,Rampuraphul(Nabha Mandi) APMC
Punjab,Ferozpur,Ferozepur Cantt. APMC
Punjab,Muktsar,Muktsar APMC
Punjab,Bhatinda,Talwandi Sabo APMC
Punjab,Muktsar,Malout APMC
Punjab,Bhatinda,Raman APMC
Punjab,Gurdaspur,Batala APMC
Punjab,Kapurthala,Phagwara APMC
Punjab,Jalandhar,Shahkot APMC
Punjab,Fazilka,Abohar APMC
Punjab,Fatehgarh,Sirhind APMC
Rajasthan,Jhunjhunu,Jhunjhunu APMC
Rajasthan,Kotputli- Behror,Behror APMC
Rajasthan,Dausa,Mandawar APMC
Rajasthan,Khairthal Tijara,Khairthal APMC
Rajasthan,Karauli,Hindoun APMC
Rajasthan,Ajmer,Madanganj Kishangarh APMC
Rajasthan,Dausa,Lalsot APMC
Rajasthan,Bharatpur,Bhusawar Bair APMC
Rajasthan,Ganganagar,Kesarisinghpur APMC
Rajasthan,Tonk,Deoli APMC
Rajasthan,Jaipur,Chomu Grain APMC
Rajasthan,Beawar,Bijaynagar APMC
Rajasthan,Baran,Kawai Salpura - Atru APMC
Rajasthan,Jodhpur,Bhagat Ki Kothi APMC
Rajasthan,Tonk,Niwai APMC
Rajasthan,Hanumangarh,Hanumangarh APMC
Rajasthan,Ganganagar,Sadulshahar APMC
Rajasthan,Jhalawar,Bhawani Mandi APMC
Rajasthan,Baran,Atru APMC
Rajasthan,Nagaur,Merta City APMC
Rajasthan,Tonk,Tonk APMC
Rajasthan,Kota,Kota (F&V) APMC
Rajasthan,Bikaner,Nokha APMC
Rajasthan,Baran,Lehsun Chhipabarod - Chhabra APMC
Rajasthan,Baran,Nahargarh APMC
Rajasthan,Jodhpur,Bilara APMC
Rajasthan,Pali,Rani APMC
Rajasthan,Bikaner,Pugal Road Grain APMC
Rajasthan,Bikaner,Lunkaransar APMC
Rajasthan,Jhunjhunu,Chirawa APMC
Rajasthan,Alwar,Laxmangarh - Barodamev  APMC
Rajasthan,Deeg,Sikri APMC
Rajasthan,Deeg,Pahari APMC
Rajasthan,Jodhpur,Osiyan Mathania APMC
Rajasthan,Alwar,Barodamev APMC
Rajasthan,Tonk,Uniyara APMC
Rajasthan,Deeg,Deeg APMC
Rajasthan,Bundi,Sumerganj APMC
Rajasthan,Sirohi,Abu Road APMC
Tamil Nadu,Theni,Kambam(Uzhavar Sandhai )
Tamil Nadu,Erode,Sampath Nagar(Uzhavar Sandhai )
Tamil Nadu,Chengalpattu,Guduvancheri(Uzhavar Sandhai )
Tamil Nadu,Thirupur,Kangayam(Uzhavar Sandhai )
Tamil Nadu,Vellore,Perampet(Uzhavar Sandhai)
Tamil Nadu,Dindigul,Palani(Uzhavar Sandhai )
Tamil Nadu,Vellore,Gudiyatham(Uzhavar Sandhai )
Tamil Nadu,Thiruvannamalai,Chengam(Uzhavar Sandhai )
Tamil Nadu,Karur,Karur(Uzhavar Sandhai )
Tamil Nadu,Chengalpattu,Jameenrayapettai(Uzhavar Sandhai )
Tamil Nadu,Chengalpattu,Pallavaram(Uzhavar Sandhai )
Tamil Nadu,Chengalpattu,Medavakkam(Uzhavar Sandhai )
Tamil Nadu,Thanjavur,Papanasam(Uzhavar Sandhai )
Tamil Nadu,Nagapattinam,Mayiladuthurai(Uzhavar Sandhai )
Tamil Nadu,Pudukkottai,Aranthangi(Uzhavar Sandhai )
Tamil Nadu,Thirupathur,Natrampalli(Uzhavar Sandhai )
Tamil Nadu,Thirupathur,Vaniyampadi(Uzhavar Sandhai )
Tamil Nadu,Ariyalur,Ariyalur(Uzhavar Sandhai)
Tamil Nadu,Thiruvellore,Ambattur(Uzhavar Sandhai )
Tamil Nadu,Theni,Chinnamanur APMC
Tamil Nadu,Madurai,Thirumangalam APMC
Telangana,Nalgonda,Venkateswarnagar APMC
Telangana,Nalgonda,Miryalguda(Rythu Bazar) APMC
Telangana,Ranga Reddy,Ibrahimputnam APMC
Telangana,Hanmakonda,Excise Colony RBZ (under APMC Warangal)
Telangana,Adilabad,Adilabad(Rythu Bazar) APMC
Telangana,Ranga Reddy,Narsingi(Babbuguda) APMC
Telangana,Nalgonda,Suryapeta APMC
Telangana,Sangareddy,Patancheru APMC
Telangana,Sangareddy,APMC PATANCHERU
Telangana,Ranga Reddy,Shankarapally APMC
Telangana,Mahbubnagar,Gadwal APMC
Telangana,Karimnagar,Rudrangi APMC
Telangana,Khammam,Sathupally APMC
Telangana,Hanmakonda,Kamalapur APMC
Telangana,Khammam,Kallur APMC
Telangana,Ranga Reddy,Tanduru APMC
Telangana,Khammam,"Pavilion Ground,Khammam,RBZ APMC"
Telangana,Khammam,"Sattupalli (ramalayam),RBZ APMC"
Tripura,North Tripura,Dasda APMC
Uttar Pradesh,Gautam Budh Nagar,Dadri APMC
Uttar Pradesh,Muzaffarnagar,Shahpur APMC
Uttar Pradesh,Saharanpur,Nakur APMC
Uttar Pradesh,Saharanpur,Sultanpurchilkana APMC
Uttar Pradesh,Bhadohi(Sant Ravi Nagar),Gopiganj APMC
West Bengal,Dakshin Dinajpur,Balurghat APMC
West Bengal,Jalpaiguri,Moynaguri APMC
West Bengal,Jalpaiguri,Belacoba APMC
West Bengal,Birbhum,Birbhum APMC
West Bengal,Paschim Bardhaman,Asansol APMC
West Bengal,Birbhum,Sainthia APMC
West Bengal,Puruliya,Kasipur APMC
West Bengal,Malda,Gajol APMC
West Bengal,Birbhum,Bolpur APMC
West Bengal,Uttar Dinajpur,Kaliaganj APMC
Andhra Pradesh,Anakapally,Anakapally APMC
Andhra Pradesh,SPSR Nellore,Atmakur (SPSR Nellore District) APMC
Bihar,Madhubani,Jainagar APMC
Bihar,Begusarai,Teghra APMC
Bihar,Begusarai,Balliah APMC
Chattisgarh,Rajnandgaon,Rajnandgaon APMC
Chattisgarh,Sukma,Doranpal APMC
Chattisgarh,Sukma,Kukanar APMC
Chattisgarh,Sukma,Sukma APMC
Chattisgarh,Balrampur,Ramanujganj APMC
Chattisgarh,Gariyaband,Devbhog APMC
Chattisgarh,Bastar,Lohandiguda APMC
Chattisgarh,Kanker,Antagarh APMC
Chattisgarh,Dhamtari,Belarbahara APMC
Chattisgarh,Balrampur,Kusmee APMC
Chattisgarh,Kabirdham,Pandariya APMC
Chattisgarh,Bilaspur,Bilha APMC
Chattisgarh,Kanker,Kanker APMC
Chattisgarh,Kanker,Sarona APMC
Chattisgarh,Kanker,Dudhawa APMC
Chattisgarh,Balodabazar,Kasdol APMC
Chattisgarh,Dhamtari,Belargaon APMC
Chattisgarh,Kanker,Bardewri APMC
Chattisgarh,Bilaspur,Jairamnagar APMC
Chattisgarh,Kanker,Amoda APMC
Chattisgarh,Raipur,Navapara APMC
Chattisgarh,Koria,Manendragarh APMC
Goa,North Goa,Goa State Horticultural Corporation Ltd.
Gujarat,Banaskanth,Tharad(Rah) APMC
Gujarat,Sabarkantha,Dhansura APMC
Gujarat,Banaskanth,Deesa(Bhildi) APMC
Gujarat,Bhavnagar,Bhavnagar APMC
Gujarat,Kachchh,Bhuj APMC
Gujarat,Panchmahals,Gogamba APMC
Gujarat,Ahmedabad,Sanad APMC
Haryana,Palwal,Hassanpur APMC
Himachal Pradesh,Sirmore,SMY Nahan
Karnataka,Bengaluru,"Binny Mill (F&V), Bengaluru APMC"
Karnataka,Tumakuru,Tumakuru APMC
Karnataka,Uttara Kannada,Siddapur APMC
Karnataka,Shivamogga,Hosanagara APMC
Karnataka,Uttara Kannada,Yellapur APMC
Karnataka,Chikkamagaluru,Tarikere APMC
Karnataka,Yadgir,Shorapur APMC
Karnataka,Vijayanagara,Kudligi APMC
Karnataka,Chikkaballapur,Chickkaballapura APMC
Karnataka,Tumakuru,Gubbi APMC
Karnataka,Hassan,Hassan APMC
Karnataka,Belagavi,Nippani APMC
Karnataka,Uttara Kannada,Mundgod APMC
Karnataka,Chamarajanagar,Hanuru APMC
Karnataka,Davangere,Harappana Halli APMC
Karnataka,Bagalkot,Hungund APMC
Keralam,Wayanad,Muttil VFPCK Market
Keralam,Kollam,Kulathoopuzha VFPCK Market
Keralam,Kollam,Piravanthoor VFPCK Market
Keralam,Kottayam,Pala Market
Keralam,Thiruvananthapuram,Kilmannur VFPCK Market
Keralam,Kollam,Kollam Market
Keralam,Kannur,Payam VFPCK Market
Keralam,Pathanamthitta,Mallappally  VFPCK Market
Keralam,Kollam,Pattazhy North VFPCK Market
Keralam,Idukki,Udumbannoor  VFPCK Market
Keralam,Kollam,Valakom  VFPCK Market
Keralam,Thiruvananthapuram,Nedumangadu Market
Keralam,Ernakulam,Karumaloor VFPCK Market
Keralam,Kollam,Edamon VFPCK Market
Keralam,Ernakulam,Puthenvelikkara  VFPCK Market
Keralam,Alappuzha,Edathwa VFPCK Market
Keralam,Pathanamthitta,Pandalam Market
Keralam,Thirssur,Pazhayannur VFPCK Market
Keralam,Palakad,Perumatty VFPCK Market
Keralam,Ernakulam,Mazhuvannur VFPCK Market
Keralam,Pathanamthitta,Parakkodu Market
Madhya Pradesh,Rajgarh,Pachaur(F&V) APMC
Madhya Pradesh,Indore,Sanwer(F&V) APMC
Madhya Pradesh,Anupur,Anuppur(F&V) APMC
Madhya Pradesh,Rewa,Hanumana(F&V) APMC
Madhya Pradesh,Ratlam,Sailana(F&V) APMC
Madhya Pradesh,Jhabua,Jhabua(F&V) APMC
Madhya Pradesh,Shajapur,Berachha APMC
Madhya Pradesh,Hoshangabad,Hoshangabad APMC
Madhya Pradesh,Dewas,Bagli APMC
Madhya Pradesh,Anupur,Jaithari APMC
Maharashtra,Jalgaon,Jalgaon(Masawat) APMC
Maharashtra,Palghar,Kalyan APMC
Maharashtra,Beed,Patoda APMC
Maharashtra,Dharashiv,Kalamb (Dharashiv) APMC
Maharashtra,Nanded,Nanded APMC
Maharashtra,Washim,"N.N.Mundhada Agriculture Market Produce, Dist Washim"
Maharashtra,Jalna,Jafrabad APMC
Maharashtra,Amarawati,Varud APMC
Maharashtra,Jalna,Mantha APMC
Maharashtra,Beed,Parali Vaijyanath APMC
Maharashtra,Buldhana,Jalgaon Jamod(Aasalgaon) APMC
Maharashtra,Buldhana,Krushi Utpanna Bazar Samiti Shegaon
Maharashtra,Solapur,Kurdwadi APMC
Maharashtra,Yavatmal,Pandhakawada APMC
Maharashtra,Buldhana,Khamgaon APMC
Maharashtra,Palghar,Ulhasnagar APMC
Maharashtra,Jalna,Partur APMC
Maharashtra,Buldhana,Sindkhed Raja APMC
Maharashtra,Nashik,"Shri Rameshwar Krushi Market, M.Nagar, Tal Deola, Dist Nashik"
Maharashtra,Nashik,"Malharshree Khajgi Krushi Utpann Bajar, Chandanpuri Tal Malegaon, Nashik"
Maharashtra,Buldhana,"Jaykissan Krushi Uttpan Khajgi Bazar, Khamgaon, Dist Buldhana"
Maharashtra,Amarawati,Varud(Rajura Bazar) APMC
Maharashtra,Latur,Devani APMC
Maharashtra,Latur,Udgir APMC
Maharashtra,Nanded,Hadgaon(Tamsa) APMC
Maharashtra,Hingoli,Jawala-Bajar APMC
Meghalaya,West Garo Hills,Rongram APMC
Nagaland,Mon,Mon APMC
Nagaland,Longleng,Longleng APMC
Odisha,Cuttack,Rairangpur APMC
Punjab,Mansa,Budalada APMC
Punjab,Ropar (Rupnagar),Morinda APMC
Punjab,Gurdaspur,Gurdaspur APMC
Punjab,Fazilka,Jalalabad APMC
Punjab,Tarntaran,Bhikhiwind APMC
Punjab,Jalandhar,Bilga APMC
Punjab,Tarntaran,Khadur Sahib(Fetehabad) APMC
Punjab,Ludhiana,Samrala APMC
Punjab,Jalandhar,Nakodar APMC
Punjab,Jalandhar,Mehatpur APMC
Punjab,Moga,Nihal Singh Wala APMC
Punjab,Barnala,Tapa(Tapa Mandi) APMC
Punjab,Fatehgarh,Amloh(Gobind Garh Mandi) APMC
Punjab,Jalandhar,Shakot (Malsian) APMC
Rajasthan,Bharatpur,Bharatpur APMC
Rajasthan,Ganganagar,Anupgarh APMC
Rajasthan,Dausa,Mahuwa APMC
Rajasthan,Sikar,Sri Madhopur APMC
Rajasthan,Chittorgarh,Barisadri APMC
Rajasthan,Ganganagar,Sriganganagar (Grain) APMC
Rajasthan,Bikaner,Bikaner (Grain) APMC
Rajasthan,Bikaner,Khajuwala APMC
Rajasthan,Baran,Chhabra APMC
Rajasthan,Hanumangarh,HanumangarhTown APMC
Rajasthan,Baran,Galla Chhipabarod - Chhabra APMC
Rajasthan,Ajmer,Kekri APMC
Rajasthan,Phalodi,Phalodi APMC
Rajasthan,Nagaur,Nagaur APMC
Rajasthan,Ganganagar,Jaitsar APMC
Rajasthan,Hanumangarh,Nohar APMC
Rajasthan,Kotputli- Behror,Bansoor APMC
Rajasthan,Ganganagar,Sri Karanpur APMC
Rajasthan,Sikar,Fatehpur APMC
Rajasthan,Pali,Sumerpur APMC
Rajasthan,Bhilwara,Gulabpura APMC
Rajasthan,Dholpur,Dholpur APMC
Rajasthan,Swai Madhopur,Gangapur City APMC
Rajasthan,Swai Madhopur,Sawai Madhopur APMC
Tamil Nadu,Chengalpattu,Thirukalukundram(Uzhavar Sandhai )
Tamil Nadu,Karur,Vengamedu(Uzhavar Sandhai )
Tamil Nadu,Villupuram,Thirukovilur APMC
Tamil Nadu,Cuddalore,Panruti APMC
Tamil Nadu,Ariyalur,Ariyalur Market APMC
Tamil Nadu,Villupuram,Chinnasalem APMC
Tamil Nadu,Cuddalore,Veppur APMC
Tamil Nadu,Salem,Thammampati APMC
Tamil Nadu,Tuticorin,Kovilpatti APMC
Tamil Nadu,Kancheepuram,Tiruttani APMC
Tamil Nadu,Villupuram,Gingee APMC
Tamil Nadu,Madurai,Madurai APMC
Tamil Nadu,Vellore,Kalavai APMC
Tamil Nadu,Krishnagiri,Krishnagiri APMC
Tamil Nadu,Vellore,Arcot APMC
Tamil Nadu,Sivaganga,Karaikudi APMC
Tamil Nadu,Vellore,Ambur APMC
Tamil Nadu,Erode,Erode APMC
Tamil Nadu,Erode,Perundurai APMC
Telangana,Karimnagar,Karimnagar APMC
Telangana,Khammam,Khammam APMC
Telangana,Ranga Reddy,Narsingi APMC
Telangana,Warangal,Mahabubabad APMC
Telangana,Wanaparthy,Wanaparthy town APMC
Telangana,Medak,Siddipet APMC
Telangana,Warangal,Jangaon APMC
Telangana,Khammam,Nelakondapally APMC
Telangana,Ranga Reddy,Pargi APMC
Telangana,Medak,Dubbak APMC
Telangana,Karimnagar,Jagtial APMC
Uttar Pradesh,Ballia,Vilthararoad APMC
Uttar Pradesh,Gorakhpur,Chorichora APMC
West Bengal,Medinipur(E),Tamluk (Medinipur E) APMC
West Bengal,Medinipur(W),Garbeta(Medinipur) APMC
West Bengal,Howrah,Uluberia APMC
West Bengal,Howrah,Ramkrishanpur(Howrah) APMC
West Bengal,Nadia,Nadia APMC
West Bengal,Nadia,Ranaghat APMC
West Bengal,Nadia,Chakdah APMC
West Bengal,Jhargram,Jhargram APMC
West Bengal,Medinipur(E),Egra/contai APMC
West Bengal,Paschim Bardhaman,Durgapur APMC
West Bengal,Nadia,Kalyani APMC
West Bengal,Kalimpong,Kalimpong APMC
West Bengal,Kolkata,Bara Bazar (Posta Bazar) APMC
West Bengal,Medinipur(E),Kolaghat APMC
West Bengal,Murshidabad,Jiaganj APMC
West Bengal,Malda,Samsi APMC
Assam,Barpeta,Baharihat APMC
Bihar,Khagaria,Mansi Mandi APMC
Chattisgarh,Raigarh,Salihabhata APMC
Chattisgarh,Sukma,Konta APMC
Chattisgarh,Bastar,Tokapal APMC
Chattisgarh,Bastar,Bastar APMC
Chattisgarh,Rajnandgaon,Dongargarh APMC
Chattisgarh,Balrampur,Rajpur APMC
Gujarat,Amreli,Amreli APMC
Gujarat,Vadodara(Baroda),Nasvadi APMC
Gujarat,Sabarkantha,Bhiloda APMC
Gujarat,Panchmahals,Godhra(Timbaroad) APMC
Haryana,Karnal,Kunjpura APMC
Karnataka,Kodagu,Somvarpet APMC
Karnataka,Kalaburagi,Alanda APMC
Karnataka,Gadag,Mundaragi APMC
Karnataka,Chamarajanagar,Kollegal APMC
Karnataka,Belagavi,Gokak APMC
Karnataka,Belagavi,Kudchi APMC
Karnataka,Haveri,Savanur APMC
Karnataka,Mysuru,K.R.Nagar APMC
Keralam,Idukki,Alacode  VFPCK Market
Keralam,Ernakulam,Malayattoor  VFPCK Market
Keralam,Pathanamthitta,Thengamam VFPCK Market
Keralam,Pathanamthitta,Ranni VFPCK Market
Keralam,Ernakulam,Pothanikkadu VFPCK Market
Keralam,Pathanamthitta,Mezhuveli  VFPCK Market
Keralam,Malappuram,Kannamangalam  VFPCK Market
Madhya Pradesh,Chhatarpur,Bakswaha APMC
Maharashtra,Nandurbar,Nandurbar APMC
Maharashtra,Nagpur,"M/S Kalpana Agri Commodities Marketing, Nagpur"
Maharashtra,Nanded,Hadgaon APMC
Maharashtra,Yavatmal,Ner Parasopant APMC
Maharashtra,Yavatmal,Aarni APMC
Maharashtra,Nanded,Himayatnagar APMC
Maharashtra,Parbhani,Parbhani APMC
Maharashtra,Amarawati,Shetkari Krushi Utapanna Bazar Roshankheda Tal Varud Dist Amravati
Maharashtra,Parbhani,"Shree Salasar Krushi Bazar, Dist Parbhani"
Maharashtra,Palghar,Shahapur APMC
Maharashtra,Hingoli,Akhadabalapur APMC
Maharashtra,Pune,Indapur APMC
Maharashtra,Dharashiv,Bhoom APMC
Maharashtra,Ahilyanagar,Karjat APMC
Maharashtra,Nanded,Mukhed APMC
Maharashtra,Jalgaon,Dharangaon APMC
Maharashtra,Buldhana,Motala APMC
Maharashtra,Ahilyanagar,Shrigonda APMC
Maharashtra,Ahilyanagar,Newasa APMC
Maharashtra,Satara,Lonand APMC
Maharashtra,Nagpur,Mandhal APMC
Maharashtra,Yavatmal,"Ramdev Krushi Bazaar, Digras road, Manora, Dist Washim"
Maharashtra,Palghar,Vasai APMC
Maharashtra,Jalna,Ghansawangi APMC
Maharashtra,Hingoli,Basmat APMC
Maharashtra,Ahilyanagar,Shrirampur(Belapur) APMC
Nagaland,Kohima,Jalukie APMC
Punjab,Ludhiana,Raikot APMC
Punjab,Patiala,Patran APMC
Punjab,Muktsar,Giddarbaha APMC
Punjab,Ludhiana,Machhiwara APMC
Punjab,Ferozpur,Talwandi Bhai APMC
Rajasthan,Ajmer,Ajmer(F&V) APMC
Rajasthan,Bharatpur,Nadwai APMC
Rajasthan,Dausa,Dausa APMC
Rajasthan,Swai Madhopur,Khandar APMC
Rajasthan,Ganganagar,Sri Vijayanagar APMC
Rajasthan,Jaipur,Kishangarh Renwal APMC
Rajasthan,Ganganagar,Raisingh Nagar APMC
Rajasthan,Bundi,Keshoraipatan APMC
Rajasthan,Jaipur,Rajdhanai Mandi KukarKheda APMC
Rajasthan,Deedwana Kuchaman,Kuchaman City APMC
Rajasthan,Barmer,Barmer APMC
Rajasthan,Pali,Sojat Road APMC
Rajasthan,Deeg,Kumher APMC
Tamil Nadu,Coimbatore,Madathukulam APMC
Tamil Nadu,Thiruvannamalai,Kilpennathur APMC
Tamil Nadu,Tuticorin,Ettayapuram APMC
Tamil Nadu,Thiruvellore,Tiruvellore APMC
Tamil Nadu,Vellore,Katpadi APMC
Tamil Nadu,Kancheepuram,Uthukottai APMC
Tamil Nadu,Madurai,Usilampatty APMC
Tamil Nadu,Namakkal,Rasipuram APMC
Telangana,Ranga Reddy,Vikarabad APMC
Telangana,Karimnagar,Jammikunta APMC
Telangana,Medak,Narsapur APMC
Telangana,Medak,Gajwel APMC
Uttar Pradesh,Ballia,Chitwadagaon APMC
Uttar Pradesh,Saharanpur,Nanuta APMC
Andhra Pradesh,SPSR Nellore,Rapur APMC
Andhra Pradesh,Krishna,Divi (HQ-Avanigadda) APMC
Chattisgarh,Janjgir,Amadula APMC
Chattisgarh,Mungeli,Lormi APMC
Gujarat,Rajkot,Gondal APMC
Gujarat,Mehsana,Vijapur APMC
Gujarat,Panchmahals,Godhra Kakanpur APMC
Gujarat,Mehsana,Vijapur(Gojjariya) APMC
Haryana,Bhiwani,Loharu APMC
Karnataka,Haveri,Byadagi APMC
Karnataka,Tumakuru,Madhugiri APMC
Karnataka,Vijayanagara,Hoovinahadagali APMC
Karnataka,Yadgir,Yadgir APMC
Karnataka,Koppal,Karatagi APMC
Keralam,Pathanamthitta,Puramattom VFPCK Market
Keralam,Ernakulam,Keerampara VFPCK Market
Keralam,Pathanamthitta,Pallikkal  VFPCK Market
Keralam,Ernakulam,Thuravoor VFPCK Market
Madhya Pradesh,Seoni,Seoni(F&V) APMC
Madhya Pradesh,Ratlam,Jawra(F&V) APMC
Madhya Pradesh,Alirajpur,Alirajpur(F&V) APMC
Madhya Pradesh,Sagar,Jaisinagar APMC
Maharashtra,Pune,Nira(Saswad) APMC
Maharashtra,Beed,Kaij APMC
Maharashtra,Beed,Vadvani APMC
Maharashtra,Pune,Nira APMC
Maharashtra,Nanded,Umari APMC
Maharashtra,Ahilyanagar,"Prasanna Krushi Market, Tal Parnet, Dist Ahilyanagar"
Maharashtra,Wardha,Ashti APMC
Meghalaya,South West Khasi Hills,Mawkyrwat APMC
Meghalaya,West Garo Hills,Dadengiri APMC
Nagaland,Phek,Pfatsero APMC
Odisha,Sambalpur,Gosala APMC
Punjab,Fatehgarh,Chanarthal APMC
Rajasthan,Jaipur,Chaksu APMC
Rajasthan,Tonk,Todaraisingh APMC
Rajasthan,Hanumangarh,Pilibanga APMC
Rajasthan,Churu,Sardar Shahar APMC
Tamil Nadu,Coimbatore,Thiruppur APMC
Tamil Nadu,Virudhunagar,Aruppukottai APMC
Tamil Nadu,Thirunelveli,Tirunelvali APMC
Tamil Nadu,Thiruvannamalai,Desur APMC
Tamil Nadu,Villupuram,Thiruvennainallur APMC
Tamil Nadu,Kallakuruchi,Thirunavalur APMC
Tamil Nadu,Coimbatore,Coimbatore APMC
Telangana,Mahbubnagar,Mahabubnagar(Rythu Bazar) APMC
Telangana,Mahbubnagar,Devarakadra APMC
Telangana,Nalgonda,Devarkonda(Dindi) APMC
Telangana,Nalgonda,Devarakonda APMC
Telangana,Karimnagar,Manakodur APMC
Telangana,Nalgonda,Devarkonda(Mallepalli) APMC
Uttarakhand,Udhamsinghnagar,Nanakmatta APMC
Andhra Pradesh,Krishna,Penamaluru (HQ-Kankipadu) APMC
Assam,Kamrup,Sontoli APMC
Bihar,Kishanganj,Bahadurganj APMC
Chattisgarh,Jashpur,Jaspur APMC
Chattisgarh,Jashpur,Kotba APMC
Chattisgarh,Rajnandgaon,Kheragarh APMC
Chattisgarh,Bastar,Muli APMC
Chattisgarh,Bilaspur,Kota APMC
Chattisgarh,Bilaspur,Sakri APMC
Chattisgarh,Janjgir,Baradwar APMC
Chattisgarh,Mungeli,Pathriya APMC
Chattisgarh,Mahasamund,Bhoring APMC
Chattisgarh,Bemetara,Saja APMC
Gujarat,Dahod,Limkheda APMC
Gujarat,Panchmahals,Gogamba(Similiya) APMC
Haryana,Kaithal,Kaithal APMC
Haryana,Ambala,Mullana APMC
Haryana,Ambala,Mullana(saha) APMC
Karnataka,Tumakuru,Sira APMC
Karnataka,Dharwad,Kundagol APMC
Karnataka,Dharwad,Dharwar APMC
Karnataka,Dharwad,Annigeri APMC
Karnataka,Dharwad,APMC Kundagol
Karnataka,Vijayanagara,Sandur APMC
Karnataka,Bidar,Humanabad APMC
Karnataka,Vijayapura,Indi APMC
Keralam,Kannur,Irityy Market
Keralam,Kottayam,Neezhoor VFPCK Market
Keralam,Kollam,Chengamanad  VFPCK Market
Keralam,Kollam,Thalavoor VFPCK Market
Keralam,Thiruvananthapuram,Anyara(EEC) Market
Keralam,Kottayam,Ks Mangalam VFPCK Market
Keralam,Kollam,Plappally VFPCK Market
Keralam,Kottayam,Adithyapuram  VFPCK Market
Madhya Pradesh,Neemuch,Javad APMC
Madhya Pradesh,Balaghat,Mohgaon APMC
Madhya Pradesh,Badwani,Balwadi APMC
Madhya Pradesh,Anupur,Kotma APMC
Madhya Pradesh,Chhindwara,APMC Sausar
Madhya Pradesh,Shajapur,Maksi APMC
Maharashtra,Chandrapur,APMC Rajura
Maharashtra,Ahilyanagar,Karjat(Rashin) APMC
Maharashtra,Jalna,Bhokardan(Pimpalgaon Renu) APMC
Maharashtra,Gondiya,Goregaon APMC
Maharashtra,Hingoli,"Sant Namdev Krushi Bazar, Tal Sengaon Dist Hingoli"
Meghalaya,East Khasi Hills,Sohra APMC
Odisha,Deogarh,Tileibani APMC
Odisha,Bhadrak,Chandabali APMC
Odisha,Mayurbhanja,Chuliaposi APMC
Punjab,Ludhiana,Killa Raipur (Jodhan) APMC
Punjab,Amritsar,Gehri APMC
Punjab,Ludhiana,Maloud APMC
Punjab,Faridkot,Kotkapura APMC
Rajasthan,Bikaner,Bikaner (F&V) APMC
Tamil Nadu,Namakkal,Namagiripettai APMC
Tamil Nadu,Cuddalore,Shrimushnam APMC
Tamil Nadu,Coimbatore,Pongalur APMC
Tamil Nadu,Coimbatore,Thondamuthur APMC
Tamil Nadu,Cuddalore,Cuddalore APMC
Tamil Nadu,Pudukkottai,Keeranur APMC
Tamil Nadu,Namakkal,Solakkadu APMC
Telangana,Ranga Reddy,Marapally APMC
Telangana,Jayashankar Bhupalapally,Bhupalapally APMC
Telangana,Bhupalapally,Bhupalapally APMC
Uttar Pradesh,Ghazipur,Jamanian APMC
Uttar Pradesh,Ghaziabad,Muradnagar APMC
Uttar Pradesh,Meerut,Sardhana APMC
Uttar Pradesh,Meerut,Mawana APMC
Uttar Pradesh,Saharanpur,Rampurmaniharan APMC
Andhra Pradesh,Tirupathi,Puttur APMC
Bihar,Jamui,Jamui APMC
Bihar,Supaul,Supaul APMC
Chattisgarh,Gariyaband,Gariyaband APMC
Chattisgarh,Bemetara,Sambalpur (Bemetra) APMC
Chattisgarh,Mahasamund,Pirda APMC
Chattisgarh,Kabirdham,Pipriya APMC
Chattisgarh,Kabirdham,Biranpur kalan (Sahaspur Lohra) APMC
Goa,South Goa,Margao APMC
Gujarat,Ahmedabad,Dholka APMC
Himachal Pradesh,Kangra,SMY Jassur
Karnataka,Gadag,Rona APMC
Karnataka,Chitradurga,Rampura APMC
Madhya Pradesh,Shivpuri,Rannod APMC
Maharashtra,Parbhani,Manwat APMC
Maharashtra,Washim,"Krushna Krishi Bazar, Washim"
Maharashtra,Wardha,Sindi APMC
Maharashtra,Yavatmal,"Cottoncity Agro Foods Pvt Ltd, Dist Yavatmal"
Maharashtra,Buldhana,Sangrampur(Varvatbakal) APMC
Maharashtra,Wardha,Pulgaon APMC
Maharashtra,Nanded,Mukhed(Mukkambad) APMC
Maharashtra,Jalgaon,Raver APMC
Meghalaya,South Garo Hills,Baghmara APMC
Punjab,Amritsar,Attari APMC
Rajasthan,Ganganagar,Lalgarh Jatan - Sri Ganganagar Grain APMC
Rajasthan,Jaisalmer,Mohangarh APMC
Rajasthan,Sikar,Neem Ka Thana APMC
Rajasthan,Jaisalmer,Jaisalmer APMC
Tamil Nadu,Coimbatore,Pethappampatti APMC
Tamil Nadu,Thiruchirappalli,Trichy APMC
Tamil Nadu,Dharmapuri,Dharampuri APMC
Telangana,Bhadradri Kothagudem,Nuguru Charla APMC
Uttar Pradesh,Ballia,Rasda APMC
Karnataka,Bagalkot,Jamakhandi APMC
Tamil Nadu,Erode,Chithode APMC
Uttar Pradesh,Meerut,Parikshitgarh APMC
Bihar,Kishanganj,Kishanganj APMC
Chattisgarh,Balodabazar,Sarsiwan APMC
Chattisgarh,Balodabazar,Bhatgaon APMC
Gujarat,Banaskanth,Vav APMC
Gujarat,Panchmahals,Godhra APMC
Keralam,Thiruvananthapuram,Mudakkal VFPCK Market
Maharashtra,Pune,Bhor APMC
Maharashtra,Jalna,Bhokardan APMC
Maharashtra,Hingoli,Basmat(Kurunda) APMC
Odisha,Koraput,Jeypore APMC
Odisha,Koraput,Jeypore(Kotpad) APMC
Rajasthan,Kotputli- Behror,Kotputli APMC
Telangana,Siddipet,Chinnakodur APMC
Telangana,Bhadradri Kothagudem,Yellandu APMC
Chattisgarh,Gariyaband,Chura APMC
Karnataka,Bagalkot,Bilagi APMC
Keralam,Wayanad,Thondernad  VFPCK Market
Maharashtra,Amarawati,"Shetkari Krushi Bazar, Roshankheda, Tal Varid, Dist Amravati"
Bihar,Darbhanga,Bahadurpur (Ekmi Ghat) APMC
Bihar,Kaimur/Bhabhua,Mohana APMC
Karnataka,Bidar,Aurad APMC
Madhya Pradesh,Balaghat,Khairlangi APMC
Maharashtra,Buldhana,"Maharaja Agresen Pvt Krushi Utappan Bazar Samati, Dist Buldhana"
Maharashtra,Parbhani,"Hari Har Khajagi Bazar Parisar, Gangakhed, Dist Parbhani"
Maharashtra,Yavatmal,Ghatanji APMC
Nagaland,Kiphire,Kipheri APMC
Odisha,Angul,Angaura APMC
Odisha,Jajpur,Jajpur APMC
Punjab,Pathankot,Pathankot APMC
Punjab,Jalandhar,Lohian Khas APMC
Punjab,Jalandhar,Nakodar(Sarih) APMC
Rajasthan,Alwar,Govindgarh APMC
Tamil Nadu,Namakkal,Namakkal APMC
Tamil Nadu,Perambalur,Perambalur APMC
Tamil Nadu,Ariyalur,Jayamkondam APMC
Tamil Nadu,Thirunelveli,Ambasamudram APMC
Tamil Nadu,Kancheepuram,Kanchipuram APMC
Tamil Nadu,Pudukkottai,Pudukottai APMC
Telangana,Adilabad,Kuber APMC
Chattisgarh,Bilaspur,Ratanpur APMC
Chattisgarh,Janjgir,Shivrinarayanpur APMC
Gujarat,Sabarkantha,Idar APMC
Madhya Pradesh,Balaghat,Praswada APMC
Maharashtra,Chattrapati Sambhajinagar,Sillod APMC
Maharashtra,Jalgaon,Chopada APMC
Maharashtra,Jalgaon,Yawal APMC
Maharashtra,Nagpur,Agriculture Produce Market Committee Hingna
Maharashtra,Nashik,Chandvad APMC
Meghalaya,East Jaintia Hills,Khliehriat APMC
Rajasthan,Pratapgarh,Arnod APMC
Tamil Nadu,Virudhunagar,Sathur APMC
Tamil Nadu,Cuddalore,Tittakudi APMC
Tamil Nadu,Tenkasi,Tiruvenkadam APMC
Tamil Nadu,Madurai,Melur APMC
Tamil Nadu,Thirunelveli,Tisayanvilai APMC
Tamil Nadu,Cuddalore,Virudhachalam APMC
Tamil Nadu,Pudukkottai,Alangudi APMC
Tamil Nadu,Vellore,Kaveripakkam APMC
Telangana,Mahbubnagar,Achampet APMC
Telangana,Adilabad,Echoda APMC
Telangana,Mancherial,Chennur APMC
Telangana,Rajanna Siricilla,Gambhiraopet APMC
Andhra Pradesh,Sri Sathya Sai,Tenakallu APMC
Gujarat,Gir Somnath,Una APMC
Gujarat,Anand,APMC ANAND
Gujarat,Patan,Chansama APMC
Gujarat,Surat,Bardoli(Madhi) APMC
Karnataka,Bagalkot,Badami APMC
Madhya Pradesh,Dhar,Rajgarh(F&V) APMC
Maharashtra,Jalgaon,Pachora APMC
Maharashtra,Amarawati,Dharni APMC
Maharashtra,Chandrapur,Pombhurni APMC
Nagaland,Mokokchung,Tuli APMC
Punjab,Amritsar,Amritsar(Amritsar Mewa Mandi) APMC
Rajasthan,Kota,Kota APMC
Rajasthan,Bikaner,Bajju APMC
Tamil Nadu,Erode,Sathyamangalam APMC
Tamil Nadu,Virudhunagar,Virudhunagar APMC
Bihar,Madhepura,Bihariganj APMC
Keralam,Thiruvananthapuram,Vembayam VFPCK Market
Keralam,Thiruvananthapuram,Aryanad VFPCK Market
Maharashtra,Parbhani,Purna APMC
Maharashtra,Chandrapur,Rajura APMC
Tamil Nadu,Tuticorin,Sathankulam APMC
Tamil Nadu,Thanjavur,Thanjavur APMC
Chattisgarh,Janjgir,Birra APMC
Maharashtra,Pune,Indapur(Bhigwan) APMC
Telangana,Mahbubnagar,Wanaparthy town APMC
Telangana,Adilabad,Jainath APMC
Karnataka,Davangere,Jagalur APMC
Maharashtra,Yavatmal,"Kisan Market Yard, Tal Pusad, Dist Yeotmal"
Maharashtra,Nagpur,Narkhed APMC
Maharashtra,Bhandara,Pavani APMC
Meghalaya,South West Garo Hills,Ampati APMC
Rajasthan,Jhalawar,Manohararthana APMC
Assam,Sonitpur,Biswanath Chairaili APMC
Bihar,Rohtas,Nokha APMC
Chattisgarh,Janjgir,Jaijaipur
Keralam,Pathanamthitta,Kalanjoor  VFPCK Market
Keralam,Pathanamthitta,Pramadom VFPCK Market
Maharashtra,Chandrapur,Varora APMC
Maharashtra,Hingoli,"Marathawada Shetkari Khajgi Bazar Parisar, Vasmat, Dist Hingoli"
Punjab,Mohali,Kurali APMC
Punjab,Patiala,Ghanaur APMC
Tamil Nadu,Tuticorin,Kalugumalai APMC
Tamil Nadu,Salem,Gangavalli APMC
Tamil Nadu,Salem,Vazhapadi APMC
Telangana,Mahbubnagar,Narayanpet APMC
Telangana,Adilabad,Khanapur APMC
Telangana,Nalgonda,Huzurnagar Matampally APMC
Telangana,Nalgonda,Huzurnagar Garidepally APMC
Telangana,Karimnagar,Mallial(Cheppial) APMC
Telangana,Medak,Thoguta APMC
Telangana,Medak,THOGUTA APMC
Chattisgarh,Mahasamund,Jhalap APMC
Chattisgarh,Janjgir,Naila APMC
Haryana,Sirsa,Ding APMC
Maharashtra,Solapur,Solapur APMC
Maharashtra,Nagpur,Katol APMC
Maharashtra,Nashik,Pimpalgaon APMC
Maharashtra,Yavatmal,Ralegaon APMC
Mizoram,Lungli,Lunglei Bara Bazar
Odisha,Angul,Pallahara APMC
Rajasthan,Udaipur,Udaipur (Grain) APMC
Tamil Nadu,Erode,Punjaipuliyampatti APMC
Tamil Nadu,Pudukkottai,Aranthangi APMC
Tamil Nadu,Thiruvannamalai,Vettavalam APMC
Tamil Nadu,Theni,Theni APMC
Tamil Nadu,Kancheepuram,Maduranthagam APMC
Telangana,Hanmakonda,Excise Colony RBZ APMC
West Bengal,Alipurduar,Falakata APMC
Bihar,Gaya,Gaya APMC
Chandigarh,Chandigarh,Chandigarh(Grain/Fruit) APMC
Karnataka,Kalaburagi,Afzalpur APMC
Keralam,Thirssur,Melocr VFPCK Market
Maharashtra,Bhandara,Lakhandur APMC
Nagaland,Zunheboto,Zunheboto APMC
Tamil Nadu,Erode,Thalavadi APMC
Telangana,Mahbubnagar,Sathupally APMC
Telangana,Adilabad,Bellampally APMC
Andaman and Nicobar,North and Middle Andaman ,Diglipur APMC
Andhra Pradesh,Dr.B.R.A.Konaseema,Alamuru APMC
Chattisgarh,Jashpur,Kunkuri APMC
Gujarat,Mehsana,Vijapur(Kukarvada) APMC
Haryana,Kurukshetra,Iamailabad APMC
Maharashtra,Buldhana,Shegaon APMC
Maharashtra,Nagpur,Hingna APMC
Punjab,Muktsar,Bariwala APMC
Punjab,Mohali,Dera Bassi APMC
Tamil Nadu,Sivaganga,Manamadurai  APMC
Tamil Nadu,Erode,Boothapadi APMC
Telangana,Nalgonda,Huzumnagar(Garidepally) APMC
Telangana,Mahbubnagar,Nelakondapally APMC
Telangana,Medak,Togguta APMC
Andaman and Nicobar,North and Middle Andaman ,Mayabandar APMC
Gujarat,Surat,KUKARMUNDA APMC
Haryana,Bhiwani,Tosham APMC
Rajasthan,Ganganagar,Ridmalsar APMC
Telangana,Khammam,Dammapet APMC
Telangana,Nalgonda,Huzurnagar(Matampally) APMC
Telangana,Khammam,Burgampadu APMC
Telangana,Khammam,Madhira APMC
Telangana,Mahbubnagar,Madhira APMC
Assam,Darrang,Kharupetia APMC
Chattisgarh,Bilaspur,Beltara APMC
Keralam,Pathanamthitta,Naranganam  VFPCK Market
Maharashtra,Pune,Khed(Shel Pimpalgaon) APMC
Telangana,Warangal,"Excise Colony,RBZ APMC"
Telangana,Khammam,Bhadrachalam APMC
Chattisgarh,Mahasamund,Komakhan APMC
Rajasthan,Pali,Bali APMC
Telangana,Jagtial,Mallapur APMC
Telangana,Adilabad,Chinnoar APMC
Kerala,Malappuram,Chungathara VFPCK APMC
Kerala,Malappuram,Moothedam  VFPCK APMC
Andhra Pradesh,Chittor,Madanapalli APMC
Karnataka,Bellary,Hospet APMC
Kerala,Ernakulam,Piravam APMC
Kerala,Thiruvananthapuram,Parassala APMC
Kerala,Kollam,Anchal APMC
Kerala,Kottayam,Kuruppanthura APMC
Kerala,Kozhikode(Calicut),Mukkom APMC
Kerala,Thirssur,Thrissur APMC
Kerala,Palakad,Koduvayoor APMC
Kerala,Palakad,vadakarapathy APMC
Kerala,Kollam,Anchal VFPCK APMC
Kerala,Kollam,Valakom  VFPCK APMC
Kerala,Kozhikode(Calicut),Vellannur  VFPCK APMC
Kerala,Kozhikode(Calicut),Kakkur VFPCK APMC
Kerala,Kozhikode(Calicut),Mavoor  VFPCK APMC
Kerala,Kozhikode(Calicut),Thiruvambady VFPCK APMC
Kerala,Kozhikode(Calicut),Kodiyathur VFPCK APMC
Kerala,Wayanad,Padinjarathara  VFPCK APMC
Kerala,Wayanad,Thariyode VFPCK APMC
Kerala,Thiruvananthapuram,Kunnathukkal VFPCK APMC
Kerala,Kozhikode(Calicut),Thalakulathur VFPCK APMC
Kerala,Kannur,Thalasserry APMC
Kerala,Kozhikode(Calicut),Keezhparamba  VFPCK APMC
Kerala,Pathanamthitta,Mallappally  VFPCK APMC
Kerala,Kottayam,Bharnanganam VFPCK
Kerala,Kollam,Neduvathoor  VFPCK APMC
Kerala,Thiruvananthapuram,Parassala VFPCK APMC
Kerala,Kollam,Kulathoopuzha VFPCK APMC
Kerala,Wayanad,Muttil VFPCK APMC
Kerala,Thirssur,Kodungalloor APMC
Kerala,Kozhikode(Calicut),Kunnamangalam  VFPCK APMC
Kerala,Thirssur,Elanad  VFPCK APMC
Kerala,Thiruvananthapuram,Kattakada APMC
Kerala,Wayanad,Neervaram  VFPCK APMC
Madhya Pradesh,Jabalpur,Shahpura(Jabalpur) APMC
Madhya Pradesh,Jabalpur,Sehora APMC
Telangana,Karimnagar,Ibrahimpatnam APMC
Andhra Pradesh,East Godavari,Ambajipeta APMC
Andhra Pradesh,East Godavari,Ravulapelem APMC
Andhra Pradesh,Cuddapah,Cuddapah APMC
Andhra Pradesh,Chittor,CHITTOOR APMC
Andhra Pradesh,Visakhapatnam,Anakapally APMC
Andhra Pradesh,West Godavari,Eluru APMC
Andhra Pradesh,West Godavari,Chintalapudi APMC
Andhra Pradesh,Chittor,Puttur APMC
Andhra Pradesh,Chittor,Punganur APMC
Andhra Pradesh,Chittor,Kalikiri APMC
Assam,Kamrup,P.O. Uparhali Guwahati APMC
Gujarat,Rajkot,Jasdan(Vichhiya) APMC
Gujarat,Junagarh,Manavdar APMC
Gujarat,Ahmedabad,Dhandhuka APMC
Gujarat,Surat,Nizar(Rumkitalav) APMC
Gujarat,Surat,Nizar APMC
Gujarat,Surat,Uchhal APMC
Gujarat,Navsari,Chikhali APMC
Gujarat,Sabarkantha,APMCKHEDBRAHMA
Gujarat,Vadodara(Baroda),Vagodiya APMC
Jammu and Kashmir,Udhampur,Udhampur APMC
Jammu and Kashmir,Kathua,Kathua APMC
Jammu and Kashmir,Rajouri,Rajouri (F&V) APMC
Jammu and Kashmir,Jammu,Narwal Jammu (F&V) APMC
Jammu and Kashmir,Anantnag,Batingoo APMC
Jammu and Kashmir,Shopian,Shopian APMC
Jammu and Kashmir,Ganderbal,Ganderbal APMC
Jammu and Kashmir,Anantnag,Jablipora APMC
Karnataka,Bangalore,Bangalore APMC
Karnataka,Bangalore,"Binny Mill (F&V), Bangalore APMC"
Karnataka,Chikmagalur,Moodigere APMC
Karnataka,Karwar(Uttar Kannad),Honnavar APMC
Karnataka,Mangalore(Dakshin Kannad),Puttur APMC
Karnataka,Mangalore(Dakshin Kannad),Belthangdi APMC
Karnataka,Shimoga,Shimoga(Theertahalli) APMC
Karnataka,Shimoga,Bhadravathi APMC
Karnataka,Chikmagalur,Kadur APMC
Karnataka,Mangalore(Dakshin Kannad),Bantwala APMC
Karnataka,Karwar(Uttar Kannad),Haliyala APMC
Karnataka,Karwar(Uttar Kannad),Sirsi APMC
Karnataka,Shimoga,Shikaripura APMC
Karnataka,Bangalore,Ramanagara APMC
Karnataka,Bellary,Kottur APMC
Karnataka,Bijapur,Bijapur APMC
Karnataka,Bangalore,Doddaballa Pur APMC
Karnataka,Bangalore,Hoskote APMC
Karnataka,Kolar,Bhagepalli APMC
Karnataka,Chamrajnagar,Gundlupet APMC
Karnataka,Chikmagalur,Chikkamagalore APMC
Karnataka,Kolar,Chintamani APMC
Karnataka,Chamrajnagar,Chamaraj Nagar APMC
Karnataka,Mysore,Nanjangud APMC
Karnataka,Kolar,Gowribidanoor APMC
Karnataka,Madikeri(Kodagu),Gonikappal APMC
Karnataka,Kolar,Chickkaballapura APMC
Karnataka,Mysore,Hunsur APMC
Karnataka,Belgaum,Belgaum APMC
Karnataka,Bellary,H.B. Halli APMC
Karnataka,Belgaum,Ramdurga APMC
Karnataka,Belgaum,Sankeshwar APMC
Karnataka,Belgaum,Kudchi APMC
Karnataka,Belgaum,Nippani APMC
Karnataka,Bijapur,Sindagi(Indi) APMC
Karnataka,Belgaum,Bailahongal APMC
Karnataka,Kalburgi,Chincholi APMC
Karnataka,Belgaum,Soundati APMC
Karnataka,Bangalore,Kanakapura APMC
Karnataka,Kolar,Mulabagilu APMC
Kerala,Ernakulam,North Paravur APMC
Kerala,Thiruvananthapuram,Pappanchani VFPCK APMC
Kerala,Idukki,Munnar APMC
Kerala,Malappuram,Perinthalmanna APMC
Kerala,Thiruvananthapuram,Chala APMC
Kerala,Kannur,Irikkur APMC
Kerala,Idukki,Thodupuzha APMC
Kerala,Kasargod,Kasargod APMC
Kerala,Kannur,Kuthuparambu APMC
Kerala,Kannur,Payyannur APMC
Kerala,Kasargod,Manjeswaram APMC
Kerala,Kollam,Punalur APMC
Kerala,Malappuram,Parappanangadi APMC
Kerala,Pathanamthitta,Ranniangadi APMC
Kerala,Alappuzha,Chengannur APMC
Kerala,Alappuzha,Mannar APMC
Kerala,Kollam,Sasthamkotta APMC
Kerala,Ernakulam,Thrippunithura APMC
Kerala,Palakad,Kollengode APMC
Kerala,Ernakulam,Ernakulam APMC
Kerala,Palakad,Palakkad APMC
Kerala,Kottayam,Kaithepalam VFPCK APMC
Kerala,Ernakulam,Perumbavoor APMC
Kerala,Kozhikode(Calicut),Quilandy APMC
Kerala,Alappuzha,Kayamkulam APMC
Kerala,Alappuzha,Harippad APMC
Kerala,Thirssur,Chavakkad APMC
Kerala,Kottayam,Ettumanoor APMC
Kerala,Alappuzha,Aroor APMC
Kerala,Wayanad,Kalpetta APMC
Kerala,Ernakulam,Kothamangalam APMC
Kerala,Palakad,Vadakkenchery APMC
Kerala,Palakad,Kottayi VFPCK APMC
Kerala,Alappuzha,Cherthala APMC
Kerala,Kozhikode(Calicut),Perambra APMC
Kerala,Malappuram,Thirurrangadi APMC
Kerala,Kozhikode(Calicut),Kallachi APMC
Kerala,Kottayam,Pampady APMC
Kerala,Thirssur,Alengad  VFPCK APMC
Kerala,Pathanamthitta,Pramadom VFPCK APMC
Kerala,Pathanamthitta,Kalanjoor  VFPCK APMC
Kerala,Thirssur,Kuzhur  VFPCK APMC
Kerala,Kannur,Kolayad VFPCK APMC
Kerala,Kozhikode(Calicut),Koodaranji VFPCK APMC
Kerala,Thirssur,Puthur  VFPCK APMC
Kerala,Ernakulam,Kunnukara  VFPCK APMC
Kerala,Idukki,Kannakunnu VFPCK APMC
Kerala,Kottayam,Aymanam VFPCK APMC
Kerala,Kollam,Chathanoor APMC
Kerala,Pathanamthitta,Enadimangalam VFPCK APMC
Kerala,Kollam,Inchakkad VFPCK APMC
Kerala,Ernakulam,Edackattuvayal  VFPCK APMC
Kerala,Thirssur,Pananchery VFPCK APMC
Kerala,Kannur,Peravoor VFPCK APMC
Kerala,Kannur,Maloor VFPCK APMC
Kerala,Kottayam,Ramapuram VFPCK APMC
Kerala,Thiruvananthapuram,Mudakkal VFPCK APMC
Kerala,Malappuram,Thiruvali  VFPCK APMC
Kerala,Kottayam,Vempally  VFPCK APMC
Kerala,Kollam,Nedumpaikulam  VFPCK APMC
Kerala,Kannur,Taliparamba APMC
Kerala,Wayanad,Pulpally APMC
Kerala,Pathanamthitta,Omalloor APMC
Kerala,Ernakulam,Mookkannur  VFPCK APMC
Kerala,Thirssur,Varandarappilly  VFPCK APMC
Kerala,Thirssur,Veloorkkara VFPCK APMC
Kerala,Kottayam,Vayala  VFPCK APMC
Kerala,Ernakulam,Moovattupuzha APMC
Kerala,Kannur,Chavassery VFPCK APMC
Kerala,Alappuzha,Venmony  VFPCK APMC
Kerala,Kannur,Kelakam VFPCK APMC
Kerala,Pathanamthitta,Ranni VFPCK APMC
Kerala,Alappuzha,Thamarakkulam VFPCK APMC
Kerala,Pathanamthitta,Seethathode  VFPCK APMC
Kerala,Idukki,Melechinnar VFPCK APMC
Kerala,Ernakulam,Keerampara VFPCK APMC
Kerala,Kollam,Sasthamkotta VFPCK APMC
Kerala,Thiruvananthapuram,Vengannore  VFPCK APMC
Kerala,Thiruvananthapuram,Kallara  VFPCK APMC
Kerala,Malappuram,Angadippuram VFPCK APMC
Kerala,Malappuram,Elamkulam VFPCK APMC
Kerala,Kozhikode(Calicut),Kodenchery VFPCK APMC
Kerala,Thiruvananthapuram,Balaramapuram  VFPCK APMC
Kerala,Kollam,Kollam APMC
Kerala,Thirssur,Mala VFPCK APMC
Kerala,Kozhikode(Calicut),Mukkam  VFPCK APMC
Kerala,Malappuram,Mankada VFPCK APMC
Kerala,Thiruvananthapuram,Vellarada  VFPCK APMC
Kerala,Ernakulam,Kadungallur  VFPCK APMC
Kerala,Thirssur,Amballur  VFPCK APMC
Kerala,Kollam,Elamad  VFPCK APMC
Kerala,Kollam,Kadakkal  VFPCK APMC
Kerala,Thirssur,Kadukutty VFPCK APMC
Kerala,Kottayam,Vakathanam VFPCK APMC
Kerala,Kottayam,Kottayam APMC
Kerala,Thiruvananthapuram,Aralamoodu APMC
Kerala,Kollam,Chathannoore VFPCK APMC
Kerala,Kollam,Channapetta VFPCK APMC
Kerala,Kottayam,Parathode VFPCK APMC
Kerala,Alappuzha,Edathwa VFPCK APMC
Kerala,Kannur,Kannur APMC
Kerala,Alappuzha,Vallikunnam  VFPCK APMC
Kerala,Kottayam,Mutholy  VFPCK APMC
Kerala,Pathanamthitta,Thengamam VFPCK APMC
Kerala,Kottayam,Adithyapuram  VFPCK APMC
Kerala,Kottayam,Avarma  VFPCK APMC
Kerala,Kollam,Punalur VFPCK APMC
Kerala,Alappuzha,Pandanadu  VFPCK APMC
Kerala,Pathanamthitta,Chittar  VFPCK APMC
Kerala,Kottayam,Athirampuzha VFPCK APMC
Kerala,Pathanamthitta,Ezhamkulam APMC
Kerala,Pathanamthitta,Pallikkal  VFPCK APMC
Madhya Pradesh,Shivpuri,Khanyadhana APMC
Maharashtra,Nagpur,Parshiwani APMC
Maharashtra,Jalgaon,Pachora(Bhadgaon) APMC
NCT of Delhi,Delhi,Azadpur APMC
NCT of Delhi,Delhi,Keshopur APMC
Punjab,Moga,Moga APMC
Punjab,Mansa,Boha APMC
Punjab,Tarntaran,Khem karan APMC
Punjab,Tarntaran,Khemkaran (Amarkot) APMC
Rajasthan,Kota,Manohararthana APMC
Tamil Nadu,Erode,Punchaipuliyampatti APMC
Telangana,Vikarabad,Dharur APMC
Telangana,Karimnagar,Dharmapuri APMC
Telangana,Karimnagar,Kataram APMC
Telangana,Adilabad,Mancharial APMC
Tripura,Dhalai,Gandacharra APMC
Andhra Pradesh,Anantapur,Anantapur APMC
Andhra Pradesh,Nellore,Rapur APMC
Andhra Pradesh,Anantapur,Kalyandurg APMC
Chattisgarh,Mahasamund,Tendukona APMC
Chattisgarh,Raigarh,Sariya APMC
Gujarat,Surat,Vyara(Paati) APMC
Haryana,Fatehabad,Bhuna APMC
Haryana,Fatehabad,Tohana APMC
Haryana,Panipat,Bapauli APMC
Haryana,Jind,Jullana APMC
Haryana,Jind,Uchana APMC
Haryana,Sirsa,Kalawali(Odhan) APMC
Haryana,Karnal,Asandh APMC
Haryana,Kaithal,Pai APMC
Jammu and Kashmir,Srinagar,Parimpore APMC
Karnataka,Dharwad,Hubli (Amaragol) APMC
Karnataka,Kalburgi,Kalburgi APMC
Karnataka,Mangalore(Dakshin Kannad),Sulya APMC
Karnataka,Chikmagalur,Tarikere APMC
Karnataka,Chikmagalur,Koppa APMC
Karnataka,Mysore,Mysore (Bandipalya) APMC
Karnataka,Mysore,Piriya Pattana APMC
Karnataka,Karwar(Uttar Kannad),Siddapur APMC
Karnataka,Shimoga,Sagar(Hosanagara) APMC
Karnataka,Shimoga,Sagar APMC
Karnataka,Mangalore(Dakshin Kannad),Mangalore APMC
Karnataka,Shimoga,Shimoga APMC
Karnataka,Karwar(Uttar Kannad),Kumta APMC
Karnataka,Karwar(Uttar Kannad),Yellapur APMC
Karnataka,Bijapur,Talikot APMC
Karnataka,Bagalkot,Bagalakot APMC
Karnataka,Haveri,Shiggauv APMC
Karnataka,Madikeri(Kodagu),Madikeri APMC
Karnataka,Madikeri(Kodagu),Somvarpet APMC
Karnataka,Tumkur,Tiptur APMC
Karnataka,Tumkur,Huliyar APMC
Karnataka,Shimoga,Sorabha APMC
Karnataka,Belgaum,Gokak APMC
Karnataka,Belgaum,Athani APMC
Karnataka,Dharwad,Kalagategi APMC
Karnataka,Karwar(Uttar Kannad),Mundgod APMC
Karnataka,Chamrajnagar,Kollegal APMC
Karnataka,Tumkur,Gubbi APMC
Karnataka,Kalburgi,Kalburgi  (Jevargi) APMC
Karnataka,Mysore,T. Narasipura APMC
Kerala,Thiruvananthapuram,Balarampuram APMC
Kerala,Idukki,Kattappana APMC
Kerala,Kasargod,Kanjangadu APMC
Kerala,Kasargod,Neeleswaram APMC
Kerala,Pathanamthitta,Pandalam APMC
Kerala,Ernakulam,Aluva APMC
Kerala,Thirssur,Irinjalakkuda APMC
Kerala,Palakad,Vaniyamkulam  VFPCK APMC
Kerala,Malappuram,Kottakkal APMC
Kerala,Malappuram,Kondotty APMC
Kerala,Wayanad,Manathavady APMC
Kerala,Palakad,Pattambi APMC
Kerala,Thiruvananthapuram,Vamanapuram APMC
Kerala,Kottayam,Thalayolaparambu APMC
Kerala,Thiruvananthapuram,Pothencode APMC
Kerala,Malappuram,Manjeri APMC
Kerala,Kozhikode(Calicut),Vengeri(Kozhikode) APMC
Kerala,Kottayam,Athirampuzha APMC
Kerala,Thirssur,Chelakkara APMC
Kerala,Ernakulam,Broadway market APMC
Kerala,Ernakulam,Koovapadi VFPCK APMC
Kerala,Pathanamthitta,Kuttoor APMC
Kerala,Thirssur,Chalakudy APMC
Kerala,Ernakulam,Kanjoor VFPCK APMC
Kerala,Thirssur,Muriyad  VFPCK APMC
Kerala,Thiruvananthapuram,Kilmannur VFPCK APMC
Kerala,Kottayam,Ks Mangalam VFPCK APMC
Kerala,Pathanamthitta,Pandalam VFPCK APMC
Kerala,Pathanamthitta,Kodumon VFPCK APMC
Kerala,Thiruvananthapuram,Vembayam VFPCK APMC
Kerala,Kollam,Thalavoor VFPCK APMC
Kerala,Kollam,Chengamanad  VFPCK APMC
Kerala,Pathanamthitta,Nedumbram VFPCK APMC
Kerala,Kollam,Plappally VFPCK APMC
Kerala,Thirssur,Pariyaram VFPCK APMC
Kerala,Kannur,Payam VFPCK APMC
Kerala,Palakad,Karimpuzha VFPCK APMC
Kerala,Idukki,Rajakkad  VFPCK APMC
Kerala,Palakad,Kadambazhi puram  VFPCK APMC
Kerala,Idukki,Adimali VFPCK APMC
Kerala,Thirssur,Karuvannur VFPCK APMC
Kerala,Thiruvananthapuram,Athiyannur VFPCK APMC
Kerala,Ernakulam,Amalapuram  VFPCK APMC
Kerala,Kannur,Koodali  VFPCK APMC
Kerala,Kannur,Sreekandapuram VFPCK APMC
Kerala,Idukki,Alacode  VFPCK APMC
Kerala,Ernakulam,Kurumassery VFPCK APMC
Kerala,Malappuram,Kalikavu VFPCK APMC
Kerala,Idukki,Thompramkudi VFPCK APMC
Kerala,Malappuram,Pallikkal VFPCK APMC
Kerala,Thirssur,Mattathur VFPCK APMC
Kerala,Idukki,Kodikulam  VFPCK APMC
Kerala,Kottayam,Pala APMC
Kerala,Kottayam,Kattampak  VFPCK APMC
Kerala,Kollam,Pattazhy North VFPCK APMC
Kerala,Thirssur,Annamanada  VFPCK APMC
Kerala,Thirssur,Nooluvally  VFPCK APMC
Kerala,Malappuram,Kannamangalam  VFPCK APMC
Kerala,Thiruvananthapuram,Mylachal VFPCK APMC
Kerala,Pathanamthitta,Erath  VFPCK APMC
Kerala,Ernakulam,Angamaly APMC
Kerala,Idukki,Udumbannoor  VFPCK APMC
Kerala,Thirssur,Thottippal VFPCK APMC
Kerala,Thirssur,Melocr VFPCK APMC
Kerala,Malappuram,Athanikkal VFPCK APMC
Kerala,Kottayam,Kuriem  VFPCK APMC
Kerala,Malappuram,Vazhayur VFPCK APMC
Kerala,Idukki,Errattayar VFPCK APMC
Kerala,Pathanamthitta,Ezhamkulam VFPCK APMC
Kerala,Thiruvananthapuram,Chenkal  VFPCK APMC
Kerala,Malappuram,Koorad Wandoor VFPCK APMC
Kerala,Thirssur,Marottichal  VFPCK APMC
Kerala,Thiruvananthapuram,Kovilnada  VFPCK APMC
Kerala,Pathanamthitta,Pandalam Thekkekkara  VFPCK APMC
Kerala,Kollam,Piravanthoor VFPCK APMC
Kerala,Thiruvananthapuram,Attingal APMC
Kerala,Idukki,Pazhayarikandam  VFPCK APMC
Kerala,Kollam,Edamon VFPCK APMC
Kerala,Kannur,Irityy APMC
Kerala,Malappuram,Kodakkad  VFPCK APMC
Kerala,Malappuram,Thalappara  VFPCK APMC
Kerala,Thirssur,Karalam VFPCK APMC
Kerala,Malappuram,Othayi  VFPCK APMC
Kerala,Malappuram,Elamkur  VFPCK APMC
Kerala,Idukki,Nedumkandam APMC
Kerala,Kasargod,Pullur Periya  VFPCK APMC
Kerala,Alappuzha,Madhavapuram APMC
Kerala,Alappuzha,Chennithala VFPCK APMC
Kerala,Alappuzha,Cheriyanadu  VFPCK APMC
Kerala,Kannur,Pattiyam  VFPCK APMC
Kerala,Kasargod,Madikai  VFPCK APMC
Kerala,Wayanad,Sultan bathery APMC
Kerala,Kottayam,Kanjirappally APMC
Kerala,Ernakulam,Puthenvelikkara  VFPCK APMC
Kerala,Thiruvananthapuram,Neyyatinkara APMC
Kerala,Idukki,Adimali APMC
Kerala,Pathanamthitta,Parakkodu APMC
Kerala,Palakad,Kollengode VFPCK APMC
Kerala,Kottayam,Thrikkodithanam  VFPCK APMC
Kerala,Palakad,Vithinasserri VFPCK APMC
Kerala,Kottayam,Ettumanoor VFPCK APMC
Kerala,Palakad,Perumatty VFPCK APMC
Kerala,Kottayam,Neezhoor VFPCK APMC
Kerala,Kottayam,Thottuva  VFPCK APMC
Kerala,Palakad,Puthupariyaram  VFPCK APMC
Kerala,Palakad,Malampuzha VFPCK APMC
Kerala,Palakad,Kizhakkancheri VFPCK APMC
Kerala,Ernakulam,Vengola  VFPCK APMC
Kerala,Thirssur,Wadakkanchery APMC
Kerala,Palakad,Moochamkundu VFPCK APMC
Kerala,Palakad,Paliyamangalam  VFPCK APMC
Kerala,Palakad,Vadakarapathy VFPCK APMC
Kerala,Malappuram,Parappanangadi VFPCK APMC
Madhya Pradesh,Katni,Katni(F&V) APMC
Madhya Pradesh,Chhindwara,Sounsar(F&V) APMC
Maharashtra,Nandurbar,Taloda APMC
Maharashtra,Jalgaon,"Shantilal Jain Agro Produce Market Pvt Ltd, Bodwad, Dist Jalgaon"
Maharashtra,Gondiya,Amgaon APMC
NCT of Delhi,Delhi,Najafgarh APMC
NCT of Delhi,Delhi,Narela APMC
Punjab,Tarntaran,Khadur Sahib APMC
Rajasthan,Alwar,Pahari APMC
Tamil Nadu,Pudukkottai,Avudaiyarkovil APMC
Tamil Nadu,Salem,Thalaivasal APMC
Tamil Nadu,Thirunelveli,Vallioor APMC
Tamil Nadu,Dindigul,Palani APMC
Tamil Nadu,Krishnagiri,Uthangarai APMC
Telangana,Mahbubnagar,Enkoor APMC
Telangana,Adilabad,Laxettipet APMC
Telangana,Adilabad,Nirmal APMC
Telangana,Karimnagar,Medipally APMC
Telangana,Nalgonda,Miryalaguda APMC
Telangana,Rajanna Siricilla,Konaraopet APMC
Telangana,Khammam,Kothagudem APMC
Telangana,Karimnagar,Sultanabad APMC
Telangana,Nalgonda,Bhongir APMC
Telangana,Mahbubnagar,Makthal APMC
Telangana,Karimnagar,Metpally APMC
Andhra Pradesh,Nellore,Atmakur(SPS) APMC
Assam,Barpeta,Barpeta Road APMC
Gujarat,Mehsana,Unava APMC
Gujarat,Anand,Tarapur APMC
Haryana,Hissar,Bass APMC
Haryana,Jind,Pillukhera APMC
Haryana,Jind,"New Grain Market , Jind APMC"
Haryana,Hissar,Adampur(Agroha) APMC
Haryana,Sirsa,Sirsa(Malekan) APMC
Haryana,Mewat,Hathin APMC
Haryana,Fatehabad,Bhattu Kalan APMC
Haryana,Fatehabad,Dharsul APMC
Karnataka,Yadgiri,Yadgir APMC
Karnataka,Tumkur,Turvekere APMC
Karnataka,Bangalore,Channapatana APMC
Karnataka,Belgaum,Nandagada APMC
Karnataka,Bagalkot,Mhalingapur APMC
Karnataka,Bellary,Hoovinahadagali APMC
Karnataka,Kalburgi,Chittapur APMC
Kerala,Kollam,Kottarakkara APMC
Kerala,Kozhikode(Calicut),Palayam APMC
Kerala,Ernakulam,Pothanikkadu VFPCK APMC
Kerala,Idukki,Vandiperiyar APMC
Kerala,Ernakulam,Karumaloor VFPCK APMC
Kerala,Thiruvananthapuram,Kollayil  VFPCK APMC
Kerala,Thiruvananthapuram,Maranelloor VFPCK APMC
Kerala,Kannur,Mattannur  VFPCK APMC
Kerala,Thiruvananthapuram,Anyara(EEC) APMC
Kerala,Kannur,Mangattidom VFPCK APMC
Kerala,Thirssur,Chazhur VFPCK APMC
Kerala,Ernakulam,Nedungapra  VFPCK APMC
Kerala,Thiruvananthapuram,Neyyattinkara  VFPCK APMC
Kerala,Alappuzha,Nooranad VFPCK APMC
Kerala,Thirssur,Chelakkara VFPCK APMC
Kerala,Alappuzha,Thazhakkara  VFPCK APMC
Kerala,Ernakulam,Mazhuvannur VFPCK APMC
Maharashtra,Nanded,"Shetkari Khajgi Bajar Parisar, Tal Bhokar, Dist Nanded"
Punjab,Moga,Kot ise Khan APMC
Rajasthan,Jaipur,Bagru APMC
Tamil Nadu,Coimbatore,Karamadai APMC
Tamil Nadu,Salem,Attur APMC
Tamil Nadu,Pudukkottai,Ponnamaravathy APMC
Tamil Nadu,Nagercoil (Kannyiakumari),Monday Market APMC
Tamil Nadu,Kancheepuram,Ponner APMC
Tamil Nadu,Virudhunagar,Srivilliputhur APMC
Telangana,Jagityal,Mallapur APMC
Telangana,Karimnagar,Manthani APMC
Telangana,Warangal,Mulugu APMC
Telangana,Karimnagar,Vemulawada APMC
West Bengal,Malda,English Bazar APMC
Andhra Pradesh,West Godavari,Denduluru APMC
Goa,North Goa,Valpol APMC
Haryana,Fatehabad,Ratia APMC
Karnataka,Mysore,K.R.Nagar APMC
Karnataka,Tumkur,Sira APMC
Karnataka,Kalburgi,Sedam APMC
Karnataka,Bijapur,Sindagi APMC
Kerala,Palakad,Alenellur  VFPCK APMC
Kerala,Kollam,Nedumpana  VFPCK APMC
Kerala,Pathanamthitta,Mezhuveli  VFPCK APMC
Kerala,Pathanamthitta,Puramattom VFPCK APMC
Kerala,Kollam,Sooranad  VFPCK APMC
Kerala,Pathanamthitta,Naranganam  VFPCK APMC
Kerala,Thiruvananthapuram,Kattakkada  VFPCK APMC
Kerala,Thiruvananthapuram,Nedumangadu APMC
Kerala,Thirssur,Pazhayannur VFPCK APMC
Kerala,Kollam,Puthur VFPCK APMC
Madhya Pradesh,Mandla,Bichhiya APMC
Maharashtra,Sholapur,Solapur APMC
Maharashtra,Sangli,"Sangli(Phale, Bhajipura Market) APMC"
Maharashtra,Beed,Ambejaogai APMC
Maharashtra,Thane,Kalyan APMC
Maharashtra,Ahmednagar,Shevgaon APMC
Maharashtra,Ahmednagar,Shevgaon(Bodhegaon) APMC
Maharashtra,Jalana,Jalana APMC
Maharashtra,Jalana,Partur APMC
Maharashtra,Sholapur,Akluj APMC
Maharashtra,Ahmednagar,Om Chaitanya Multistate Agro Purpose CoOp Society  APMC
Maharashtra,Vashim,Karanja APMC
Maharashtra,Sholapur,Karmala APMC
Maharashtra,Buldhana,BSK Krishi Bazar Private Ltd APMC
Maharashtra,Dharashiv(Usmanabad),Paranda APMC
Maharashtra,Ahmednagar,Kopargaon APMC
Maharashtra,Sholapur,Kurdwadi APMC
Maharashtra,Dharashiv(Usmanabad),Tuljapur APMC
Maharashtra,Yavatmal,"Mahesh Krushi Utpanna Bazar, Digras APMC"
Maharashtra,Thane,Murbad APMC
Maharashtra,Ahmednagar,Shrirampur APMC
Maharashtra,Sholapur,Mangal Wedha APMC
Maharashtra,Thane,Shahapur APMC
Maharashtra,Ahmednagar,Rahata APMC
Maharashtra,Dharashiv(Usmanabad),Dharashiv APMC
Maharashtra,Parbhani,Selu APMC
Maharashtra,Parbhani,Sailu APMC
Maharashtra,Yavatmal,Yeotmal APMC
Maharashtra,Ahmednagar,Rahuri(Vambori) APMC
Maharashtra,Dhule,"Keshranand Cottex Pvt Agro, Dondicha, Dist Dhule"
Maharashtra,Ahmednagar,Newasa(Ghodegaon) APMC
Maharashtra,Nashik,Shivsiddha Govind Producer Company Limited Sanchal APMC
Maharashtra,Ahmednagar,Parner APMC
Maharashtra,Mumbai,Vashi New Mumbai APMC
Maharashtra,Ahmednagar,Sangamner APMC
Maharashtra,Sholapur,Perfect Krishi Market Yard Pvt Ltd  APMC
Maharashtra,Sholapur,Sangola APMC
Maharashtra,Nashik,Perfect Krishi Market Yard APMC
Maharashtra,Vashim,Washim APMC
Maharashtra,Thane,Palghar APMC
Maharashtra,Thane,Ulhasnagar APMC
Maharashtra,Thane,Vasai APMC
Maharashtra,Hingoli,Gajanan Krushi Utpanna Bazar (India) Pvt Ltd  APMC
Maharashtra,Ahmednagar,Newasa APMC
Punjab,Ferozpur,Mamdot APMC
Punjab,Ludhiana,Ludhiana(Salem Tabri) APMC
Tamil Nadu,Madurai,Kallupatti RM APMC
Tamil Nadu,Pudukkottai,Illuppur APMC
Tamil Nadu,Thiruvannamalai,Thellar APMC
Tamil Nadu,Thiruchirappalli,Manachanallur APMC
Tamil Nadu,Kancheepuram,Pallipattu APMC
Tamil Nadu,Pudukkottai,Karambakudi APMC
Tamil Nadu,Kancheepuram,Gummidipoondy APMC
Tamil Nadu,Salem,Salem APMC
Telangana,Mahbubnagar,Badepalli APMC
Telangana,Adilabad,Sarangapur APMC
Telangana,Nalgonda,Aler APMC
Andhra Pradesh,Nellore,Sarvepalli APMC
Chattisgarh,Bemetara,Bemetara APMC
Chattisgarh,Bemetara,Bemetara(Thankhamaria) APMC
Chattisgarh,Bemetara,Dadhi APMC
Gujarat,Mehsana,Vijapur(veg) APMC
Haryana,Sonipat,"New Grain Market , Sonipat APMC"
Karnataka,Tumkur,Tumkur APMC
Karnataka,Bellary,Bellary APMC
Kerala,Ernakulam,Thiruvaniyoor  VFPCK APMC
Kerala,Palakad,Agali VFPCK APMC
Kerala,Palakad,Elevancheri VFPCK APMC
Maharashtra,Vashim,Manora APMC
Maharashtra,Ahmednagar,Jamkhed APMC
Maharashtra,Ahmednagar,Ahmednagar APMC
Maharashtra,Sholapur,Dudhani APMC
Maharashtra,Vashim,Malegaon(Vashim) APMC
Maharashtra,Sholapur,Barshi APMC
Maharashtra,Dharashiv(Usmanabad),Murum APMC
Maharashtra,Vashim,N N Mundhada Agriculture Market Produce  APMC
Maharashtra,Yavatmal,Cottoncity Agro Foods Private Ltd APMC
Maharashtra,Ahmednagar,Rahuri APMC
Maharashtra,Nashik,Premium Krushi Utpanna Bazar  APMC
Maharashtra,Nashik,"Premium Krushi Utpanna Bazar, Nashik"
Maharashtra,Parbhani,Hari Har Khajagi Bazar Parisar APMC
Maharashtra,Sholapur,Barshi(Vairag) APMC
Maharashtra,Jalgaon,Yashika Agro Marketing APMC
Maharashtra,Sholapur,Laxmi Sopan Agriculture Produce Marketing Co Ltd APMC
Maharashtra,Ahmednagar,Akole APMC
Meghalaya,Nongpoh (R-Bhoi),Nongpoh (R-Bhoi) APMC
Odisha,Kandhamal,Tikabali APMC
Punjab,Gurdaspur,Kahnuwan APMC
Tamil Nadu,Tenkasi,Kadayanallur APMC
Tamil Nadu,The Nilgiris,Kothagiri APMC
Tamil Nadu,Sivaganga,Ammapattai APMC
Tamil Nadu,Theni,Cumbum APMC
Tamil Nadu,Namakkal,Velur APMC
Chattisgarh,Dhamtari,Gattasilli APMC
Gujarat,Sabarkantha,Meghraj(Rellavada) APMC
Haryana,Panipat,Israna APMC
Haryana,Yamuna Nagar,Chhachhrauli(Khizrabad) APMC
Haryana,Rohtak,Rohtak(Kalanaur) APMC
Karnataka,Bagalkot,Bagalkot(Bigali) APMC
Kerala,Thiruvananthapuram,Aryanad VFPCK APMC
Kerala,Thiruvananthapuram,Vellanad VFPCK APMC
Kerala,Thirssur,Kodassery VFPCK APMC
Maharashtra,Dharashiv(Usmanabad),Kalamb (Dharashiv) APMC
Maharashtra,Nanded,Himalyatnagar APMC
Maharashtra,Dharashiv(Usmanabad),Umarga APMC
Maharashtra,Sholapur,Kurdwadi(Modnimb) APMC
Maharashtra,Sholapur,Mohol APMC
Maharashtra,Vashim,Mangrulpeer APMC
Maharashtra,Jalgaon,Shantilal Jain Agro APMC
Maharashtra,Nandurbar,Akkalkuwa APMC
Maharashtra,Ahmednagar,Shree Sairaj Krushi Market APMC
Maharashtra,Nashik,Malharshree Farmers Producer Co Ltd APMC
Maharashtra,Ahmednagar,Shrirampur(Belapur) APMC
Odisha,Malkangiri,Malkangiri(Korakunda) APMC
Odisha,Malkangiri,Malkanagiri APMC
Punjab,Ferozpur,Firozepur City APMC
Punjab,Amritsar,Rayya(Sathiala) APMC
Tamil Nadu,Thanjavur,Vallam APMC
Tamil Nadu,Karur,Chinnadharapuram APMC
Haryana,Jhajar,Beri APMC
Haryana,Hissar,Narnaund APMC
Maharashtra,Ahmednagar,Shrigonda APMC
Maharashtra,Ahmednagar,Karjat(Rashin) APMC
Maharashtra,Ahmednagar,Pathardi APMC
Punjab,Mansa,Bhikhi APMC
Punjab,Faridkot,Jaitu APMC
Gujarat,Surat,Bardoli APMC
Karnataka,Karwar(Uttar Kannad),Karwar APMC
Kerala,Kottayam,Kurichy VFPCK APMC
Kerala,Kottayam,Mannackanad  VFPCK APMC
Maharashtra,Jalana,Bhokardan APMC
Maharashtra,Yavatmal,Kisan Market Yard APMC
Maharashtra,Vashim,Washim(Ansing) APMC
Maharashtra,Yavatmal,"Jagdamba Agrocare Pvt Ltd, Pandharkawada, Dist Yeotmal"
Maharashtra,Yavatmal,Jagdamba Agrocare APMC
Maharashtra,Buldhana,Jaykissan Krushi Uttpan Khajgi Bazar  APMC
Punjab,Barnala,Bhadaur APMC
Punjab,Moga,Ajitwal APMC
Punjab,Amritsar,Ajnala (Sudhar) APMC
Gujarat,Surat,Kosamba APMC
Karnataka,Mysore,Santhesargur APMC
Karnataka,Tumkur,Madhugiri APMC
Maharashtra,Amarawati,Shetkari Khushi Bazar APMC
Maharashtra,Jalana,Jafrabad APMC
Maharashtra,Vashim,Krushna Krishi Bazar  APMC
Maharashtra,Jalana,Mantha APMC
Maharashtra,Ahmednagar,Karjat APMC
Punjab,Ferozpur,Talwandi Bhai(Mudki) APMC
Punjab,Ludhiana,Kila Raipur APMC
Tamil Nadu,Thiruvellore,Redhills APMC
Tamil Nadu,Thiruvannamalai,Dusi APMC
Tamil Nadu,Theni,Bodinayakkanur APMC
Tamil Nadu,Sivaganga,Devakottai APMC
Andhra Pradesh,East Godavari,Jaggampet APMC
Andhra Pradesh,Krishna,Divi APMC
Haryana,Hissar,Hansi(Sisai) APMC
Karnataka,Koppal,Gangavathi(Karatagi) APMC
Kerala,Idukki,Kanthaloor VFPCK APMC
Maharashtra,Nanded,Shetkari Khajgi Bajar APMC
Maharashtra,Nashik,Shree Rameshwar Krushi Market  APMC
Punjab,Barnala,Dhanaula APMC
Punjab,Sangrur,Moonak APMC
Punjab,Faridkot,Sadiq APMC
Punjab,Tarntaran,Bhikhiwind(Khalra) APMC
Punjab,Bhatinda,Rampuraphul(Chowke) APMC
Punjab,Sangrur,Dirba APMC
Punjab,Mansa,Mansa (Khiala kalan) APMC
Tamil Nadu,Kancheepuram,Sunguvarchatram APMC
Tamil Nadu,Thirunelveli,Thenkasi APMC
Tamil Nadu,Thiruchirappalli,Manapparai APMC
Gujarat,Anand,Anand APMC
Haryana,Karnal,Nigdu APMC
Haryana,Kaithal,Pai(Rajaund) APMC
Kerala,Idukki,Kamakshi VFPCK APMC
Meghalaya,West Jaintia Hills,Dawki APMC
Meghalaya,South Garo Hills,Gasuapara APMC
Punjab,Sangrur,Sherpur APMC
Punjab,Bhatinda,Rampura Phul APMC
Punjab,Mansa,Mansa (Bhamekalan) APMC
Punjab,Bhatinda,Rampuraphul(Dhapali) APMC
Punjab,Sangrur,Amargarh APMC
Punjab,Bhatinda,Rampuraphul(Bhai Rupan) APMC
Punjab,Mansa,Budhlada (Phaphre Bhaike) APMC
Punjab,Mansa,Bareta APMC
Punjab,Bhatinda,Sangat APMC
Punjab,Muktsar,Malout (Panniwala) APMC
Punjab,Bhatinda,Rampuraphul(Mehraj) APMC
Tamil Nadu,Nagercoil (Kannyiakumari),Eathamozhi APMC
Tamil Nadu,Nagapattinam,Kuttulam APMC
Tamil Nadu,Thiruchirappalli,Thottiam APMC
Haryana,Yamuna Nagar,Bilaspur APMC
Maharashtra,Yavatmal,Ramdev Krushi Bazaar APMC
Maharashtra,Yavatmal,Shekari Krushi Khajgi Bazar APMC
Maharashtra,Chandrapur,Bhadrawati APMC
Maharashtra,Jalana,Bhokardan(Pimpalgaon Renu) APMC
Meghalaya,South West Garo Hills,Garobadha APMC
Punjab,Tarntaran,Bhikhiwind (Sursingh) APMC
Punjab,Tarntaran,Bhikhiwind (Marrimegha) APMC
Punjab,Tarntaran,Bhikhiwind (Algo) APMC
Punjab,Pathankot,Narot J Singh APMC
Tamil Nadu,Coimbatore,Sulur APMC
Telangana,Hyderabad,Hyderabad (F&V) APMC
Gujarat,Sabarkantha,Malpur APMC
Maharashtra,Parbhani,Sonpeth APMC
Maharashtra,Dhule,Keshranand Cotex  APMC
Punjab,Barnala,Bhadaur(Sehna) APMC
Tamil Nadu,Dindigul,Dindigul APMC
Telangana,Warangal,Narsampet APMC
Haryana,Bhiwani,Behal APMC
Punjab,Mansa,Mansa(Ubha Buraj Dhilwan) APMC
Punjab,Ludhiana,kum Kalan APMC
Punjab,Nawanshahr,Nawan Shahar(MandiRaho) APMC
Punjab,Jalandhar,Jalandhar City(Faintan Ganj) APMC
Punjab,Moga,Ajitwal (Dala) APMC
Punjab,Patiala,Patiala(New Anaj Mandi) APMC
Punjab,Nawanshahr,Nawan Shahar(Mandi Aur) APMC
Punjab,Ludhiana,Ludhiana(Mandi gill Road) APMC
Punjab,Kapurthala,Dhilwan APMC
Punjab,Nawanshahr,Nawan Shahar(Mandi Jadla) APMC
Punjab,Ludhiana,Hathur APMC
Punjab,Patiala,Bhadson APMC
Punjab,Patiala,Patran(Ghagga Mandi) APMC
Haryana,Ambala,Naneola APMC
Karnataka,Yadgiri,Shorapur APMC
Madhya Pradesh,Morena,Jora APMC
Maharashtra,Nagpur,Mauda APMC
Maharashtra,Yavatmal,Maregoan APMC
Maharashtra,Sholapur,Pandharpur APMC
Meghalaya,West Jaintia Hills,Wahiajer APMC
Punjab,Moga,Ajitwal (Chogawan) APMC
Punjab,Fatehgarh,Khamano (Sanghol) APMC
Punjab,Kapurthala,Bhulath (Ibrahimaaaaval) APMC
Punjab,Ludhiana,Malaoud (Siar) APMC
Telangana,Karimnagar,Peddapalli APMC
Haryana,Karnal,Jundla APMC
Haryana,Sirsa,Dabwali(Chautala) APMC
Himachal Pradesh,Kullu,SMY Banjar
Punjab,Ludhiana,lakhowal APMC
Punjab,Barnala,Mehal Kalan APMC
Punjab,Patiala,Samana(Kakrala) APMC
Rajasthan,Jaipur,Dudu APMC
Tamil Nadu,Erode,Kavunthapadi APMC
Chattisgarh,Bemetara,Berla APMC
Gujarat,Surendranagar,Limdi APMC
Haryana,Panipat,Panipat(Baharpur) APMC
Karnataka,Tumkur,Kunigal APMC
Kerala,Ernakulam,Thuravoor VFPCK APMC
Maharashtra,Hingoli,"Sant Namdev Krushi Bazar,  APMC"
Maharashtra,Hingoli,Marathawada Shetkari Khajgi Bazar Parisar APMC
Punjab,Patiala,Patiala(Anaj Mandi Sanaur Road) APMC
Punjab,Barnala,Dhanula (Kaleke) APMC
Punjab,Tarntaran,Bhikhiwind (Basarke) APMC
Tamil Nadu,Salem,Konganapuram APMC
Andhra Pradesh,Anantapur,RAYADURG APMC
Karnataka,Kalburgi,Kalburgi (Afzalpur) APMC
Kerala,Wayanad,Sulthanbathery  VFPCK APMC
Kerala,Wayanad,Poothadi VFPCK APMC
Maharashtra,Vashim,Risod APMC
Maharashtra,Akola,Shri Gajanan Maharaj Khajagi Krushi Utpanna Bazar APMC
Maharashtra,Akola,"Shri Gajanan Maharaj Khajagi Krushi Utpanna Bazar, Akot, Dist Akola"
Tamil Nadu,Vellore,Thimiri APMC
Gujarat,Surendranagar,Sayala APMC
Maharashtra,Dhule,Dondaicha(Sindhkheda) APMC
Punjab,Patiala,Dakala APMC
Rajasthan,Khairthal Tijara,Kishangarhbas APMC
Tamil Nadu,Dindigul,Oddunchairum APMC
Gujarat,Bharuch,Valia APMC
Haryana,Kaithal,Kalayat APMC
Tamil Nadu,Villupuram,Marakkanam APMC
Telangana,Karimnagar,Pothgal APMC
Haryana,Kurukshetra,Pehowa(Gumthala Gahru) APMC
Uttar Pradesh,Kanpur,Varipaal APMC
Telangana,Karimnagar,Gollapally APMC
Assam,Dhubri,Gauripur APMC
Maharashtra,Buldhana,ACF Agro Marketing  APMC
Maharashtra,Buldhana,"Acf Agro Marketing, Malkapur, Dist Buldhana"
Telangana,Nalgonda,Nalgonda APMC
Karnataka,Kalburgi,Alanda APMC
Karnataka,Bellary,Sandur APMC
Punjab,Bhatinda,Bhagta Bhai Ka(Kotha Guru Ka) APMC
Punjab,Bhatinda,Bhagta Bhai Ka (Jalal) APMC
Madhya Pradesh,Dewas,Hatpiplya(F&V) APMC
Punjab,Patiala,Samana(Gajewas) APMC
Tamil Nadu,Salem,Kolathur APMC
Telangana,Mahbubnagar,Nagarkurnool(Talkapalli) APMC
Chattisgarh,Balrampur,Bariya APMC
Gujarat,Devbhumi Dwarka,Bhanvad APMC
Tamil Nadu,Thiruchirappalli,Pullambadi APMC
Tamil Nadu,Nagapattinam,Kilvelur APMC
Tamil Nadu,Nagapattinam,Sembanarkoil APMC
Andaman and Nicobar,North and Middle Andaman,Diglipur APMC
Andhra Pradesh,Alluri Sitharama Raju,Rampachodvaram APMC
Andhra Pradesh,Nellore,Atmakur (SPS) APMC
Gujarat,Rajkot,Gondal (Veg.market Gondal) APMC
Gujarat,Kheda,Nadiyad (Piplag) APMC
Gujarat,Anand,"Anand (Veg,Yard,Anand) APMC"
Gujarat,Anand,Khambhat (Veg Yard Khambhat) APMC
Gujarat,Gandhinagar,"Kalol (Veg,Market,Kalol) APMC"
Gujarat,Mehsana,Mehsana (Mehsana Veg) APMC
Gujarat,Rajkot,Rajkot (Veg.Sub Yard) APMC
Gujarat,Surat,Bardoli (Kadod) APMC
Gujarat,Surat,Vyara (Paati) APMC
Gujarat,Vadodara (Baroda),Padra APMC
Gujarat,Dahod,Dahod (Veg. Market) APMC
Gujarat,Gandhinagar,Mansa (Manas Veg Yard) APMC
Gujarat,Valsad,Chikli (Khorgam) APMC
Gujarat,Chhota Udaipur,Hadad APMC
Gujarat,Surat,Songadh (Badarpada) APMC
Gujarat,Dahod,Zalod (Sanjeli) APMC
Gujarat,Panchmahals,Gogamba (Similiya) APMC
Gujarat,Mehsana,Mehsana (Jornang) APMC
Gujarat,Ahmedabad,Ahmedabad (Chimanbhai Patal Market Vasana) APMC
Gujarat,Gandhinagar,Dehgam (Rekhiyal) APMC
Gujarat,Dahod,Davgadbaria (Piplod) APMC
Gujarat,Surat,Mahuva (Anaval) APMC
Gujarat,Sabarkantha,Meghraj (Rellavada) APMC
Haryana,Hissar,Barwala (Hisar) APMC
Haryana,Mewat,FerozpurZirkha (Nagina) APMC
Haryana,Sonipat,Sonepat (Kharkhoda) APMC
Kerala,Alappuzha,Venmony VFPCK APMC
Kerala,Kozhikode (Calicut),Vengeri (Kozhikode) APMC
Kerala,Ernakulam,Kadungallur VFPCK APMC
Kerala,Ernakulam,Mookkannur VFPCK APMC
Kerala,Ernakulam,Thiruvaniyoor VFPCK APMC
Kerala,Kollam,Kadakkal VFPCK APMC
Kerala,Kottayam,Avarma VFPCK APMC
Kerala,Kottayam,Vayala VFPCK APMC
Kerala,Kozhikode (Calicut),Perambra APMC
Kerala,Pathanamthitta,Mezhuveli VFPCK APMC
Kerala,Thirssur,Marottichal VFPCK APMC
Kerala,Thiruvananthapuram,Balaramapuram VFPCK APMC
Kerala,Alappuzha,Pandanadu VFPCK APMC
Kerala,Kasargod,Pullur Periya VFPCK APMC
Kerala,Kozhikode (Calicut),Quilandy APMC
Kerala,Kozhikode (Calicut),Mukkom APMC
Kerala,Kozhikode (Calicut),Mavoor VFPCK APMC
Madhya Pradesh,Chhatarpur,LavKush Nagar (Laundi) APMC
Madhya Pradesh,Indore,Indore (F&V) APMC
Madhya Pradesh,Ratlam,Jawra (F&V) APMC
Madhya Pradesh,Rewa,Rewa (F&V) APMC
Madhya Pradesh,Shivpuri,Shivpuri (F&V) APMC
Maharashtra,Sangli,"Sangli (Phale, Bhajipura Market) APMC"
Maharashtra,Dharashiv (Usmanabad),Tuljapur APMC
Maharashtra,Jalgaon,Jalgaon (Masawat) APMC
Maharashtra,Pune,Pune (Moshi) APMC
Maharashtra,Amarawati,Amrawati (Frui & Veg. Market) APMC
Maharashtra,Chandrapur,Chandrapur (Ganjwad) APMC
Maharashtra,Pune,Pune (Pimpri) APMC
Maharashtra,Pune,Pune (Khadiki) APMC
Maharashtra,Ahmednagar,Shevgaon (Bodhegaon) APMC
Maharashtra,Kolhapur,Kolhapur (Laxmipuri) APMC
Maharashtra,Sangli,Sangli (Miraj) APMC
Maharashtra,Nashik,Dindori (Vani) APMC
Maharashtra,Gadchiroli,Armori (Desaiganj) APMC
Maharashtra,Latur,Latur (Murud) APMC
Maharashtra,Hingoli,Hingoli (Kanegoan Naka) APMC
Maharashtra,Wardha,Sindi (Selu) APMC
Maharashtra,Hingoli,Gajanan Krushi Utpanna Bazar (India) Pvt Ltd APMC
Odisha,Kendrapara,Kendrapara (Marshaghai) APMC
Odisha,Bargarh,Bargarh (Barapalli) APMC
Odisha,Angul,Angul (Atthamallick) APMC
Punjab,Jalandhar,Jalandhar City (Jalandhar) APMC
Punjab,Bhatinda,Rampuraphul (Nabha Mandi) APMC
Punjab,Jalandhar,Phillaur (Apra Mandi) APMC
Punjab,Jalandhar,Jalandhar Cantt (Jamshedpur Dana Mandi) APMC
Punjab,Nawanshahr,Nawan Shahar (Mandi Jadla) APMC
Punjab,Patiala,Samana (Gajewas) APMC
Punjab,Patiala,Samana (Kakrala) APMC
Rajasthan,Ajmer,Ajmer (F&V) APMC
Tamil Nadu,Chengalpattu,Jameenrayapettai (Uzhavar Sandhai )
Tamil Nadu,Coimbatore,Mettupalayam (Uzhavar Sandhai )
Tamil Nadu,Coimbatore,Singanallur (Uzhavar Sandhai )
Tamil Nadu,Coimbatore,Vadavalli (Uzhavar Sandhai )
Tamil Nadu,Dharmapuri,Karimangalam (Uzhavar Sandhai)
Tamil Nadu,Dharmapuri,Palacode (Uzhavar Sandhai )
Tamil Nadu,Dindigul,Dindigul (Uzhavar Sandhai )
Tamil Nadu,Dindigul,Palani (Uzhavar Sandhai )
Tamil Nadu,Kallakuruchi,Sankarapuram (Uzhavar Sandhai )
Tamil Nadu,Kancheepuram,Sunguvarchatram (Uzhavar Sandhai )
Tamil Nadu,Karur,Kulithalai (Uzhavar Sandhai )
Tamil Nadu,Karur,Gandhigramam (Uzhavar Sandhai)
Tamil Nadu,Krishnagiri,Hosur (Uzhavar Sandhai )
Tamil Nadu,Madurai,Anna nagar (Uzhavar Sandhai )
Tamil Nadu,Madurai,Chokkikulam (Uzhavar Sandhai )
Tamil Nadu,Madurai,Melur (Uzhavar Sandhai )
Tamil Nadu,Madurai,Palanganatham (Uzhavar Sandhai )
Tamil Nadu,Nagapattinam,Nagapattinam (Uzhavar Sandhai )
Tamil Nadu,Namakkal,Kumarapalayam (Uzhavar Sandhai )
Tamil Nadu,Salem,Ammapet (Uzhavar Sandhai )
Tamil Nadu,Salem,Hasthampatti (Uzhavar Sandhai )
Tamil Nadu,Salem,Thathakapatti (Uzhavar Sandhai )
Tamil Nadu,The Nilgiris,Udhagamandalam (Uzhavar Sandhai )
Tamil Nadu,Thiruchirappalli,Lalgudi (Uzhavar Sandhai )
Tamil Nadu,Thirunelveli,NGO Colony (Uzhavar Sandhai )
Tamil Nadu,Thirupur,Kangayam (Uzhavar Sandhai )
Tamil Nadu,Thiruvannamalai,Chengam (Uzhavar Sandhai )
Tamil Nadu,Thiruvannamalai,Cheyyar (Uzhavar Sandhai )
Tamil Nadu,Thiruvannamalai,Keelpennathur (Uzhavar Sandhai )
Tamil Nadu,Thiruvannamalai,Tamarainagar (Uzhavar Sandhai )
Tamil Nadu,Kallakuruchi,Kallakurichi (Uzhavar Sandhai )
Tamil Nadu,Kancheepuram,Kundrathur (Uzhavar Sandhai )
Tamil Nadu,Nagercoil (Kannyiakumari),Myladi (Uzhavar Sandhai )
Tamil Nadu,Salem,Jalagandapuram (Uzhavar Sandhai )
Tamil Nadu,Thirunelveli,Palayamkottai (Uzhavar Sandhai )
Tamil Nadu,Thiruvarur,Mannargudi I (Uzhavar Sandhai )
Tamil Nadu,Chengalpattu,Pallavaram (Uzhavar Sandhai )
Tamil Nadu,Coimbatore,RSPuram (Uzhavar Sandhai )
Tamil Nadu,Coimbatore,Sundarapuram (Uzhavar Sandhai )
Tamil Nadu,Cuddalore,Cuddalore (Uzhavar Sandhai )
Tamil Nadu,Dharmapuri,Dharmapuri (Uzhavar Sandhai )
Tamil Nadu,Erode,Periyar Nagar (Uzhavar Sandhai )
Tamil Nadu,Erode,Perundurai (Uzhavar Sandhai )
Tamil Nadu,Erode,Sampath Nagar (Uzhavar Sandhai )
Tamil Nadu,Erode,Sathiyamagalam (Uzhavar Sandhai )
Tamil Nadu,Erode,Thalavadi (Uzhavar Sandhai )
Tamil Nadu,Kancheepuram,Kancheepuram (Uzhavar Sandhai )
Tamil Nadu,Kancheepuram,Padappai (Uzhavar Sandhai )
Tamil Nadu,Karur,Vengamedu (Uzhavar Sandhai )
Tamil Nadu,Krishnagiri,Kaveripattinam (Uzhavar Sandhai )
Tamil Nadu,Madurai,Thirumangalam (Uzhavar Sandhai )
Tamil Nadu,Nagapattinam,Mayiladuthurai (Uzhavar Sandhai )
Tamil Nadu,Perambalur,Perambalur (Uzhavar Sandhai )
Tamil Nadu,Pudukkottai,Aranthangi (Uzhavar Sandhai )
Tamil Nadu,Pudukkottai,Gandarvakottai (Uzhavar Sandhai )
Tamil Nadu,Pudukkottai,Pudukottai (Uzhavar Sandhai )
Tamil Nadu,Pudukkottai,Viralimalai (Uzhavar Sandhai )
Tamil Nadu,Ramanathapuram,Ramanathapuram (Uzhavar Sandhai )
Tamil Nadu,Ranipet,Arcot (Uzhavar Sandhai )
Tamil Nadu,Salem,Athur (Uzhavar Sandhai )
Tamil Nadu,Salem,Attayampatti (Uzhavar Sandhai )
Tamil Nadu,Salem,Mettur (Uzhavar Sandhai )
Tamil Nadu,Salem,Sooramangalam (Uzhavar Sandhai )
Tamil Nadu,Salem,Vazhapadi (Uzhavar Sandhai)
Tamil Nadu,Sivaganga,Karaikudi (Uzhavar Sandhai )
Tamil Nadu,Theni,Bodinayakanur (Uzhavar Sandhai )
Tamil Nadu,The Nilgiris,Coonoor (Uzhavar Sandhai )
Tamil Nadu,Thiruchirappalli,Manachanallur (Uzhavar Sandhai )
Tamil Nadu,Thirunelveli,Melapalayam (Uzhavar Sandhai )
Tamil Nadu,Thirupur,Palladam (Uzhavar Sandhai )
Tamil Nadu,Thiruvannamalai,Tiruvannamalai (Uzhavar Sandhai )
Tamil Nadu,Thiruvannamalai,Vandavasi (Uzhavar Sandhai )
Tamil Nadu,Thiruvarur,Tiruthuraipoondi (Uzhavar Sandhai )
Tamil Nadu,Tuticorin,Tuticorin (Uzhavar Sandhai )
Tamil Nadu,Vellore,Gudiyatham (Uzhavar Sandhai )
Tamil Nadu,Virudhunagar,Aruppukottai (Uzhavar Sandhai )
Tamil Nadu,Virudhunagar,Kariyapatti (Uzhavar Sandhai )
Tamil Nadu,Virudhunagar,Sathur (Uzhavar Sandhai )
Tamil Nadu,Virudhunagar,Thalavaipuram (Uzhavar Sandhai )
Tamil Nadu,Chengalpattu,Medavakkam (Uzhavar Sandhai )
Tamil Nadu,Chengalpattu,Thirukalukundram (Uzhavar Sandhai )
Tamil Nadu,Coimbatore,Pollachi (Uzhavar Sandhai )
Tamil Nadu,Coimbatore,Sulur (Uzhavar Sandhai )
Tamil Nadu,Cuddalore,Chidambaram (Uzhavar Sandhai )
Tamil Nadu,Dharmapuri,AJattihalli (Uzhavar Sandhai )
Tamil Nadu,Dharmapuri,Harur (Uzhavar Sandhai )
Tamil Nadu,Dharmapuri,Pennagaram (Uzhavar Sandhai )
Tamil Nadu,Dindigul,Chinnalapatti (Uzhavar Sandhai )
Tamil Nadu,Krishnagiri,Krishnagiri (Uzhavar Sandhai )
Tamil Nadu,Nagapattinam,Vedaranyam (Uzhavar Sandhai)
Tamil Nadu,Namakkal,Namakkal (Uzhavar Sandhai )
Tamil Nadu,Pudukkottai,Alangudi (Uzhavar Sandhai )
Tamil Nadu,Thanjavur,Thanjavur (Uzhavar Sandhai )
Tamil Nadu,Thanjavur,Pattukottai (Uzhavar Sandhai )
Tamil Nadu,The Nilgiris,Gudalur (Uzhavar Sandhai )
Tamil Nadu,Thiruchirappalli,Musiri (Uzhavar Sandhai )
Tamil Nadu,Thirupathur,Natrampalli (Uzhavar Sandhai )
Tamil Nadu,Thirupathur,Vaniyampadi (Uzhavar Sandhai )
Tamil Nadu,Thirupur,Dharapuram (Uzhavar Sandhai )
Tamil Nadu,Vellore,Perampet (Uzhavar Sandhai)
Tamil Nadu,Virudhunagar,Rajapalayam (Uzhavar Sandhai )
Tamil Nadu,Virudhunagar,Srivilliputhur (Uzhavar Sandhai )
Tamil Nadu,Cuddalore,Panruti (Uzhavar Sandhai )
Tamil Nadu,Karur,Velayuthampalayam (Uzhavar Sandhai )
Tamil Nadu,Krishnagiri,Avallapalli (Uzhavar Sandhai )
Tamil Nadu,Krishnagiri,Denkanikottai (Uzhavar Sandhai )
Tamil Nadu,Madurai,Usilampatti (Uzhavar Sandhai )
Tamil Nadu,Namakkal,Paramathivelur (Uzhavar Sandhai )
Tamil Nadu,Namakkal,Rasipuram (Uzhavar Sandhai )
Tamil Nadu,Ranipet,Ranipettai (Uzhavar Sandhai )
Tamil Nadu,Salem,Elampillai (Uzhavar Sandhai )
Tamil Nadu,Salem,Mecheri (Uzhavar Sandhai)
Tamil Nadu,Tenkasi,Sankarankoil (Uzhavar Sandhai )
Tamil Nadu,Thanjavur,Papanasam (Uzhavar Sandhai )
Tamil Nadu,Theni,Chinnamanur (Uzhavar Sandhai )
Tamil Nadu,Theni,Devaram (Uzhavar Sandhai )
Tamil Nadu,Theni,Theni (Uzhavar Sandhai )
Tamil Nadu,Thiruvellore,Ambattur (Uzhavar Sandhai )
Tamil Nadu,Tuticorin,Kovilpatti (Uzhavar Sandhai )
Tamil Nadu,Villupuram,Gingee (Uzhavar Sandhai )
Tamil Nadu,Virudhunagar,Sivakasi (Uzhavar Sandhai )
Tamil Nadu,Madurai,Anaiyur (Uzhavar Sandhai )
Tamil Nadu,Nagapattinam,Sirkali (Uzhavar Sandhai )
Tamil Nadu,Vellore,Pallikonda (Uzhavar Sandhai)
Tamil Nadu,Chengalpattu,Guduvancheri (Uzhavar Sandhai )
Tamil Nadu,Cuddalore,Vadalur (Uzhavar Sandhai )
Tamil Nadu,Cuddalore,Viruthachalam (Uzhavar Sandhai )
Tamil Nadu,Erode,Gobichettipalayam (Uzhavar Sandhai )
Tamil Nadu,Ramanathapuram,Paramakudi (Uzhavar Sandhai )
Tamil Nadu,Sivaganga,Tirupatthur (Uzhavar Sandhai )
Tamil Nadu,Theni,Andipatti (Uzhavar Sandhai )
Tamil Nadu,Theni,Kambam (Uzhavar Sandhai )
Tamil Nadu,Thiruvarur,Mannargudi II (Uzhavar Sandhai )
Tamil Nadu,Thiruvarur,Muthupettai (Uzhavar Sandhai )
Tamil Nadu,Virudhunagar,Virudhunagar (Uzhavar Sandhai )
Tamil Nadu,Chengalpattu,Madhuranthagam (Uzhavar Sandhai )
Tamil Nadu,Chengalpattu,Nanganallur (Uzhavar Sandhai )
Tamil Nadu,Pudukkottai,Karambakkudi (Uzhavar Sandhai )
Tamil Nadu,Sivaganga,Singampunari (Uzhavar Sandhai )
Tamil Nadu,Thanjavur,Peravurani (Uzhavar Sandhai)
Tamil Nadu,Thanjavur,Tirukattupalli (Uzhavar Sandhai )
Tamil Nadu,Theni,Periyakulam (Uzhavar Sandhai )
Tamil Nadu,Thiruchirappalli,KKNagar (Uzhavar Sandhai )
Tamil Nadu,Thiruchirappalli,Manapparai (Uzhavar Sandhai )
Tamil Nadu,Thiruchirappalli,Thiruverumbur (Uzhavar Sandhai )
Tamil Nadu,Thirunelveli,Kandiyaperi (Uzhavar Sandhai )
Tamil Nadu,Thirunelveli,Ambasamudram (Uzhavar Sandhai )
Tamil Nadu,Vellore,Kahithapattarai (Uzhavar Sandhai )
Tamil Nadu,Villupuram,Villupuram (Uzhavar Sandhai )
Tamil Nadu,Coimbatore,Kurichi (Uzhavar Sandhai )
Tamil Nadu,Thiruvannamalai,Polur (Uzhavar Sandhai )
Tamil Nadu,Thiruvarur,Needamangalam (Uzhavar Sandhai )
Tamil Nadu,Thiruvarur,Tiruvarur (Uzhavar Sandhai )
Tamil Nadu,Namakkal,Mohanur (Uzhavar Sandhai )
Tamil Nadu,Pudukkottai,Ponnamaravathi (Uzhavar Sandhai)
Tamil Nadu,Karur,Karur (Uzhavar Sandhai )
Tamil Nadu,Thiruvannamalai,Arani (Uzhavar Sandhai )
Tamil Nadu,Thiruvellore,Paruthipattu (Uzhavar Sandhai )
Tamil Nadu,Ariyalur,Ariyalur (Uzhavar Sandhai)
Tamil Nadu,Dindigul,Vedasanthur (Uzhavar Sandhai )
Tamil Nadu,Tenkasi,Tenkasi (Uzhavar Sandhai )
Tamil Nadu,Ramanathapuram,Kamuthi (Uzhavar Sandhai )
Tamil Nadu,Thiruvellore,Naravarikuppam (Uzhavar Sandhai )
Telangana,Mahbubnagar,Mahabubnagar (Rythu Bazar) APMC
Telangana,Medak,Siddipet (Rythu Bazar) APMC
Uttar Pradesh,Kanpur,Kanpur (Grain) APMC
Uttar Pradesh,Mau (Maunathbhanjan),Kopaganj APMC
Uttar Pradesh,Mau (Maunathbhanjan),Doharighat APMC
Uttar Pradesh,Hardoi,Shahabad (New Mandi) APMC
Uttarakhand,Haridwar,Bhagwanpur (Naveen Mandi Sthal) APMC
West Bengal,Dakshin Dinajpur,Gangarampur (Dakshin Dinajpur) APMC
West Bengal,Bankura,Bishnupur (Bankura) APMC
West Bengal,Medinipur (W),Ghatal APMC
West Bengal,Sounth 24 Parganas,Baruipur (Canning) APMC
West Bengal,Darjeeling,Karsiyang (Matigara) APMC
West Bengal,Howrah,Ramkrishanpur (Howrah) APMC
West Bengal,Medinipur (E),Kolaghat APMC
West Bengal,Medinipur (E),Egra/contai APMC
West Bengal,Sounth 24 Parganas,Diamond Harbour (South 24-pgs) APMC
West Bengal,Medinipur (E),Tamluk (Medinipur E) APMC
Assam,Kamrup,Pamohi (Garchuk) APMC
Chandigarh,Chandigarh,Chandigarh (Grain/Fruit) APMC
Gujarat,Navsari,Vansda (Limzar) APMC
Gujarat,Vadodara (Baroda),Vadodara (Sayajipura) APMC
Gujarat,Patan,"Patan (Veg,Yard Patan) APMC"
Haryana,Fatehabad,Tohana (New Veg Market) APMC
Karnataka,Kalburgi,Kalburgi (Jevargi) APMC
Kerala,Idukki,Rajakkad VFPCK APMC
Kerala,Kozhikode (Calicut),Kodenchery VFPCK APMC
Kerala,Malappuram,Thalappara VFPCK APMC
Kerala,Alappuzha,Cheriyanadu VFPCK APMC
Kerala,Alappuzha,Thazhakkara VFPCK APMC
Kerala,Kollam,Neduvathoor VFPCK APMC
Kerala,Thirssur,Elanad VFPCK APMC
Kerala,Kozhikode (Calicut),Thalakulathur VFPCK APMC
Kerala,Idukki,Udumbannoor VFPCK APMC
Kerala,Pathanamthitta,Naranganam VFPCK APMC
Madhya Pradesh,Badwani,Sendhwa (F&V) APMC
Madhya Pradesh,Badwani,Badwani (F&V) APMC
Madhya Pradesh,Morena,Sabalgarh (F&V) APMC
Madhya Pradesh,Sagar,Sagar (F&V) APMC
Madhya Pradesh,Dhar,Badnawar (F&V) APMC
Madhya Pradesh,Jhabua,Petlawad (F&V) APMC
Madhya Pradesh,Jabalpur,Jabalpur (F&V) APMC
Maharashtra,Pune,Pune (Manjri) APMC
Maharashtra,Pune,Junnar (Narayangaon) APMC
Maharashtra,Pune,Junnar (Otur) APMC
Maharashtra,Pune,Khed (Chakan) APMC
Maharashtra,Nashik,Premium Krushi Utpanna Bazar APMC
Maharashtra,Dharashiv (Usmanabad),Dharashiv APMC
Maharashtra,Nashik,Nashik (Devlali) APMC
Maharashtra,Hingoli,Basmat (Kurunda) APMC
Punjab,Hoshiarpur,Garh Shankar (Mahalpur) APMC
Punjab,Bhatinda,Bhagta Bhai Ka (Kotha Guru Ka) APMC
Punjab,Jalandhar,Jalandhar Cantt. APMC
Punjab,Jalandhar,Nakodar (Sarih) APMC
Punjab,Nawanshahr,Nawan Shahar (MandiRaho) APMC
Tamil Nadu,Thiruvellore,Tiruthani (Uzhavar Sandhai )
Tamil Nadu,Dindigul,Kodaikkanal (Uzhavar Sandhai)
Telangana,Mahbubnagar,Mahbubnagar (Nawabpet) APMC
Uttar Pradesh,Rampur,Tanda (Rampur) APMC
Uttar Pradesh,Chitrakut,Mau (Chitrakut) APMC
Uttarakhand,Udhamsinghnagar,Jaspur (UC) APMC
West Bengal,Medinipur (W),Medinipur (West) APMC
West Bengal,Bankura,Indus (Bankura Sadar) APMC
Gujarat,Rajkot,Jetpur (Dist.Rajkot) APMC
Gujarat,Banaskanth,Deesa (Deesa Veg Yard) APMC
Gujarat,Kheda,Nadiyad (Chaklasi) APMC
Gujarat,Rajkot,Jasdan (Vichhiya) APMC
Gujarat,Bhavnagar,Mahuva (Station Road) APMC
Gujarat,Banaskanth,Tharad (Rah) APMC
Gujarat,Anand,Khambhat (Grain Market) APMC
Gujarat,Sabarkantha,Modasa (Tintoi) APMC
Gujarat,Sabarkantha,Vijaynagar (Kundlakap) APMC
Haryana,Ambala,Mullana (saha) APMC
Karnataka,Shimoga,Shimoga (Theertahalli) APMC
Karnataka,Karwar (Uttar Kannad),Sirsi APMC
Karnataka,Mangalore (Dakshin Kannad),Puttur APMC
Karnataka,Karwar (Uttar Kannad),Haliyala APMC
Karnataka,Madikeri (Kodagu),Somvarpet APMC
Kerala,Thiruvananthapuram,Vellarada VFPCK APMC
Kerala,Kozhikode (Calicut),Keezhparamba VFPCK APMC
Kerala,Kozhikode (Calicut),Kodiyathur VFPCK APMC
Kerala,Malappuram,Moothedam VFPCK APMC
Kerala,Thiruvananthapuram,Kattakkada VFPCK APMC
Kerala,Kozhikode (Calicut),Vellannur VFPCK APMC
Kerala,Kozhikode (Calicut),Kallachi APMC
Kerala,Kottayam,Adithyapuram VFPCK APMC
Kerala,Thiruvananthapuram,Kovilnada VFPCK APMC
Kerala,Kollam,Valakom VFPCK APMC
Madhya Pradesh,Dewas,Dewas (F&V) APMC
Madhya Pradesh,Hoshangabad,Pipariya (F&V) APMC
Madhya Pradesh,Ujjain,Ujjain (F&V) APMC
Madhya Pradesh,Sehore,Sehore (F&V) APMC
Madhya Pradesh,Jabalpur,Shahpura (Jabalpur) APMC
Madhya Pradesh,Harda,Harda (F&V) APMC
Maharashtra,Ahmednagar,Rahuri (Vambori) APMC
Maharashtra,Jalgaon,Pachora (Bhadgaon) APMC
Maharashtra,Dharashiv (Usmanabad),Paranda APMC
Maharashtra,Nashik,Lasalgaon (Niphad) APMC
Maharashtra,Nashik,Pimpalgaon Baswant (Saykheda) APMC
Maharashtra,Ahmednagar,Newasa (Ghodegaon) APMC
Maharashtra,Raigad,Karjat (Raigad) APMC
Odisha,Koraput,Jeypore (Kotpad) APMC
Punjab,Nawanshahr,Nawan Shahar (Subzi Mandi) APMC
Punjab,Ferozpur,Talwandi Bhai (Mudki) APMC
Punjab,Barnala,Bhadaur (Sehna) APMC
Punjab,Fatehgarh,Amloh (Gobind Garh Mandi) APMC
Punjab,Bhatinda,Rampuraphul (Mehraj) APMC
Punjab,Bhatinda,Rampuraphul (Chowke) APMC
Punjab,Ludhiana,Ludhiana (Mandi gill Road) APMC
Punjab,Ludhiana,Ludhiana (Salem Tabri) APMC
Tamil Nadu,Thiruvellore,Tiruvallur (Uzhavar Sandhai )
Tamil Nadu,Chengalpattu,Chengalpet (Uzhavar Sandhai )
Tamil Nadu,Thiruvellore,Perambakkam (Uzhavar Sandhai )
Gujarat,Banaskanth,Thara (Shihori) APMC
Gujarat,Botad,Botad (Haddad) APMC
Gujarat,Surat,Songadh (Umrada) APMC
Gujarat,Banaskanth,Deesa (Bhildi) APMC
Gujarat,Navsari,Vansda APMC
Gujarat,Panchmahals,Godhra (Timbaroad) APMC
Haryana,Hissar,Hansi (Sisai) APMC
Karnataka,Mangalore (Dakshin Kannad),Bantwala APMC
Karnataka,Mangalore (Dakshin Kannad),Mangalore APMC
Karnataka,Karwar (Uttar Kannad),Kumta APMC
Karnataka,Karwar (Uttar Kannad),Yellapur APMC
Karnataka,Mangalore (Dakshin Kannad),Belthangdi APMC
Karnataka,Mangalore (Dakshin Kannad),Sulya APMC
Karnataka,Karwar (Uttar Kannad),Mundgod APMC
Kerala,Kozhikode (Calicut),Kunnamangalam VFPCK APMC
Kerala,Malappuram,Othayi VFPCK APMC
Kerala,Kottayam,Kuriem VFPCK APMC
Kerala,Kozhikode (Calicut),Kakkur VFPCK APMC
Kerala,Idukki,Kodikulam VFPCK APMC
Kerala,Kannur,Koodali VFPCK APMC
Kerala,Malappuram,Kodakkad VFPCK APMC
Kerala,Thirssur,Varandarappilly VFPCK APMC
Kerala,Thiruvananthapuram,Chenkal VFPCK APMC
Kerala,Thiruvananthapuram,Kollayil VFPCK APMC
Kerala,Pathanamthitta,Pandalam Thekkekkara VFPCK APMC
Kerala,Thirssur,Alengad VFPCK APMC
Kerala,Thirssur,Annamanada VFPCK APMC
Kerala,Thiruvananthapuram,Neyyattinkara VFPCK APMC
Kerala,Thiruvananthapuram,Anyara (EEC) APMC
Kerala,Kollam,Sooranad VFPCK APMC
Kerala,Kozhikode (Calicut),Palayam APMC
Kerala,Kottayam,Thottuva VFPCK APMC
Kerala,Ernakulam,Vengola VFPCK APMC
Kerala,Kozhikode (Calicut),Thamarassery APMC
Madhya Pradesh,Seoni,Seoni (F&V) APMC
Madhya Pradesh,Sheopur,Sheopurkalan (F&V) APMC
Madhya Pradesh,Indore,Sanwer (F&V) APMC
Madhya Pradesh,Khandwa,Sanawad (F&V) APMC
Madhya Pradesh,Dewas,Hatpiplya (F&V) APMC
Madhya Pradesh,Burhanpur,Burhanpur (F&V) APMC
Madhya Pradesh,Chhindwara,Chindwara (F&V) APMC
Madhya Pradesh,Khandwa,Badwah (F&V) APMC
Madhya Pradesh,Harda,Sirali (F&V) APMC
Madhya Pradesh,Dhar,Kukshi (F&V) APMC
Madhya Pradesh,Satna,Maihar (F&V) APMC
Madhya Pradesh,Chhatarpur,Chattarpur (F&V) APMC
Madhya Pradesh,Dhar,Rajgarh (F&V) APMC
Madhya Pradesh,Shivpuri,Karera (F&V) APMC
Madhya Pradesh,Ratlam,Sailana (F&V) APMC
Madhya Pradesh,Morena,Morena (F&V) APMC
Maharashtra,Amarawati,Varud (Rajura Bazar) APMC
Maharashtra,Nanded,Naigaon APMC
Maharashtra,Nashik,Lasalgaon (Vinchur) APMC
Maharashtra,Ahmednagar,Om Chaitanya Multistate Agro Purpose CoOp Society APMC
Maharashtra,Yavatmal,Umarked (Danki) APMC
Odisha,Nowarangpur,Nabarangpur (Umerkote) APMC
Punjab,Amritsar,Amritsar (Amritsar Mewa Mandi) APMC
Punjab,Patiala,Patiala (Anaj Mandi Sanaur Road) APMC
Punjab,Patiala,Patiala (New Anaj Mandi) APMC
Tamil Nadu,Nagapattinam,Nagapattinam APMC
Tamil Nadu,Thiruvannamalai,Polur (Thiruvannamalai) APMC
Tamil Nadu,Thanjavur,Kumbakonam APMC
Telangana,Karimnagar,Mallial (Cheppial) APMC
Uttar Pradesh,Bhadohi (Sant Ravi Nagar),Gopiganj APMC
West Bengal,Medinipur (W),Garbeta (Medinipur) APMC
Haryana,Panchkula,Panchkul (Kalka) APMC
Karnataka,Karwar (Uttar Kannad),Honnavar APMC
Kerala,Kozhikode (Calicut),Thiruvambady VFPCK APMC
Kerala,Palakad,Alenellur VFPCK APMC
Kerala,Palakad,Vaniyamkulam VFPCK APMC
Kerala,Pathanamthitta,Erath VFPCK APMC
Kerala,Thirssur,Kuzhur VFPCK APMC
Kerala,Thiruvananthapuram,Vengannore VFPCK APMC
Kerala,Idukki,Pazhayarikandam VFPCK APMC
Kerala,Alappuzha,Vallikunnam VFPCK APMC
Kerala,Ernakulam,Nedungapra VFPCK APMC
Kerala,Kottayam,Mutholy VFPCK APMC
Madhya Pradesh,Gwalior,Lashkar (F&V) APMC
Madhya Pradesh,Harda,Timarni (F&V) APMC
Madhya Pradesh,Khandwa,Khandwa (F&V) APMC
Madhya Pradesh,Shajapur,Kalapipal (F&V) APMC
Madhya Pradesh,Shajapur,Shajapur (F&V) APMC
Madhya Pradesh,Sagar,Rehli (F&V) APMC
Maharashtra,Hingoli,"Sant Namdev Krushi Bazar, APMC"
Maharashtra,Vashim,Malegaon (Vashim) APMC
Maharashtra,Sholapur,Kurdwadi (Modnimb) APMC
Maharashtra,Dharashiv (Usmanabad),Murum APMC
Maharashtra,Sholapur,Barshi (Vairag) APMC
Maharashtra,Sholapur,Perfect Krishi Market Yard Pvt Ltd APMC
Maharashtra,Vashim,Washim (Ansing) APMC
Maharashtra,Wardha,Ashti (Karanja) APMC
Punjab,Bhatinda,Rampuraphul (Bhai Rupan) APMC
Punjab,Jalandhar,Jalandhar City (Kartar Pur Dana mandi) APMC
Rajasthan,Alwar,Laxmangarh - Barodamev APMC
Gujarat,Vadodara (Baroda),Vagodiya APMC
Gujarat,Sabarkantha,Meghraj (Radlavada) APMC
Haryana,Sirsa,Rania (Jiwan nagar) APMC
Haryana,Kaithal,Pai (Rajaund) APMC
Karnataka,Madikeri (Kodagu),Madikeri APMC
Kerala,Kollam,Nedumpana VFPCK APMC
Punjab,Barnala,Tapa (Tapa Mandi) APMC
Telangana,Mahbubnagar,Nagarkurnool (Talkapalli) APMC
Haryana,Sirsa,Kalawali (Odhan) APMC
Kerala,Kozhikode (Calicut),Mukkam VFPCK APMC
Kerala,Kozhikode (Calicut),Koodaranji VFPCK APMC
Kerala,Pathanamthitta,Chittar VFPCK APMC
Kerala,Ernakulam,Kunnukara VFPCK APMC
Maharashtra,Buldhana,ACF Agro Marketing APMC
Maharashtra,Jalana,Bhokardan (Pimpalgaon Renu) APMC
Odisha,Bargarh,Godabhaga APMC
Punjab,Bhatinda,Rampuraphul (Dhapali) APMC
Chattisgarh,Dhamtari,Aamdi APMC
Gujarat,Mehsana,Vijapur (veg) APMC
Gujarat,The Dangs,Ahwa-Dang APMC
Haryana,Ambala,Ambala City (Subji Mandi) APMC
Karnataka,Bijapur,Sindagi (Indi) APMC
Kerala,Idukki,Alacode VFPCK APMC
Kerala,Ernakulam,Amalapuram VFPCK APMC
Kerala,Palakad,Puthupariyaram VFPCK APMC
Kerala,Kottayam,Mannackanad VFPCK APMC
Kerala,Kottayam,Vempally VFPCK APMC
Kerala,Palakad,Paliyamangalam VFPCK APMC
Madhya Pradesh,Jhabua,Jhabua (F&V) APMC
Maharashtra,Pune,Junnar (Bhlhe) APMC
Haryana,Sirsa,Dabwali (Chautala) APMC
Haryana,Sirsa,Sirsa (Malekan) APMC
Haryana,Kurukshetra,Pehowa (Gumthala Gahru) APMC
Kerala,Thirssur,Puthur VFPCK APMC
Kerala,Pathanamthitta,Kalanjoor VFPCK APMC
Kerala,Pathanamthitta,Pallikkal VFPCK APMC
Kerala,Kollam,Elamad VFPCK APMC
Kerala,Kottayam,Bharananganam APMC
Kerala,Wayanad,Sulthanbathery VFPCK APMC
Kerala,Kottayam,Kattampak VFPCK APMC
Maharashtra,Buldhana,Buldhana (Dhad) APMC
Punjab,Gurdaspur,Sri Har Gobindpur (Harechowal) APMC
Haryana,Panipat,Panipat (Baharpur) APMC
Kerala,Thirssur,Amballur VFPCK APMC
Madhya Pradesh,Shivpuri,Magroni (F&V) APMC
Telangana,Mahbubnagar,Kollapur APMC
Telangana,Mahbubnagar,Atmakur APMC
Gujarat,Surat,Nizar (Rumkitalav) APMC
Kerala,Thirssur,Muriyad VFPCK APMC
Kerala,Palakad,Kadambazhi puram VFPCK APMC
Kerala,Kannur,Mattannur VFPCK APMC
Maharashtra,Vashim,Krushna Krishi Bazar APMC
Maharashtra,Buldhana,Jalgaon Jamod (Aasalgaon) APMC
Maharashtra,Pune,Junnar (Alephata) APMC
Maharashtra,Ahmednagar,Shrirampur (Belapur) APMC
Tamil Nadu,Tuticorin,Kadambur APMC
Tamil Nadu,Thiruchirappalli,Lalgudi APMC
Gujarat,Junagarh,Kodinar (Dollasa) APMC
Gujarat,Banaskanth,Panthawada APMC
Kerala,Kannur,Pattiyam VFPCK APMC
Madhya Pradesh,Singroli,Singroli (F&V) APMC
Maharashtra,Dharashiv (Usmanabad),Umarga APMC
Maharashtra,Vashim,N N Mundhada Agriculture Market Produce APMC
Tamil Nadu,Thiruvannamalai,Tamarainagar (Uzhavar Sandhai ) APMC
Tamil Nadu,Tuticorin,Tuticorin (Uzhavar Sandhai ) APMC
Tamil Nadu,Villupuram,Gingee (Uzhavar Sandhai ) APMC
Tamil Nadu,Thiruvannamalai,Vandavasi (Uzhavar Sandhai ) APMC
Tamil Nadu,Thirunelveli,Melapalayam (Uzhavar Sandhai ) APMC
Tamil Nadu,Thirupur,Kangayam (Uzhavar Sandhai ) APMC
Tamil Nadu,Salem,Thammampatti (Uzhavar Sandhai ) APMC
Tamil Nadu,Kallakuruchi,Sankarapuram (Uzhavar Sandhai ) APMC
Tamil Nadu,Namakkal,Namakkal (Uzhavar Sandhai ) APMC
Tamil Nadu,Chengalpattu,Jameenrayapettai (Uzhavar Sandhai ) APMC
Tamil Nadu,Coimbatore,Pollachi (Uzhavar Sandhai ) APMC
Tamil Nadu,Cuddalore,Vadalur (Uzhavar Sandhai ) APMC
Tamil Nadu,Chengalpattu,Nanganallur (Uzhavar Sandhai ) APMC
Tamil Nadu,Chengalpattu,Thirukalukundram (Uzhavar Sandhai ) APMC
Tamil Nadu,Chengalpattu,Pallavaram (Uzhavar Sandhai ) APMC
Tamil Nadu,Coimbatore,Mettupalayam (Uzhavar Sandhai ) APMC
Tamil Nadu,Krishnagiri,Hosur (Uzhavar Sandhai ) APMC
Tamil Nadu,Chengalpattu,Guduvancheri (Uzhavar Sandhai ) APMC
Tamil Nadu,Kancheepuram,Padappai (Uzhavar Sandhai ) APMC
Tamil Nadu,Salem,Jalagandapuram (Uzhavar Sandhai ) APMC
Tamil Nadu,Coimbatore,Vadavalli (Uzhavar Sandhai ) APMC
Tamil Nadu,Karur,Karur (Uzhavar Sandhai ) APMC
Tamil Nadu,Vellore,Gudiyatham (Uzhavar Sandhai ) APMC
Tamil Nadu,Thiruvellore,Tiruvallur (Uzhavar Sandhai ) APMC
Tamil Nadu,Thiruvarur,Mannargudi I (Uzhavar Sandhai ) APMC
Tamil Nadu,Virudhunagar,Srivilliputhur (Uzhavar Sandhai ) APMC
Tamil Nadu,Virudhunagar,Sivakasi (Uzhavar Sandhai ) APMC
Tamil Nadu,Virudhunagar,Rajapalayam (Uzhavar Sandhai ) APMC
Tamil Nadu,Virudhunagar,Sathur (Uzhavar Sandhai ) APMC
Tamil Nadu,Theni,Kambam (Uzhavar Sandhai ) APMC
Tamil Nadu,Theni,Bodinayakanur (Uzhavar Sandhai ) APMC
Tamil Nadu,Thiruchirappalli,Lalgudi (Uzhavar Sandhai ) APMC
Tamil Nadu,Thiruchirappalli,Thiruverumbur (Uzhavar Sandhai ) APMC
Tamil Nadu,Thiruvannamalai,Arani (Uzhavar Sandhai ) APMC
Tamil Nadu,Thirupur,Dharapuram (Uzhavar Sandhai ) APMC
Tamil Nadu,Chengalpattu,Medavakkam (Uzhavar Sandhai ) APMC
Tamil Nadu,Karur,Velayuthampalayam (Uzhavar Sandhai ) APMC
Tamil Nadu,Krishnagiri,Kaveripattinam (Uzhavar Sandhai ) APMC
Tamil Nadu,Thanjavur,Kumbakonam (Uzhavar Sandhai ) APMC
Tamil Nadu,Thanjavur,Papanasam (Uzhavar Sandhai ) APMC
Tamil Nadu,Tenkasi,Sankarankoil (Uzhavar Sandhai ) APMC
Tamil Nadu,Sivaganga,Sivagangai (Uzhavar Sandhai ) APMC
Tamil Nadu,Sivaganga,Devakottai (Uzhavar Sandhai ) APMC
Tamil Nadu,Salem,Elampillai (Uzhavar Sandhai ) APMC
Tamil Nadu,Sivaganga,Singampunari (Uzhavar Sandhai ) APMC
Tamil Nadu,Salem,Sooramangalam (Uzhavar Sandhai ) APMC
Tamil Nadu,Nagapattinam,Sirkali (Uzhavar Sandhai ) APMC
Tamil Nadu,Namakkal,Mohanur (Uzhavar Sandhai ) APMC
Tamil Nadu,Erode,Thalavadi (Uzhavar Sandhai ) APMC
Tamil Nadu,Ramanathapuram,Paramakudi (Uzhavar Sandhai ) APMC
Tamil Nadu,Perambalur,Perambalur (Uzhavar Sandhai ) APMC
Tamil Nadu,Pudukkottai,Karambakkudi (Uzhavar Sandhai ) APMC
Tamil Nadu,Cuddalore,Viruthachalam (Uzhavar Sandhai ) APMC
Tamil Nadu,Coimbatore,Kurichi (Uzhavar Sandhai ) APMC
Tamil Nadu,Chengalpattu,Madhuranthagam (Uzhavar Sandhai ) APMC
Tamil Nadu,Coimbatore,Sundarapuram (Uzhavar Sandhai ) APMC
Tamil Nadu,Coimbatore,Singanallur (Uzhavar Sandhai ) APMC
Tamil Nadu,Dharmapuri,Harur (Uzhavar Sandhai ) APMC
Tamil Nadu,Cuddalore,Panruti (Uzhavar Sandhai ) APMC
Tamil Nadu,Erode,Gobichettipalayam (Uzhavar Sandhai ) APMC
Tamil Nadu,Dharmapuri,Palacode (Uzhavar Sandhai ) APMC
Tamil Nadu,Dharmapuri,Pennagaram (Uzhavar Sandhai ) APMC
Tamil Nadu,Dindigul,Dindigul (Uzhavar Sandhai ) APMC
Tamil Nadu,Virudhunagar,Kariyapatti (Uzhavar Sandhai ) APMC
Tamil Nadu,Nagapattinam,Nagapattinam (Uzhavar Sandhai ) APMC
Tamil Nadu,Salem,Edapadi (Uzhavar Sandhai ) APMC
Tamil Nadu,Salem,Thathakapatti (Uzhavar Sandhai ) APMC
Tamil Nadu,Namakkal,Paramathivelur (Uzhavar Sandhai ) APMC
Tamil Nadu,Ranipet,Arcot (Uzhavar Sandhai ) APMC
Tamil Nadu,Thirupathur,Vaniyampadi (Uzhavar Sandhai ) APMC
Tamil Nadu,Thiruvarur,Tiruthuraipoondi (Uzhavar Sandhai ) APMC
Tamil Nadu,Thiruvannamalai,Cheyyar (Uzhavar Sandhai ) APMC
Tamil Nadu,Thirupur,Palladam (Uzhavar Sandhai ) APMC
Tamil Nadu,Thanjavur,Tirukattupalli (Uzhavar Sandhai ) APMC
Tamil Nadu,The Nilgiris,Gudalur (Uzhavar Sandhai ) APMC
Tamil Nadu,Salem,Hasthampatti (Uzhavar Sandhai ) APMC
Tamil Nadu,Thanjavur,Pattukottai (Uzhavar Sandhai ) APMC
Tamil Nadu,Thanjavur,Thanjavur (Uzhavar Sandhai ) APMC
Tamil Nadu,Madurai,Anna nagar (Uzhavar Sandhai ) APMC
Tamil Nadu,Salem,Athur (Uzhavar Sandhai ) APMC
Tamil Nadu,Madurai,Thirumangalam (Uzhavar Sandhai ) APMC
Tamil Nadu,Ramanathapuram,Ramanathapuram (Uzhavar Sandhai ) APMC
Tamil Nadu,Madurai,Palanganatham (Uzhavar Sandhai ) APMC
Tamil Nadu,Ariyalur,Jeyankondam (Uzhavar Sandhai ) APMC
Tamil Nadu,Dharmapuri,Dharmapuri (Uzhavar Sandhai ) APMC
Tamil Nadu,Coimbatore,Sulur (Uzhavar Sandhai ) APMC
Tamil Nadu,Cuddalore,Cuddalore (Uzhavar Sandhai ) APMC
Tamil Nadu,Nagapattinam,Mayiladuthurai (Uzhavar Sandhai ) APMC
Tamil Nadu,Dindigul,Palani (Uzhavar Sandhai ) APMC
Tamil Nadu,Kallakuruchi,Kallakurichi (Uzhavar Sandhai ) APMC
Tamil Nadu,Vellore,Kahithapattarai (Uzhavar Sandhai ) APMC
Tamil Nadu,Vellore,Katpadi (Uzhavar Sandhai ) APMC
Tamil Nadu,Virudhunagar,Thalavaipuram (Uzhavar Sandhai ) APMC
Tamil Nadu,Thiruvellore,Perambakkam (Uzhavar Sandhai ) APMC
Tamil Nadu,Tuticorin,Kovilpatti (Uzhavar Sandhai ) APMC
Tamil Nadu,Salem,Attayampatti (Uzhavar Sandhai ) APMC
Tamil Nadu,Ramanathapuram,Kamuthi (Uzhavar Sandhai ) APMC
Tamil Nadu,Thiruchirappalli,Musiri (Uzhavar Sandhai ) APMC
Tamil Nadu,Thiruchirappalli,KKNagar (Uzhavar Sandhai ) APMC
Tamil Nadu,Thirunelveli,NGO Colony (Uzhavar Sandhai ) APMC
Tamil Nadu,Tenkasi,Tenkasi (Uzhavar Sandhai ) APMC
Tamil Nadu,Virudhunagar,Aruppukottai (Uzhavar Sandhai ) APMC
Tamil Nadu,Thiruvarur,Needamangalam (Uzhavar Sandhai ) APMC
Tamil Nadu,The Nilgiris,Udhagamandalam (Uzhavar Sandhai ) APMC
Tamil Nadu,Thiruvannamalai,Chengam (Uzhavar Sandhai ) APMC
Tamil Nadu,Kancheepuram,Sunguvarchatram (Uzhavar Sandhai ) APMC
Tamil Nadu,Madurai,Anaiyur (Uzhavar Sandhai ) APMC
Tamil Nadu,Sivaganga,Tirupatthur (Uzhavar Sandhai ) APMC
Tamil Nadu,Krishnagiri,Krishnagiri (Uzhavar Sandhai ) APMC
Tamil Nadu,Erode,Sathiyamagalam (Uzhavar Sandhai ) APMC
Tamil Nadu,Pudukkottai,Gandarvakottai (Uzhavar Sandhai ) APMC
Tamil Nadu,Pudukkottai,Alangudi (Uzhavar Sandhai ) APMC
Tamil Nadu,Namakkal,Rasipuram (Uzhavar Sandhai ) APMC
Tamil Nadu,Dharmapuri,AJattihalli (Uzhavar Sandhai ) APMC
Tamil Nadu,Salem,Ammapet (Uzhavar Sandhai ) APMC
Tamil Nadu,Thirupur,Tiruppur (South) (Uzhavar Sandhai ) APMC
Tamil Nadu,The Nilgiris,Coonoor (Uzhavar Sandhai ) APMC
Tamil Nadu,Villupuram,Villupuram (Uzhavar Sandhai ) APMC
Tamil Nadu,Thiruvannamalai,Tiruvannamalai (Uzhavar Sandhai ) APMC
Tamil Nadu,Thiruvannamalai,Polur (Uzhavar Sandhai ) APMC
Tamil Nadu,Virudhunagar,Virudhunagar (Uzhavar Sandhai ) APMC
Tamil Nadu,Theni,Andipatti (Uzhavar Sandhai ) APMC
Tamil Nadu,Theni,Periyakulam (Uzhavar Sandhai ) APMC
Tamil Nadu,Kancheepuram,Kundrathur (Uzhavar Sandhai ) APMC
Tamil Nadu,Erode,Perundurai (Uzhavar Sandhai ) APMC
Tamil Nadu,Krishnagiri,Avallapalli (Uzhavar Sandhai ) APMC
Tamil Nadu,Ariyalur,Ariyalur (Uzhavar Sandhai) APMC
Tamil Nadu,Thiruvannamalai,Keelpennathur (Uzhavar Sandhai ) APMC
Tamil Nadu,Theni,Devaram (Uzhavar Sandhai ) APMC
Tamil Nadu,Thiruchirappalli,Manachanallur (Uzhavar Sandhai ) APMC
Tamil Nadu,Madurai,Chokkikulam (Uzhavar Sandhai ) APMC
Tamil Nadu,Pudukkottai,Pudukottai (Uzhavar Sandhai ) APMC
Tamil Nadu,Erode,Sampath Nagar (Uzhavar Sandhai ) APMC
Tamil Nadu,Karur,Kulithalai (Uzhavar Sandhai ) APMC
Tamil Nadu,Erode,Periyar Nagar (Uzhavar Sandhai ) APMC
Tamil Nadu,Thiruvarur,Mannargudi II (Uzhavar Sandhai ) APMC
Tamil Nadu,Thiruvellore,Paruthipattu (Uzhavar Sandhai ) APMC
Tamil Nadu,Theni,Theni (Uzhavar Sandhai ) APMC
Tamil Nadu,Madurai,Usilampatti (Uzhavar Sandhai ) APMC
Tamil Nadu,Dindigul,Vedasanthur (Uzhavar Sandhai ) APMC
Tamil Nadu,Ranipet,Ranipettai (Uzhavar Sandhai ) APMC
Tamil Nadu,Thiruvarur,Muthupettai (Uzhavar Sandhai ) APMC
Tamil Nadu,Karur,Pallapatti (Uzhavar Sandhai ) APMC
Tamil Nadu,Thirunelveli,Palayamkottai (Uzhavar Sandhai ) APMC
Tamil Nadu,Thiruvellore,Naravarikuppam (Uzhavar Sandhai ) APMC
Tamil Nadu,Thiruvarur,Tiruvarur (Uzhavar Sandhai ) APMC
Tamil Nadu,Thirupur,Tiruppur (North) (Uzhavar Sandhai ) APMC
Tamil Nadu,Karur,Vengamedu (Uzhavar Sandhai ) APMC
Tamil Nadu,Kancheepuram,Kancheepuram (Uzhavar Sandhai ) APMC
Tamil Nadu,Coimbatore,RSPuram (Uzhavar Sandhai ) APMC
Tamil Nadu,Cuddalore,Chidambaram (Uzhavar Sandhai ) APMC
Tamil Nadu,Krishnagiri,Denkanikottai (Uzhavar Sandhai ) APMC
Tamil Nadu,Thiruchirappalli,Manapparai (Uzhavar Sandhai ) APMC
Tamil Nadu,Thiruvellore,Ambattur (Uzhavar Sandhai ) APMC
Tamil Nadu,Thirunelveli,Kandiyaperi (Uzhavar Sandhai ) APMC
Tamil Nadu,Thirunelveli,Ambasamudram (Uzhavar Sandhai ) APMC
Tamil Nadu,Salem,Mettur (Uzhavar Sandhai ) APMC
Tamil Nadu,Pudukkottai,Aranthangi (Uzhavar Sandhai ) APMC
Tamil Nadu,Thiruvellore,Tiruthani (Uzhavar Sandhai ) APMC
Tamil Nadu,Theni,Chinnamanur (Uzhavar Sandhai ) APMC
Tamil Nadu,Nagercoil (Kannyiakumari),Myladi (Uzhavar Sandhai ) APMC
Tamil Nadu,Sivaganga,Karaikudi (Uzhavar Sandhai ) APMC
Tamil Nadu,Namakkal,Kumarapalayam (Uzhavar Sandhai ) APMC
Tamil Nadu,Dindigul,Chinnalapatti (Uzhavar Sandhai ) APMC
Tamil Nadu,Madurai,Melur (Uzhavar Sandhai ) APMC
Tamil Nadu,Pudukkottai,Viralimalai (Uzhavar Sandhai ) APMC
Tamil Nadu,Thirupathur,Natrampalli (Uzhavar Sandhai ) APMC
Haryana,Karnal,"New Grain Market (main), Karnal APMC"
Haryana,Bhiwani,Bhiwani APMC
Karnataka,Karwar (Uttar Kannad),Siddapur APMC
Karnataka,Bagalkot,Bagalkot (Bigali) APMC
Kerala,Pathanamthitta,Mallappally VFPCK APMC
Kerala,Malappuram,Kannamangalam VFPCK APMC
Madhya Pradesh,Katni,Katni (F&V) APMC
Maharashtra,Dharashiv (Usmanabad),Kalamb (Dharashiv) APMC
Tamil Nadu,Chengalpattu,Chengalpet (Uzhavar Sandhai ) APMC
Kerala,Ernakulam,Puthenvelikkara VFPCK APMC
Kerala,Kasargod,Madikai VFPCK APMC
Kerala,Thirssur,Nooluvally VFPCK APMC
Madhya Pradesh,Anupur,Anuppur (F&V) APMC
Tamil Nadu,Kancheepuram,Chengalpattu APMC
Haryana,Rohtak,Rohtak (Kalanaur) APMC
Madhya Pradesh,Chhindwara,Sounsar (F&V) APMC
Tamil Nadu,Dindigul,Kodaikkanal (Uzhavar Sandhai) APMC
Madhya Pradesh,Satna,Satna (F&V) APMC
Maharashtra,Ahmednagar,Karjat (Rashin) APMC
Kerala,Ernakulam,Edackattuvayal VFPCK APMC
Kerala,Pathanamthitta,Seethathode VFPCK APMC
Maharashtra,Chattrapati Sambhajinagar,Sillod (Bharadi) APMC
Odisha,Keonjhar,Keonjhar (Dhekikote) APMC
Gujarat,Mehsana,Kadi (Kadi cotton Yard) APMC
Kerala,Malappuram,Thiruvali VFPCK APMC
Kerala,Malappuram,Elamkur VFPCK APMC
Kerala,Wayanad,Padinjarathara VFPCK APMC
Punjab,Hoshiarpur,Mukerian (Talwara) APMC
Rajasthan,Jhalawar,Dag APMC
Andaman and Nicobar,South Andaman,Sri Vijaya Puram APMC
Tamil Nadu,Nagapattinam,Mailaduthurai APMC
Bihar,Sheohar,Sheohar APMC
Maharashtra,Latur,Jalkot APMC
Maharashtra,Raigad,Mahad APMC
Bihar,Samastipur,Tajpur APMC
Kerala,Kottayam,Thrikkodithanam VFPCK APMC
Bihar,Rohtas,Sasaram APMC
Maharashtra,Yavatmal,Bori Arab APMC
Maharashtra,Buldhana,Deulgaon Raja Balaji Agro Marketing Private Market APMC
Rajasthan,Jodhpur,Pipar City APMC
Telangana,Mahbubnagar,Wanaparthy Road APMC
Bihar,Bhojpur,Aarah APMC
Bihar,Rohtas,Natwar APMC
Chattisgarh,Surguja,Sitapur APMC
Madhya Pradesh,Dhar,Dhamnod (F&V) APMC
Gujarat,Sabarkantha,Prantij (Salala) APMC
Karnataka,Karwar (Uttar Kannad),Karwar APMC
Kerala,Thiruvananthapuram,Kallara VFPCK APMC
Maharashtra,Pune,Indapur (Nimgaon Ketki) APMC
Karnataka,Koppal,Gangavathi (Karatagi) APMC
Madhya Pradesh,Rewa,Hanumana (F&V) APMC
Maharashtra,Buldhana,Maharaja Agresen Private Krushi Utappan Bazar Sama APMC
Rajasthan,Bhilwara,Bijolia APMC
Tamil Nadu,Dindigul,Gopalpatti APMC
Tamil Nadu,Salem,Karumanturai APMC
Karnataka,Yadgiri,Shahapur APMC
Punjab,Bhatinda,Bhucho APMC
Rajasthan,Jaipur Rural,Bassi APMC
Chattisgarh,Bemetara,Bemetara (Thankhamaria) APMC
Kerala,Wayanad,Neervaram VFPCK APMC
Rajasthan,Jaipur,Rajdhanai Mandi (KukarKheda) APMC
Rajasthan,Kekri,Kekri APMC
Rajasthan,Jaipur Rural,Kishangarh Renwal APMC
Rajasthan,Anupgarh,Jaitsar APMC
Rajasthan,Anupgarh,Anupgarh APMC
Rajasthan,Jaipur Rural,Chomu (F&V) APMC
Rajasthan,Bikaner,Pugal Road (Grain) APMC
Rajasthan,Jodhpur Rural,Osiyan Mathania APMC
Rajasthan,Jodhpur Rural,Bilara APMC
Maharashtra,Nashik,Shree Rameshwar Krushi Market APMC
Rajasthan,Jaipur Rural,Chomu (Grain) APMC
Rajasthan,Anupgarh,Sri Vijayanagar APMC
Rajasthan,Neem Ka Thana,Sri Madhopur APMC
Rajasthan,Anupgarh,Gharsana APMC
Rajasthan,Sanchore,Raniwara APMC
Tamil Nadu,Karur,Karur APMC
Gujarat,Mehsana,Vijapur (Kukarvada) APMC
Rajasthan,Anupgarh,Raisingh Nagar APMC
Assam,Tinsukia,Tinsukia APMC
Gujarat,Valsad,Pardi (Rohinee) APMC
Gujarat,Valsad,Pardi (Ugvada) APMC
Gujarat,Valsad,Pardi APMC
Haryana,Bhiwani,Siwani APMC
Maharashtra,Nanded,Hadgaon (Tamsa) APMC
Rajasthan,Gangapur City,Gangapur City APMC
Rajasthan,Anupgarh,Rawla APMC
Gujarat,Valsad,Pardi (Motavagachiya) APMC
Kerala,Kollam,Chengamanad VFPCK APMC
Madhya Pradesh,Rajgarh,Sarangpur (F&V) APMC
Maharashtra,Chandrapur,Korpana APMC
Rajasthan,Jaipur Rural,Chaksu APMC
Rajasthan,Sanchore,Sanchore APMC
Gujarat,Valsad,Pardi (Vapi) APMC
Gujarat,Surat,Nizar (Kukarmuda) APMC
Maharashtra,Akola,Barshi Takli APMC
Rajasthan,Jaipur Rural,Bagru APMC
Maharashtra,Satara,Jawali APMC
Gujarat,Sabarkantha,Talod (Harsol) APMC
Kerala,Ernakulam,Malayattoor VFPCK APMC
Maharashtra,Pune,Nira (Saswad) APMC
Assam,Dhemaji,Silapathar APMC
Tamil Nadu,Karur,Kulithalai APMC
Maharashtra,Kolhapur,Gadhinglaj APMC
Maharashtra,Gadchiroli,Gandchiroli APMC
Kerala,Kollam,Veliyam VFPCK APMC
Bihar,Muzaffarpur,Muzaffarpur APMC
Rajasthan,Tonk,Todaraisingh - Malpura APMC
Gujarat,Vadodara (Baroda),Nasvadi APMC
Maharashtra,Yavatmal,Pusad APMC
Assam,Nalbari,Nalbari APMC
Bihar,Buxar,Buxur APMC
Kerala,Wayanad,Thondernad VFPCK APMC
Tamil Nadu,Salem,Edappadi APMC
Andhra Pradesh,Anantapur,Hindupur APMC
Bihar,Bhojpur,Piro APMC
Gujarat,Botad,Botad (Bhabarkot) APMC
Rajasthan,Neem Ka Thana,Neem Ka Thana APMC
Rajasthan,Dudu,Dudu APMC
Madhya Pradesh,Alirajpur,Jobat (F&V) APMC
Gujarat,Mehsana,Vijapur (Gojjariya) APMC
Madhya Pradesh,Bhind,Bhind (F&V) APMC
Maharashtra,Latur,Rangrao Patil Krushi Utpanna Khajgi Bazar APMC
Uttar Pradesh,Baghpat,Bagpat APMC
Assam,Sibsagar,Sonari APMC
Assam,Hojai,Gandhimaidan APMC
Assam,Dhubri,Dhubri APMC
Assam,Sibsagar,Sibsagar APMC
Karnataka,Tumkur,Pavagada APMC
Kerala,Ernakulam,Keezhampara VFPCK APMC
Maharashtra,Jalana,Jalna (Badnapur) APMC
Assam,Goalpara,Goalpara APMC
Rajasthan,Balotra,Balotra APMC
Tamil Nadu,Nagapattinam,Thirupoondi APMC
Assam,Kokrajhar,Gossaigaon APMC
Maharashtra,Chattrapati Sambhajinagar,Fulmbri APMC
Assam,Nagaon,Lanka APMC
Maharashtra,Nanded,Mukhed (Mukkambad) APMC
Maharashtra,Ahmednagar,Rahuri (Songaon) APMC
Madhya Pradesh,Raisen,Bareli (F&V) APMC
Madhya Pradesh,Badwani,Sendhwa (F&amp;V) APMC
Andhra Pradesh,Cuddapah,Pulivendala APMC
Assam,Morigaon,Moirabari APMC
Chattisgarh,Surguja,Raghunathpur APMC
Chattisgarh,Surguja,Udaypur APMC
Madhya Pradesh,Damoh,Damoh (F&V) APMC
Gujarat,Kheda,Matar APMC
Madhya Pradesh,Shivpuri,Magroni (F&amp;V) APMC
Maharashtra,Jalana,Ghansawangi APMC
Madhya Pradesh,Harda,Sirali (F&amp;V) APMC
Tamil Nadu,Nagapattinam,Sirkali APMC
Tamil Nadu,Thanjavur,Papanasam APMC
Madhya Pradesh,Sehore,Aashta (F&V) APMC
Andhra Pradesh,Kurnool,Nandyal APMC
Andhra Pradesh,Kurnool,Pattikonda APMC
Chattisgarh,Raipur,Silyari APMC
Tamil Nadu,Dindigul,Kodaikkanal (Uzhavar Sandhai ) APMC
Bihar,Buxar,Brahmpur APMC
Andhra Pradesh,Visakhapatnam,Paderu APMC
Chattisgarh,Surguja,Kakni APMC
Tamil Nadu,Coimbatore,Pollachi APMC
Tamil Nadu,Villupuram,Manalurpettai APMC
Jammu and Kashmir,Baramulla,Nowpora APMC
Punjab,Sangrur,Sangrur APMC
Tamil Nadu,Thiruvannamalai,Pernamallur APMC
Uttar Pradesh,Ghazipur,Gazipur APMC
Uttar Pradesh,Jhansi,Jhansi (Grain) APMC
West Bengal,Burdwan,Guskara APMC
West Bengal,Birbhum,Bishnupur APMC
Uttar Pradesh,Varanasi,Varanasi (F&V) APMC
Maharashtra,Dharashiv (Usmanabad),Bhoom APMC
Assam,Barpeta,Bohorihat APMC
Chattisgarh,Raipur,Tulsi APMC
Maharashtra,Satara,Koregaon APMC
Punjab,Hoshiarpur,Dasuya APMC
Kerala,Kollam,Nedumpaikulam VFPCK APMC
Uttar Pradesh,Prayagraj,Allahabad APMC
Maharashtra,Nanded,Kinwat APMC
Gujarat,Surendranagar,Lakhtar APMC
Gujarat,Chhota Udaipur,Jetpur-Pavi APMC
Rajasthan,Jodhpur Rural,Pipar City APMC
Jammu and Kashmir,Anantnag,Kulgam APMC
Punjab,Nawanshahr,Banga APMC
Punjab,Tarntaran,Khadur Sahib (Fetehabad) APMC
Rajasthan,Alwar,Laxmangarh (Barodamev) APMC
Rajasthan,Hanumangarh,Urlivas - Hanumangarh
Tamil Nadu,Kancheepuram,Thirukkalukundram APMC
Andhra Pradesh,East Godavari,Ravulapelem
Andhra Pradesh,Chittor,Palamaner
Andhra Pradesh,Kurnool,Yemmiganur
Andhra Pradesh,Chittor,Chittoor
Andhra Pradesh,Chittor,Madanapalli
Andhra Pradesh,Chittor,Mulakalacheruvu
Bihar,Sheohar,Sheohar
Bihar,Bhojpur,Piro
Bihar,Rohtas,Natwar
Chandigarh,Chandigarh,Chandigarh (Grain/Fruit)
Chattisgarh,Kabirdham,Kawardha
Chattisgarh,Mungeli,Munguli
Chattisgarh,Mahasamund,Mahasamund
Chattisgarh,Korba,Katghora
Chattisgarh,Kanker,Pakhanjur
Chattisgarh,Kanker,Antagarh
Chattisgarh,Kanker,Bhanupratappur
Chattisgarh,Kanker,Sambalpur
Chattisgarh,Kondagaon,Kondagoan
Chattisgarh,Raigarh,Raigarh
Chattisgarh,Rajnandgaon,Rajnandgaon
Chattisgarh,Kanker,Bardewri
Chattisgarh,Surajpur,Surajpur
Chattisgarh,Balod,Dondilohara
Chattisgarh,Gariyaband,Rajim
Chattisgarh,Dhamtari,Kurud
Chattisgarh,Kanker,Korar
Chattisgarh,Dantewada,Gidam
Chattisgarh,Balod,Gurur
Chattisgarh,Kanker,Amoda
Chattisgarh,Sukma,Konta
Chattisgarh,Bastar,Jaitgiri
Chattisgarh,Kanker,Sarona
Chattisgarh,Rajnandgaon,Dongargaon
Chattisgarh,Kanker,Dudhawa
Chattisgarh,Balod,Balod
Chattisgarh,Kanker,Kanker
Chattisgarh,Balodabazar,Kasdol
Chattisgarh,Sukma,Kukanar
Chattisgarh,Raipur,Abhanpur
Chattisgarh,Rajnandgaon,Chhuria
Chattisgarh,Sukma,Doranpal
Chattisgarh,Sukma,Sukma
Chattisgarh,Balod,Dondi
Chattisgarh,Rajnandgaon,Gandai
Chattisgarh,Durg,Durg
Goa,North Goa,Mapusa
Gujarat,Ahmedabad,Mandal
Gujarat,Vadodara (Baroda),Vadodara (Sayajipura)
Gujarat,Bharuch,Jambusar
Gujarat,Bharuch,Jambusar (Kaavi)
Gujarat,Kheda,Kapadvanj
Gujarat,Kachchh,K.Mandvi
Gujarat,Narmada,Rajpipla
Gujarat,Navsari,Navsari
Gujarat,Bharuch,Bharuch
Gujarat,Surat,Surat
Gujarat,Dahod,Dahod (Veg. Market)
Gujarat,Bharuch,Ankleshwar
Gujarat,Surat,Bardoli (Katod)
Gujarat,Kheda,Nadiyad (Chaklasi)
Gujarat,Navsari,Vansda
Gujarat,Navsari,Bilimora
Gujarat,Patan,"Patan (Veg,Yard Patan)"
Gujarat,Kheda,Nadiyad (Piplag)
Gujarat,Rajkot,Gondal (Veg.market Gondal)
Gujarat,Valsad,Chikli (Khorgam)
Gujarat,Chhota Udaipur,Kalediya
Gujarat,Chhota Udaipur,Modasar
Gujarat,Chhota Udaipur,Bodeliu
Gujarat,Chhota Udaipur,Hadad
Gujarat,Surat,Mandvi
Gujarat,Kheda,Nadiad
Haryana,Hissar,Barwala (Hisar)
Haryana,Jind,Narwana
Haryana,Jhajar,Jhajjar
Haryana,Mahendragarh-Narnaul,Narnaul
Haryana,Hissar,Uklana
Haryana,Gurgaon,Gurgaon
Haryana,Yamuna Nagar,Sadhaura
Haryana,Yamuna Nagar,Chhachrauli
Haryana,Panchkula,"New Grain Market , Panchkula"
Haryana,Sonipat,Sonepat (Kharkhoda)
Haryana,Rewari,Rewari
Haryana,Sirsa,Sirsa
Haryana,Panchkula,Panchkul (Kalka)
Haryana,Ambala,Ambala Cantt.
Haryana,Fatehabad,Ratia
Haryana,Mahendragarh-Narnaul,Mohindergarh
Haryana,Jind,Jullana
Haryana,Gurgaon,Sohna
Haryana,Hissar,Hissar
Haryana,Sonipat,"New Grain Market , Sonipat"
Haryana,Karnal,"New Grain Market (main), Karnal"
Haryana,Kaithal,Dhand
Haryana,Sonipat,Ganaur
Haryana,Rewari,Kosli
Haryana,Kaithal,Siwan
Haryana,Hissar,Hansi
Haryana,Jhajar,Bahadurgarh
Haryana,Panchkula,Raipur Rai
Haryana,Panchkula,Barwala
Haryana,Sirsa,Rania
Haryana,Panipat,Samalkha
Haryana,Yamuna Nagar,Mustafabad
Haryana,Mewat,FerozpurZirkha (Nagina)
Haryana,Faridabad,Faridabad
Haryana,Palwal,Hodal
Haryana,Mewat,Punhana
Haryana,Gurgaon,Farukh Nagar
Haryana,Kaithal,Pundri
Haryana,Fatehabad,Tohana (New Veg Market)
Haryana,Sirsa,Ellanabad
Haryana,Faridabad,"New Grain Market , Faridabad"
Haryana,Karnal,Nigdu
Haryana,Karnal,Asandh
Haryana,Karnal,Gharaunda
Haryana,Panipat,Israna
Haryana,Panipat,Bapauli
Haryana,Hissar,Narnaud (Bass)
Haryana,Palwal,Hassanpur
Haryana,Panipat,Panipat (Baharpur)
Haryana,Panipat,Panipat
Haryana,Rohtak,Rohtak
Haryana,Ambala,Ambala City
Haryana,Jind,Pillukhera
Haryana,Kurukshetra,Shahabad
Haryana,Karnal,Jundla
Haryana,Kurukshetra,Ladwa
Haryana,Kaithal,Pai
Haryana,Jind,Uchana
Haryana,Kaithal,Pai (Rajaund)
Haryana,Karnal,Nilokheri
Haryana,Hissar,Narnaund
Haryana,Yamuna Nagar,Chhachhrauli (Khizrabad)
Haryana,Ambala,Naneola
Haryana,Kaithal,Cheeka
Haryana,Panipat,Madlauda
Himachal Pradesh,Chamba,Chamba
Himachal Pradesh,Kullu,Kullu (Patli Kuhal)
Himachal Pradesh,Kullu,Kullu
Himachal Pradesh,Kangra,Jwalaji
Himachal Pradesh,Shimla,Shimla and Kinnaur (Nerwa)
Himachal Pradesh,Kullu,Kullu (Chauri Bihal)
Himachal Pradesh,Mandi,Mandi (Takoli)
Jammu and Kashmir,Pulwama,Shopian
Jammu and Kashmir,Srinagar,Parimpore
Karnataka,Mysore,Mysore (Bandipalya)
Karnataka,Bellary,Hospet
Karnataka,Bangalore,Ramanagara
Karnataka,Kolar,Chickkaballapura
Karnataka,Kolar,Chintamani
Karnataka,Chikmagalur,Koppa
Karnataka,Belgaum,Ramdurga
Karnataka,Mandya,Srirangapattana
Karnataka,Mandya,Maddur
Karnataka,Yadgiri,Shahapur
Karnataka,Mandya,K.R. Pet
Karnataka,Tumkur,Huliyar
Karnataka,Mandya,Pandavapura
Karnataka,Mysore,Piriya Pattana
Kerala,Thiruvananthapuram,Anyara (EEC)
Kerala,Thiruvananthapuram,Kattakada
Kerala,Thiruvananthapuram,Parassala
Kerala,Wayanad,Pulpally
Kerala,Pathanamthitta,Parakkodu
Kerala,Thirssur,Chelakkara
Kerala,Pathanamthitta,Omalloor
Kerala,Pathanamthitta,Ezhamkulam
Kerala,Thiruvananthapuram,Pothencode
Kerala,Kollam,Anchal VFPCK
Kerala,Kollam,Chathanoor
Kerala,Kasargod,Neeleswaram
Kerala,Kasargod,Kasargod
Kerala,Kollam,Anchal
Kerala,Malappuram,Parappanangadi VFPCK
Kerala,Palakad,KOTTAYI VFPCK
Kerala,Kottayam,Thalayolaparambu
Kerala,Malappuram,Manjeri
Kerala,Malappuram,Thalappara VFPCK
Kerala,Kottayam,Thrikkodithanam VFPCK
Kerala,Kozhikode (Calicut),Keezhparamba VFPCK
Kerala,Kozhikode (Calicut),Perambra
Kerala,Alappuzha,Madhavapuram
Kerala,Alappuzha,Kayamkulam
Kerala,Ernakulam,Angamaly
Kerala,Ernakulam,Broadway market
Kerala,Idukki,Kattappana
Kerala,Idukki,Nedumkandam
Kerala,Thiruvananthapuram,Aralamoodu
Kerala,Pathanamthitta,Seethathode VFPCK
Kerala,Pathanamthitta,CHITTAR VFPCK
Kerala,Alappuzha,THAMARAKKULAM VFPCK
Kerala,Kollam,Punalur
Kerala,Alappuzha,Aroor
Kerala,Alappuzha,Mannar
Kerala,Thirssur,KODASSERY VFPCK
Kerala,Thirssur,Kodungalloor
Kerala,Thirssur,Irinjalakkuda
Kerala,Pathanamthitta,Pramadom VFPCK
Kerala,Palakad,vadakarapathy
Kerala,Kollam,PATTAZHY NORTH VFPCK
Kerala,Palakad,Koduvayoor
Kerala,Ernakulam,Moovattupuzha
Kerala,Ernakulam,Mazhuvannur VFPCK
Kerala,Ernakulam,Koovapadi VFPCK
Kerala,Idukki,Thodupuzha
Kerala,Thirssur,Varandarappilly VFPCK
Kerala,Thirssur,Muriyad VFPCK
Kerala,Thirssur,Puthur VFPCK
Kerala,Thirssur,MELOCR VFPCK
Kerala,Thiruvananthapuram,Kovilnada VFPCK
Kerala,Thiruvananthapuram,Chenkal VFPCK
Kerala,Thiruvananthapuram,Maranelloor VFPCK
Kerala,Thirssur,THOTTIPPAL VFPCK
Kerala,Pathanamthitta,Mallappally VFPCK
Kerala,Pathanamthitta,Kalanjoor VFPCK
Kerala,Pathanamthitta,Naranganam VFPCK
Kerala,Pathanamthitta,THENGAMAM VFPCK
Kerala,Pathanamthitta,Pallikkal VFPCK
Kerala,Pathanamthitta,Puramattom VFPCK
Kerala,Pathanamthitta,RANNI VFPCK
Kerala,Thirssur,Alengad VFPCK
Kerala,Thirssur,PANANCHERY VFPCK
Kerala,Thiruvananthapuram,Parassala VFPCK
Kerala,Wayanad,Padinjarathara VFPCK
Kerala,Wayanad,POOTHADI VFPCK
Kerala,Wayanad,VENGAPALLY VFPCK
Kerala,Wayanad,Sulthanbathery VFPCK
Kerala,Wayanad,CHEERAL VFPCK
Kerala,Wayanad,THARIYODE VFPCK
Kerala,Kannur,PAYAM VFPCK
Kerala,Kannur,Thalasserry
Kerala,Kannur,SREEKANDAPURAM VFPCK
Kerala,Kollam,Chengamanad VFPCK
Kerala,Kollam,KULATHOOPUZHA VFPCK
Kerala,Kollam,THALAVOOR VFPCK
Kerala,Kollam,Neduvathoor VFPCK
Kerala,Kollam,PLAPPALLY VFPCK
Kerala,Kollam,PIRAVANTHOOR VFPCK
Kerala,Kottayam,BHARANANGANAM
Kerala,Kannur,KOLAYAD VFPCK
Kerala,Idukki,Thompramkudi VFPCK
Kerala,Idukki,Udumbannoor VFPCK
Kerala,Kannur,MANGATTIDOM VFPCK
Kerala,Palakad,Kadambazhi puram VFPCK
Kerala,Palakad,KARIMPUZHA VFPCK
Kerala,Malappuram,VAZHAYUR VFPCK
Kerala,Kollam,Elamad VFPCK
Kerala,Palakad,AGALI VFPCK
Kerala,Kottayam,NEEZHOOR VFPCK
Kerala,Malappuram,PALLIKKAL VFPCK
Kerala,Kottayam,Kattampak VFPCK
Kerala,Kollam,Valakom VFPCK
Kerala,Kottayam,KS MANGALAM VFPCK
Kerala,Malappuram,MANKADA VFPCK
Kerala,Kollam,Sasthamkotta VFPCK
Kerala,Malappuram,Moothedam VFPCK
Kerala,Malappuram,KALIKAVU VFPCK
Kerala,Malappuram,KOORAD WANDOOR VFPCK
Kerala,Malappuram,ATHANIKKAL VFPCK
Kerala,Kollam,EDAMON VFPCK
Kerala,Ernakulam,POTHANIKKADU VFPCK
Kerala,Ernakulam,Mookkannur VFPCK
Kerala,Ernakulam,Kadungallur VFPCK
Kerala,Ernakulam,Edackattuvayal VFPCK
Kerala,Ernakulam,KURUMASSERY VFPCK
Kerala,Ernakulam,KARUMALOOR VFPCK
Kerala,Ernakulam,Malayattoor VFPCK
Kerala,Alappuzha,Venmony VFPCK
Kerala,Idukki,Kodikulam VFPCK
Kerala,Idukki,PARATHODE VFPCK
Kerala,Ernakulam,Amalapuram VFPCK
Kerala,Palakad,Puthupariyaram VFPCK
Kerala,Kollam,CHATHANNOORE VFPCK
Kerala,Kollam,CHANNAPETTA VFPCK
Kerala,Kannur,Pattiyam VFPCK
Kerala,Kannur,Kannur
Kerala,Kottayam,PARATHODE VFPCK
Kerala,Kozhikode (Calicut),Thamarassery
Kerala,Ernakulam,Puthenvelikkara VFPCK
Kerala,Alappuzha,Cheriyanadu VFPCK
Kerala,Ernakulam,Keezhampara VFPCK
Kerala,Alappuzha,Pandanadu VFPCK
Kerala,Palakad,Vaniyamkulam VFPCK
Kerala,Palakad,Vithinasserri VFPCK
Kerala,Palakad,KOLLENGODE VFPCK
Kerala,Kozhikode (Calicut),Vellannur VFPCK
Kerala,Kottayam,Adithyapuram VFPCK
Kerala,Kozhikode (Calicut),Mavoor VFPCK
Kerala,Palakad,Vadakarapathy VFPCK
Kerala,Kottayam,KURICHY VFPCK
Kerala,Kottayam,KAITHEPALAM VFPCK
Kerala,Idukki,KANTHALOOR VFPCK
Kerala,Palakad,PERUMATTY VFPCK
Kerala,Kollam,Nedumpaikulam VFPCK
Kerala,Palakad,Kizhakkancheri VFPCK
Kerala,Thirssur,Pazhayannur VFPCK
Kerala,Thiruvananthapuram,PAPPANCHANI VFPCK
Kerala,Thirssur,Elanad VFPCK
Kerala,Wayanad,Neervaram VFPCK
Kerala,Palakad,MOOCHAMKUNDU VFPCK
Kerala,Kottayam,Avarma VFPCK
Kerala,Kollam,Sooranad VFPCK
Kerala,Kottayam,Kanjirappally
Kerala,Malappuram,Kannamangalam VFPCK
Kerala,Alappuzha,Thazhakkara VFPCK
Kerala,Ernakulam,Vengola VFPCK
Kerala,Palakad,Malampuzha VFPCK
Kerala,Kottayam,Kuriem VFPCK
Kerala,Thirssur,Mattathur VFPCK
Kerala,Thirssur,VELOORKKARA VFPCK
Kerala,Palakad,Elevancheri VFPCK
Kerala,Kottayam,Mannackanad VFPCK
Kerala,Kottayam,Thottuva VFPCK
Kerala,Alappuzha,NOORANAD VFPCK
Kerala,Alappuzha,Vallikunnam VFPCK
Madhya Pradesh,Bhopal,Bhopal
Madhya Pradesh,Harda,Timarni (F&V)
Madhya Pradesh,Gwalior,Lashkar (F&V)
Madhya Pradesh,Indore,Indore (F&V)
Madhya Pradesh,Bhopal,Bhopal (F&V)
Madhya Pradesh,Katni,Katni (F&V)
Madhya Pradesh,Sheopur,Sheopurkalan (F&V)
Madhya Pradesh,Sagar,Sagar (F&V)
Madhya Pradesh,Satna,Satna (F&V)
Madhya Pradesh,Indore,Indore
Madhya Pradesh,Narsinghpur,Narsinghpur
Madhya Pradesh,Katni,Katni
Madhya Pradesh,Khargone,Khargone
Madhya Pradesh,Gwalior,Lashkar
Madhya Pradesh,Bhind,Mow
Madhya Pradesh,Bhind,Lahar
Madhya Pradesh,Jabalpur,Jabalpur (F&V)
Madhya Pradesh,Burhanpur,Burhanpur (F&V)
Madhya Pradesh,Rewa,Rewa (F&V)
Madhya Pradesh,Satna,Ramnagar
Madhya Pradesh,Betul,Multai (F&V)
Madhya Pradesh,Damoh,Damoh
Madhya Pradesh,Dhar,Kukshi
Madhya Pradesh,Alirajpur,Alirajpur
Madhya Pradesh,Alirajpur,Jobat
Madhya Pradesh,Vidisha,Lateri
Madhya Pradesh,Ujjain,Badnagar
Madhya Pradesh,Sagar,Sagar
Madhya Pradesh,Sagar,Deori
Madhya Pradesh,Hoshangabad,Pipariya (F&V)
Madhya Pradesh,Dhar,Manawar (F&V)
Madhya Pradesh,Harda,Sirali (F&V)
Madhya Pradesh,Dewas,Dewas (F&V)
Madhya Pradesh,Indore,Sanwer (F&V)
Madhya Pradesh,Jhabua,Petlawad (F&V)
Madhya Pradesh,Dhar,Dhamnod (F&V)
Madhya Pradesh,Rajgarh,Sarangpur (F&V)
Madhya Pradesh,Khandwa,Khargone (F&V)
Madhya Pradesh,Khandwa,Khandwa (F&V)
Madhya Pradesh,Khandwa,Sanawad (F&V)
Madhya Pradesh,Khandwa,Badwah (F&V)
Madhya Pradesh,Ratlam,Jawra (F&V)
Madhya Pradesh,Badwani,Badwani (F&V)
Madhya Pradesh,Chhindwara,Chindwara (F&V)
Madhya Pradesh,Badwani,Sendhwa (F&V)
Madhya Pradesh,Betul,Betul (F&V)
Madhya Pradesh,Shivpuri,Magroni (F&V)
Madhya Pradesh,Sehore,Sehore (F&V)
Madhya Pradesh,Jabalpur,Jabalpur
Madhya Pradesh,Tikamgarh,Khargapur
Madhya Pradesh,Sagar,Shahagarh
Madhya Pradesh,Satna,Maihar (F&V)
Madhya Pradesh,Morena,Porsa
Madhya Pradesh,Shivpuri,Karera (F&V)
Madhya Pradesh,Harda,Harda (F&V)
Madhya Pradesh,Neemuch,Neemuch
Madhya Pradesh,Dhar,Dhamnod
Madhya Pradesh,Dhar,Manawar
Madhya Pradesh,Khargone,Badwaha
Madhya Pradesh,Dhar,Gandhwani
Madhya Pradesh,Khandwa,Mundi
Madhya Pradesh,Burhanpur,Burhanpur
Madhya Pradesh,Badwani,Anjad
Madhya Pradesh,Badwani,Sendhwa
Madhya Pradesh,Badwani,Khetia
Madhya Pradesh,Khargone,Sanawad
Madhya Pradesh,Indore,Gautampura
Madhya Pradesh,Dhar,Badnawar (F&V)
Madhya Pradesh,Dhar,Rajgarh
Madhya Pradesh,Mandsaur,Piplya
Madhya Pradesh,Mandsaur,Daloda
Madhya Pradesh,Shajapur,Kalapipal (F&V)
Madhya Pradesh,Dewas,Kannod
Madhya Pradesh,Narsinghpur,Gadarwada
Madhya Pradesh,Mandla,Bichhiya
Madhya Pradesh,Datia,Datia
Madhya Pradesh,Mandsaur,Shamgarh
Madhya Pradesh,Tikamgarh,Tikamgarh
Madhya Pradesh,Tikamgarh,Tikamgarh (F&V)
Madhya Pradesh,Shivpuri,Karera
Madhya Pradesh,Shivpuri,Shivpuri
Madhya Pradesh,Rewa,Rewa
Madhya Pradesh,Rewa,Hanumana
Madhya Pradesh,Jabalpur,Shahpura (Jabalpur)
Madhya Pradesh,Mandla,Mandla
Madhya Pradesh,Rewa,Chaakghat
Madhya Pradesh,Narsinghpur,Tendukheda
Madhya Pradesh,Shajapur,Momanbadodiya
Madhya Pradesh,Shehdol,Beohari
Madhya Pradesh,Satna,Satna
Madhya Pradesh,Dewas,Loharda
Madhya Pradesh,Khargone,Karhi
Madhya Pradesh,Dewas,Bagli
Madhya Pradesh,Khargone,Segaon
Madhya Pradesh,Damoh,Javera
Madhya Pradesh,Khandwa,Khandwa
Madhya Pradesh,Jabalpur,Shahpura Bhitoni (F&V)
Madhya Pradesh,Khargone,Bhikangaon
Madhya Pradesh,Khandwa,Pandhana
Madhya Pradesh,Chhindwara,Chhindwara
Madhya Pradesh,Chhindwara,Amarwda
Madhya Pradesh,Badwani,Badwani
Madhya Pradesh,Chhindwara,Chaurai
Madhya Pradesh,Seoni,Palari
Madhya Pradesh,Shivpuri,Barad
Madhya Pradesh,Seoni,Ghansour
Madhya Pradesh,Sehore,Sehore
Madhya Pradesh,Jhabua,Petlawad
Madhya Pradesh,Guna,Raghogarh
Madhya Pradesh,Chhatarpur,Chhatarpur
Madhya Pradesh,Chhatarpur,LavKush Nagar (Laundi)
Madhya Pradesh,Chhatarpur,Rajnagar
Madhya Pradesh,Satna,Mehar
Madhya Pradesh,Rajgarh,Sarangpur
Madhya Pradesh,Ratlam,Ratlam
Madhya Pradesh,Shajapur,Shajapur
Madhya Pradesh,Shajapur,Kalapipal
Madhya Pradesh,Hoshangabad,Babai
Madhya Pradesh,Raisen,Obedullaganj
Madhya Pradesh,Dindori,Dindori
Madhya Pradesh,Anupur,Anuppur
Madhya Pradesh,Balaghat,Varaseoni
Madhya Pradesh,Bhind,Alampur
Madhya Pradesh,Shehdol,Budhar
Madhya Pradesh,Shehdol,Shahdol
Madhya Pradesh,Dewas,Haatpipliya
Madhya Pradesh,Dewas,Dewas
Madhya Pradesh,Ratlam,A lot
Madhya Pradesh,Rajgarh,Kurawar
Madhya Pradesh,Rajgarh,Machalpur
Madhya Pradesh,Raisen,Gairatganj
Madhya Pradesh,Rajgarh,Biaora
Madhya Pradesh,Rajgarh,Khilchipur
Madhya Pradesh,Jhabua,Thandla
Madhya Pradesh,Chhatarpur,Bijawar
Madhya Pradesh,Sagar,Rahatgarh
Madhya Pradesh,Ujjain,Mahidpur (F&V)
Madhya Pradesh,Shajapur,Agar
Madhya Pradesh,Ujjain,Ujjain
Madhya Pradesh,Ratlam,Taal
Madhya Pradesh,Tikamgarh,Niwadi
Madhya Pradesh,Shajapur,Badod
Madhya Pradesh,Morena,Sabalgarh (F&V)
Madhya Pradesh,Sagar,Khurai (F&V)
Madhya Pradesh,Datia,Sevda
Madhya Pradesh,Dhar,Dhar
Madhya Pradesh,Indore,Sanwer
Madhya Pradesh,Dhar,Badnawar
Madhya Pradesh,Jabalpur,Sehora
Madhya Pradesh,Rajgarh,Suthalia
Madhya Pradesh,Rajgarh,Chhapiheda
Madhya Pradesh,Mandla,Nainpur
Madhya Pradesh,Rajgarh,Pachaur
Madhya Pradesh,Panna,Devandranagar
Madhya Pradesh,Rajgarh,Jeerapur
Madhya Pradesh,Panna,Panna
Madhya Pradesh,Jabalpur,Paatan
Madhya Pradesh,Jhabua,Jhabua
Madhya Pradesh,Chhatarpur,Harpalpur
Madhya Pradesh,Betul,Multai
Madhya Pradesh,Balaghat,Mohgaon
Madhya Pradesh,Bhind,Mehgaon
Madhya Pradesh,Sheopur,Sheopurkalan
Madhya Pradesh,Shivpuri,Khatora
Madhya Pradesh,Tikamgarh,Jatara
Madhya Pradesh,Singroli,Singroli
Madhya Pradesh,Shajapur,Nalkehda
Madhya Pradesh,Seoni,Lakhnadon
Madhya Pradesh,Sidhi,Sidhi
Madhya Pradesh,Sagar,Garhakota
Madhya Pradesh,Rewa,Baikunthpur
Madhya Pradesh,Satna,Amarpatan
Madhya Pradesh,Seoni,Chhapara (F&V)
Madhya Pradesh,Sehore,Baktara
Madhya Pradesh,Satna,Nagod
Madhya Pradesh,Seoni,Seoni
Madhya Pradesh,Seoni,Chhpara
Madhya Pradesh,Umariya,Umariya
Maharashtra,Pune,Pune
Maharashtra,Pune,Pune (Moshi)
Maharashtra,Chattrapati Sambhajinagar,Chattrapati Sambhajinagar
Maharashtra,Nashik,Nasik
Maharashtra,Amarawati,Amrawati (Frui & Veg. Market)
Maharashtra,Chattrapati Sambhajinagar,Paithan
Maharashtra,Nagpur,Katol
Maharashtra,Buldhana,Buldhana (Dhad)
Maharashtra,Amarawati,Anajngaon
Maharashtra,Ahmednagar,Om Chaitanya Multistate Agro Purpose CoOp Society
Maharashtra,Pune,Dound
Maharashtra,Satara,Phaltan
Maharashtra,Thane,Kalyan
Maharashtra,Pune,Shirur
Maharashtra,Chattrapati Sambhajinagar,Kannad
Maharashtra,Ahmednagar,Rahuri
Maharashtra,Ahmednagar,Shrigonda
Maharashtra,Pune,Pune (Manjri)
Maharashtra,Pune,Junnar (Narayangaon)
Maharashtra,Pune,Junnar (Otur)
Maharashtra,Sholapur,Akluj
Maharashtra,Sangli,Islampur
Maharashtra,Satara,Karad
Maharashtra,Raigad,Panvel
Maharashtra,Ahmednagar,Ahmednagar
Maharashtra,Nashik,Premium Krushi Utpanna Bazar
Maharashtra,Jalgaon,Bhusaval
Maharashtra,Pune,Khed (Chakan)
Maharashtra,Sholapur,Mangal Wedha
Maharashtra,Satara,Vai
Maharashtra,Satara,Satara
Maharashtra,Pune,Pune (Pimpri)
Maharashtra,Ahmednagar,Shrirampur
Maharashtra,Nagpur,Nagpur
Maharashtra,Nagpur,Ramtek
Maharashtra,Nagpur,Kamthi
Maharashtra,Nagpur,Kalmeshwar
Maharashtra,Dharashiv (Usmanabad),Paranda
Maharashtra,Kolhapur,Kolhapur
Maharashtra,Nashik,Nashik (Devlali)
Maharashtra,Pune,Manchar
Maharashtra,Bhandara,Tumsar
Maharashtra,Bhandara,Bhandara
Maharashtra,Amarawati,Varud (Rajura Bazar)
Maharashtra,Sangli,Aatpadi
Maharashtra,Chattrapati Sambhajinagar,Sillod
Maharashtra,Pune,Junnar (Alephata)
Maharashtra,Ahmednagar,Akole
Maharashtra,Ahmednagar,Pathardi
Maharashtra,Ahmednagar,Parner
Maharashtra,Gadchiroli,Armori (Desaiganj)
Maharashtra,Chandrapur,Savali
Maharashtra,Chandrapur,Brahmpuri
Maharashtra,Raigad,Alibagh
Maharashtra,Raigad,Murud
Maharashtra,Raigad,Karjat (Raigad)
Maharashtra,Raigad,Mangaon
Maharashtra,Thane,Palghar
Maharashtra,Thane,Ulhasnagar
Maharashtra,Latur,Devani
Maharashtra,Latur,Jalkot
Maharashtra,Wardha,Ashti (Karanja)
Maharashtra,Nashik,Dindori
Maharashtra,Nashik,Pimpalgaon
NCT of Delhi,Delhi,Narela
NCT of Delhi,Delhi,Najafgarh
NCT of Delhi,Delhi,Shahdara
NCT of Delhi,Delhi,"Fish,Poultry & Egg Market, Gazipur"
NCT of Delhi,Delhi,"Flower Market,Gazipur"
Odisha,Boudh,Khunthabandha
Odisha,Boudh,Boudh
Odisha,Koraput,Koraput
Odisha,Koraput,Koraput (Semilguda)
Odisha,Dhenkanal,Hindol
Odisha,Sundergarh,Sargipali
Odisha,Sambalpur,Kuchinda
Odisha,Mayurbhanja,Baripada
Odisha,Ganjam,Hinjilicut
Odisha,Puri,Dumal
Odisha,Dhenkanal,Kamakhyanagar
Odisha,Mayurbhanja,Karanjia
Odisha,Keonjhar,Saharpada
Odisha,Bargarh,Bargarh
Odisha,Mayurbhanja,Udala
Odisha,Nuapada,Khariar Road
Odisha,Nuapada,Khariar
Odisha,Khurda,Balugaon
Odisha,Gajapati,Kasinagar
Odisha,Jagatsinghpur,Jagatsinghpur
Odisha,Balasore,Nilagiri
Odisha,Bargarh,Bargarh (Barapalli)
Odisha,Puri,Nimapara
Odisha,Mayurbhanja,Saraskana
Odisha,Gajapati,Parlakhemundi
Odisha,Kalahandi,Kesinga
Odisha,Jharsuguda,Jharsuguda
Odisha,Keonjhar,Anandapur
Punjab,Patiala,Rajpura
Punjab,Tarntaran,Patti
Punjab,Sangrur,Dhuri
Punjab,Mohali,Banur (Kheragaju)
Punjab,Mansa,Budalada
Punjab,Mansa,Mansa
Punjab,Mohali,Banur
Punjab,Mohali,Kharar
Punjab,Gurdaspur,Dinanagar
Punjab,Gurdaspur,Quadian
Punjab,Bhatinda,Rampuraphul (Nabha Mandi)
Punjab,Bhatinda,Bhagta Bhai Ka
Punjab,Sangrur,Ahmedgarh
Punjab,Patiala,Dudhansadhan
Punjab,Muktsar,Giddarbaha
Punjab,kapurthala,Bhulath
Punjab,kapurthala,Bhulath (Nadala)
Punjab,Hoshiarpur,Hoshiarpur (Sham Churasi)
Punjab,Jalandhar,Shahkot
Punjab,Gurdaspur,Kalanaur
Punjab,Tarntaran,Tarantaran
Punjab,Gurdaspur,Batala
Punjab,Jalandhar,Mehatpur
Punjab,Amritsar,Majitha
Punjab,Tarntaran,Harike
Punjab,Sangrur,Sunam
Punjab,Amritsar,Chogawan
Punjab,Bhatinda,Sangat
Punjab,Nawanshahr,Nawanshahar
Punjab,Patiala,Ghanaur
Punjab,Patiala,Samana (Gajewas)
Punjab,Sangrur,Dirba
Punjab,Patiala,Patran
Punjab,Tarntaran,Bhikhiwind (Marrimegha)
Punjab,Patiala,Samana
Punjab,Sangrur,Sulargharat
Punjab,Fazilka,Abohar
Punjab,Fazilka,Jalalabad
Punjab,Amritsar,Rayya
Punjab,Patiala,Patran (Ghagga Mandi)
Punjab,Nawanshahr,Nawan Shahar (MandiRaho)
Punjab,Mansa,Bareta
Punjab,Ropar (Rupnagar),Ropar
Punjab,Nawanshahr,Nawan Shahar (Mandi Jadla)
Punjab,Tarntaran,Bhikhiwind (Khalra)
Punjab,Sangrur,Bhawanigarh
Punjab,Sangrur,Amargarh
Punjab,Nawanshahr,Nawan Shahar (Mandi Aur)
Punjab,Tarntaran,Naushera Pannuan
Punjab,Tarntaran,Bhikhiwind (Sursingh)
Punjab,Tarntaran,Bhikhiwind
Punjab,Tarntaran,Bhikhiwind (Basarke)
Punjab,Tarntaran,Bhikhiwind (Algo)
Punjab,Tarntaran,Naushera Pannua (Dhotian)
Punjab,Ludhiana,Maloud
Punjab,Muktsar,Malout
Punjab,Patiala,Dakala
Punjab,Mansa,Bhikhi
Punjab,Mansa,Boha
Punjab,Mohali,Kurali
Punjab,Ludhiana,Sahnewal
Punjab,Ludhiana,kum Kalan
Punjab,kapurthala,Dhilwan
Punjab,Ferozpur,Zira
Punjab,Jalandhar,Jalandhar Cantt.
Punjab,Ferozpur,Talwandi Bhai
Punjab,Fatehgarh,Khamano (Sanghol)
Punjab,Faridkot,Jaitu
Punjab,Jalandhar,Jalandhar City
Punjab,Jalandhar,Jalandhar City (Kartar Pur Dana mandi)
Punjab,Faridkot,Sadiq
Punjab,Ferozpur,Talwandi Bhai (Mudki)
Punjab,Fatehgarh,Chanarthal
Punjab,Gurdaspur,Kahnuwan
Punjab,Faridkot,Kotkapura
Punjab,Hoshiarpur,GarhShankar (Kotfatuhi)
Punjab,Hoshiarpur,Garhshankar (Saila Khurd)
Punjab,Ludhiana,Mullanpur
Punjab,Fatehgarh,Khamano
Punjab,Jalandhar,Jalandhar Cantt (Jamshedpur Dana Mandi)
Punjab,Fatehgarh,Sirhind
Punjab,Fatehgarh,Amloh
Punjab,Ludhiana,Ludhiana (Mandi gill Road)
Punjab,Jalandhar,Nakodar
Punjab,Hoshiarpur,Garh Shankar
Punjab,Ludhiana,Ludhiana (Salem Tabri)
Punjab,Barnala,Mehal Kalan
Punjab,Barnala,Dhanaula
Punjab,Barnala,Tapa (Tapa Mandi)
Punjab,Muktsar,Malout (Panniwala)
Punjab,Ludhiana,Raikot
Punjab,Gurdaspur,Sri Har Gobindpur
Punjab,Gurdaspur,Sri Har Gobindpur (Harechowal)
Rajasthan,Jaipur Rural,Chomu (F&V)
Rajasthan,Kota,Kota (F&V)
Rajasthan,Alwar,Alwar (F&V)
Rajasthan,Chittorgarh,Chittorgarh
Rajasthan,Jaipur,Kishan Renwal (Fulera)
Rajasthan,Jhunjhunu,Gudhagorji
Rajasthan,Jaipur Rural,Sambhar (Kishangarh renwal)
Rajasthan,Jaipur Rural,Kishangarh Renwal
Rajasthan,Jodhpur,Bhagat Ki Kothi
Rajasthan,Tonk,Malpura
Rajasthan,Jhunjhunu,Surajgarh
Rajasthan,Jhunjhunu,Chirawa
Rajasthan,Dausa,Bandikui
Rajasthan,Dausa,Bandikui (Geejgarh)
Rajasthan,Ajmer,Ajmer (F&V)
Rajasthan,Jalore,Jalore
Rajasthan,Jodhpur Rural,Bilara
Rajasthan,Churu,Sujangarh
Rajasthan,Hanumangarh,Bhadara
Rajasthan,Bhilwara,Bhilwara
Rajasthan,Hanumangarh,Dablirathan
Rajasthan,Anupgarh,Raisingh Nagar
Rajasthan,Bhilwara,Gulabpura
Rajasthan,Hanumangarh,Goluwala
Rajasthan,Hanumangarh,Rawatsar
Rajasthan,Rajsamand,Rajsamand
Rajasthan,Bharatpur,Bayana
Rajasthan,Jalore,Bhinmal
Tamil Nadu,Thiruchirappalli,Thuraiyur
Tamil Nadu,Thiruvarur,Valangaiman
Tamil Nadu,Namakkal,Tiruchengode
Tamil Nadu,Vellore,Thirupathur
Tamil Nadu,Villupuram,Tindivanam
Tamil Nadu,Vellore,Vellore
Tamil Nadu,Villupuram,Ulundurpettai
Tamil Nadu,Madurai,Usilampatty
Tamil Nadu,Nagercoil (Kannyiakumari),Vadaseri
Tamil Nadu,Coimbatore,Udumalpet
Tamil Nadu,Dindigul,Kodaikkanal (Uzhavar Sandhai )
Telangana,Hyderabad,Bowenpally
Telangana,Hyderabad,Gaddiannaram
Telangana,Warangal,Warangal
Telangana,Nalgonda,Aler
Telangana,Nalgonda,Suryapeta
Telangana,Hyderabad,Gudimalkapur
Telangana,Ranga Reddy,Mehndipatnam (Rythu Bazar)
Telangana,Mahbubnagar,Kalwakurthy
Telangana,Medak,Vantamamidi
Telangana,Mahbubnagar,Shadnagar
Telangana,Hyderabad,Mahboob Manison
Telangana,Ranga Reddy,Chevella
Telangana,Ranga Reddy,Ibrahimputnam
Telangana,Karimnagar,Vemulawada
Telangana,Khammam,Kothagudem
Telangana,Karimnagar,Jammikunta
Telangana,Mahbubnagar,Wanaparthy town
Telangana,Karimnagar,Choppadandi
Telangana,Mahbubnagar,Mahbubnagar (Nawabpet)
Telangana,Warangal,Jangaon
Telangana,Warangal,Narsampet
Telangana,Medak,Gajwel
Telangana,Khammam,Kallur
Telangana,Khammam,Charla
Telangana,Karimnagar,Gangadhara
Telangana,Khammam,Bhadrachalam
Telangana,Khammam,Nelakondapally
Telangana,Karimnagar,Husnabad
Telangana,Nalgonda,Huzurnagar
Telangana,Karimnagar,Manakodur
Telangana,Khammam,Burgampadu
Telangana,Khammam,Wyra
Telangana,Nalgonda,Devarakonda
Telangana,Nalgonda,Choutuppal
Telangana,Nalgonda,Neredcherla
Telangana,Nalgonda,Huzurnagar (Matampally)
Telangana,Nalgonda,Thungathurthy
Telangana,Nalgonda,Miryalaguda
Telangana,Nizamabad,Nizamabad
Telangana,Nalgonda,Huzumnagar (Garidepally)
Telangana,Ranga Reddy,Marapally
Telangana,Adilabad,Mancharial
Telangana,Khammam,Sattupalli
Telangana,Adilabad,Asifabad
Tripura,Khowai,Kalyanpur
Tripura,Sepahijala,Sonamura
Tripura,West District,Mohanpur
Tripura,Sepahijala,Melaghar
Tripura,West District,Champaknagar
Tripura,Khowai,Teliamura
Tripura,Gomati,Garjee
Tripura,Dhalai,Gandacharra
Tripura,Sepahijala,Bishalgarh
Tripura,North Tripura,Dasda
Tripura,Gomati,Silachhari
Tripura,South District,Barpathari
Tripura,Sepahijala,Jumpuijala
Tripura,Dhalai,Kulai
Uttar Pradesh,Pratapgarh,Pratapgarh
Uttar Pradesh,Mainpuri,Ghiraur
Uttar Pradesh,Pillibhit,Pilibhit
Uttar Pradesh,Pillibhit,Puranpur
Uttar Pradesh,Shahjahanpur,Tilhar
Uttar Pradesh,Saharanpur,Deoband
Uttar Pradesh,Shahjahanpur,Shahjahanpur
Uttar Pradesh,Sambhal,Chandausi
Uttar Pradesh,Rampur,Rampur
Uttar Pradesh,Raebarelli,Raibareilly
Uttar Pradesh,Raebarelli,Jayas
Uttar Pradesh,Hardoi,Madhoganj
Uttar Pradesh,Hardoi,Shahabad (New Mandi)
Uttar Pradesh,Hardoi,Sandila
Uttar Pradesh,Gonda,Gonda
Uttar Pradesh,Khiri (Lakhimpur),Maigalganj
Uttar Pradesh,Kannuj,Chhibramau
Uttar Pradesh,Jhansi,Mauranipur
Uttar Pradesh,Baghpat,Baraut
Uttar Pradesh,Unnao,Bangarmau
Uttar Pradesh,Sonbhadra,Robertsganj
Uttar Pradesh,Varanasi,Varanasi (F&V)
Uttar Pradesh,Shravasti,Bhinga
Uttar Pradesh,Sitapur,Mehmoodabad
Uttar Pradesh,Shamli,Shamli
Uttar Pradesh,Sitapur,Sitapur
Uttar Pradesh,Gonda,Nawabganj
Uttar Pradesh,Etah,Etah
Uttar Pradesh,Farukhabad,Mohamadabad
Uttar Pradesh,Bareilly,Bareilly
Uttar Pradesh,Bijnor,Kiratpur
Uttar Pradesh,Basti,Basti
Uttar Pradesh,Ghaziabad,Ghaziabad
Uttar Pradesh,Ghaziabad,Hapur
Uttar Pradesh,Gautam Budh Nagar,Dankaur
Uttar Pradesh,Fatehpur,Khaga
Uttar Pradesh,Firozabad,Firozabad
Uttar Pradesh,Gautam Budh Nagar,Dadri
Uttar Pradesh,Amroha,Amroha
Uttar Pradesh,Amroha,Hasanpur
Uttar Pradesh,Aligarh,Khair
Uttar Pradesh,Bareilly,Bahedi
Uttar Pradesh,Aligarh,Aligarh
Uttar Pradesh,Ayodhya,Rudauli
Uttar Pradesh,Balrampur,Balrampur
Uttar Pradesh,Bahraich,Bahraich
Uttar Pradesh,Balrampur,Tulsipur
Uttar Pradesh,Badaun,Shahaswan
Uttar Pradesh,Badaun,Badayoun
Uttar Pradesh,Badaun,Ujhani
Uttar Pradesh,Mahoba,Mahoba
Uttar Pradesh,Gorakhpur,Gorakhpur
Uttar Pradesh,Gorakhpur,Chorichora
Uttar Pradesh,Kasganj,Kasganj
Uttar Pradesh,Kanpur Dehat,Pukharayan
Uttar Pradesh,Unnao,Unnao
Uttar Pradesh,Bulandshahar,Jahangirabad
Uttar Pradesh,Hathras,Sikandraraau
Uttar Pradesh,Aligarh,Atrauli
Uttar Pradesh,Aligarh,Charra
Uttar Pradesh,Agra,Achnera
Uttar Pradesh,Mirzapur,Ahirora
Uttar Pradesh,Jalaun (Orai),Jalaun
Uttar Pradesh,Hamirpur,Muskara
Uttar Pradesh,Jhansi,Jhansi
Uttar Pradesh,Kannuj,Kannauj
Uttar Pradesh,Jhansi,Moth
Uttar Pradesh,Jalaun (Orai),Orai
Uttar Pradesh,Sitapur,Hargaon (Laharpur)
Uttar Pradesh,Banda,Banda
Uttar Pradesh,Muzaffarnagar,Shahpur
Uttar Pradesh,Maharajganj,Gadaura
Uttar Pradesh,Saharanpur,Saharanpur
Uttar Pradesh,Shahjahanpur,Puwaha
Uttar Pradesh,Sambhal,Muradabad
Uttar Pradesh,Bijnor,Bijnaur
Uttar Pradesh,Auraiya,Dibiapur
Uttar Pradesh,Mahoba,Charkhari
Uttar Pradesh,Jalaun (Orai),Konch
Uttar Pradesh,Fatehpur,Fatehpur
Uttar Pradesh,Lalitpur,Mehrauni
Uttar Pradesh,Saharanpur,Gangoh
Uttar Pradesh,Saharanpur,Chutmalpur
Uttar Pradesh,Shamli,Kairana
Uttar Pradesh,Bulandshahar,Gulavati
Uttar Pradesh,Agra,Jagnair
Uttar Pradesh,Baghpat,Khekda
Uttar Pradesh,Badaun,Bilsi
Uttar Pradesh,Baghpat,Bagpat
Uttar Pradesh,Badaun,Visoli
Uttar Pradesh,Sambhal,Sambhal
Uttar Pradesh,Rampur,Milak
Uttar Pradesh,Lalitpur,Lalitpur
Uttar Pradesh,Bulandshahar,Anoop Shahar
Uttar Pradesh,Etah,Awagarh
Uttar Pradesh,Bijnor,Nagina
Uttar Pradesh,Ghaziabad,Muradnagar
Uttar Pradesh,Bareilly,Anwala
Uttar Pradesh,Raebarelli,Lalganj
Uttar Pradesh,Bijnor,Najibabad
Uttar Pradesh,Jhansi,Baruwasagar
Uttar Pradesh,Meerut,Mawana
Uttar Pradesh,Agra,Samsabad
Uttar Pradesh,Mainpuri,Bewar
Uttar Pradesh,Meerut,Parikshitgarh
Uttar Pradesh,Prayagraj,Sirsa
Uttar Pradesh,Fatehpur,Jahanabad
Uttar Pradesh,Etah,Aliganj
Uttar Pradesh,Badaun,Babrala
Uttar Pradesh,Mirzapur,Mirzapur
Uttar Pradesh,Prayagraj,Ajuha
Uttar Pradesh,Lucknow,Lucknow
Uttar Pradesh,Pillibhit,Vishalpur
Uttar Pradesh,Mathura,Mathura
Uttar Pradesh,Mainpuri,Mainpuri
Uttar Pradesh,Raebarelli,Bachranwa
Uttar Pradesh,Hathras,Shadabad
Uttar Pradesh,Hardoi,Sandi
Uttar Pradesh,Lakhimpur,Lakhimpur
Uttar Pradesh,Jhansi,Chirgaon
Uttar Pradesh,Kanpur,Varipaal
Uttar Pradesh,Kaushambi,Manjhanpur
Uttar Pradesh,Hardoi,Hardoi
Uttar Pradesh,Jhansi,Gurusarai
Uttar Pradesh,Ghazipur,Gazipur
Uttar Pradesh,Chitrakut,Karvi
Uttar Pradesh,Bhadohi (Sant Ravi Nagar),Gopiganj
Uttar Pradesh,Etawah,Jasvantnagar
Uttar Pradesh,Etawah,Bharthna
Uttar Pradesh,Etawah,Etawah
Uttar Pradesh,Chandauli,Chandoli
Uttar Pradesh,Bijnor,Chaandpur
Uttar Pradesh,Ayodhya,Faizabad
Uttar Pradesh,Agra,Fatehpur Sikri
Uttar Pradesh,Amethi,Sultanpur
Uttar Pradesh,Sambhal,Bhehjoi
Uttar Pradesh,Rampur,Shahabad
Uttar Pradesh,Rampur,Vilaspur
Uttar Pradesh,Lucknow,Banthara
Uttar Pradesh,Kaushambi,Bharwari
Uttar Pradesh,Fatehpur,Kishunpur
Uttar Pradesh,Badaun,Dataganj
Uttar Pradesh,Ghazipur,Yusufpur
Uttar Pradesh,Farukhabad,Farukhabad
Uttar Pradesh,Auraiya,Auraiya
Uttar Pradesh,Agra,Agra
Uttar Pradesh,Prayagraj,Jasra
Uttar Pradesh,Hamirpur,Kurara
Uttar Pradesh,Hamirpur,Raath
Uttar Pradesh,Jalaun (Orai),Ait
Uttar Pradesh,Jalaun (Orai),Madhogarh
Uttrakhand,Haridwar,Roorkee
Uttrakhand,Dehradoon,Rishikesh
Uttrakhand,UdhamSinghNagar,Rudrapur
Uttrakhand,UdhamSinghNagar,Khateema
Uttrakhand,UdhamSinghNagar,Kicchha
Uttrakhand,Haridwar,Manglaur
Uttrakhand,UdhamSinghNagar,Kashipur
Uttrakhand,Haridwar,Haridwar Union
Uttrakhand,UdhamSinghNagar,Sitarganj
Uttrakhand,Nanital,Ramnagar
Uttrakhand,Nanital,Haldwani
Uttrakhand,Dehradoon,Vikasnagar
Uttrakhand,Garhwal (Pauri),Kotadwara
Uttrakhand,UdhamSinghNagar,Jaspur (UC)
Uttrakhand,Haridwar,Bhagwanpur (Naveen Mandi Sthal)
Uttrakhand,Dehradoon,Chakrata
Uttrakhand,Champawat,Tanakpur
Uttrakhand,Haridwar,Lakshar
Uttrakhand,UdhamSinghNagar,Nanakmatta
Uttrakhand,UdhamSinghNagar,Gadarpur
Uttrakhand,UdhamSinghNagar,Bazpur
West Bengal,Howrah,Ramkrishanpur (Howrah)
West Bengal,Birbhum,Sainthia
West Bengal,Darjeeling,Siliguri
West Bengal,Medinipur (E),Tamluk (Medinipur E)
West Bengal,Howrah,Uluberia
West Bengal,Hooghly,Pandua
West Bengal,Dakshin Dinajpur,Gangarampur (Dakshin Dinajpur)
West Bengal,Kolkata,Sealdah Koley Market
West Bengal,Hooghly,Kalipur
West Bengal,Hooghly,Champadanga
West Bengal,Puruliya,Balarampur
West Bengal,Medinipur (W),Medinipur (West)
West Bengal,Hooghly,Sheoraphuly
West Bengal,Medinipur (W),Ghatal
West Bengal,Sounth 24 Parganas,Baruipur (Canning)
West Bengal,Jalpaiguri,Dhupguri
West Bengal,Jalpaiguri,Jalpaiguri Sadar
West Bengal,Dakshin Dinajpur,Balurghat
West Bengal,Purba Bardhaman,Memari
West Bengal,North 24 Parganas,Habra
West Bengal,Jalpaiguri,Belacoba
West Bengal,North 24 Parganas,Barasat
West Bengal,Alipurduar,Alipurduar
West Bengal,Alipurduar,Falakata
West Bengal,Bankura,Khatra
West Bengal,Bankura,Bishnupur (Bankura)
West Bengal,Uttar Dinajpur,Raiganj
West Bengal,Purba Bardhaman,Guskara
West Bengal,Coochbehar,Mekhliganj
West Bengal,Coochbehar,Toofanganj
West Bengal,Coochbehar,Dinhata
West Bengal,Nadia,Kalyani
West Bengal,Purba Bardhaman,Kalna
West Bengal,Paschim Bardhaman,Asansol
West Bengal,Puruliya,Purulia
West Bengal,Medinipur (W),Garbeta (Medinipur)
West Bengal,Jalpaiguri,Moynaguri
West Bengal,Paschim Bardhaman,Durgapur
West Bengal,Bankura,Indus (Bankura Sadar)
West Bengal,Bankura,Bankura Sadar
West Bengal,Birbhum,Bolpur
West Bengal,Darjeeling,Darjeeling
West Bengal,Darjeeling,Karsiyang (Matigara)
West Bengal,Sounth 24 Parganas,Diamond Harbour (South 24-pgs)
West Bengal,Purba Bardhaman,Burdwan
West Bengal,Birbhum,Birbhum
West Bengal,Murshidabad,Lalbagh
West Bengal,Malda,English Bazar
West Bengal,Murshidabad,Jangipur
West Bengal,Uttar Dinajpur,Islampur
West Bengal,Uttar Dinajpur,Kaliaganj
West Bengal,Murshidabad,Jiaganj
West Bengal,Murshidabad,Beldanga
West Bengal,Murshidabad,Kasimbazar
West Bengal,Medinipur (E),Kolaghat
West Bengal,Birbhum,Rampurhat
West Bengal,Murshidabad,Kandi
West Bengal,Malda,Samsi
Andhra Pradesh,Kurnool,Kurnool
Andhra Pradesh,East Godavari,Ambajipeta
Andhra Pradesh,Chittor,Tirupati
Andhra Pradesh,Kurnool,Adoni
Andhra Pradesh,Nellore,Atmakur (SPS)
Andhra Pradesh,Guntur,Pidugurala (Palnadu)
Andhra Pradesh,Guntur,Guntur
Andhra Pradesh,Cuddapah,Lakkireddipally
Andhra Pradesh,Visakhapatnam,Anakapally
Andhra Pradesh,West Godavari,Chintalapudi
Andhra Pradesh,West Godavari,Eluru
Andhra Pradesh,West Godavari,Denduluru
Andhra Pradesh,Krishna,Tiruvuru
Andhra Pradesh,Anantapur,Anantapur
Andhra Pradesh,Nellore,Rapur
Andhra Pradesh,Nellore,Gudur
Andhra Pradesh,Chittor,Punganur
Andhra Pradesh,Chittor,Kalikiri
Andhra Pradesh,Chittor,Vayalapadu
Andhra Pradesh,Cuddapah,Cuddapah
Bihar,Banka,Barahat
Bihar,Buxar,Buxur
Chattisgarh,Balodabazar,Bhatapara
Chattisgarh,Raigarh,Kharsiya
Chattisgarh,Surguja,Ambikapur
Chattisgarh,Surajpur,Pratappur
Chattisgarh,Rajnandgaon,Bandhabazar
Chattisgarh,Balrampur,Ramanujganj
Chattisgarh,Mahasamund,Tendukona
Chattisgarh,Mahasamund,Bheemkhoj
Chattisgarh,Kondagaon,Bededonger
Chattisgarh,Kondagaon,Chhinari
Chattisgarh,Mahasamund,Bagbahra
Chattisgarh,Koria,Baikunthpur
Chattisgarh,Kondagaon,Pharasgaon
Chattisgarh,Mahasamund,Komakhan
Chattisgarh,Kondagaon,Keshkal
Chattisgarh,Kondagaon,Hirapur
Chattisgarh,Kondagaon,Gamhari
Chattisgarh,Kondagaon,Mardapal
Chattisgarh,Kondagaon,Makdi
Chattisgarh,Bemetara,Bemetara
Chattisgarh,Raipur,Raipur
Chattisgarh,Balrampur,Kusmee
Chattisgarh,Bilaspur,Tiphra
Chattisgarh,Raigarh,Baramkela
Chattisgarh,Dhamtari,Bhakhara
Chattisgarh,Raigarh,Kedar
Chattisgarh,Raipur,Arang
Chattisgarh,Raigarh,Sariya
Chattisgarh,Raigarh,Sarangarh
Chattisgarh,Raigarh,Gharghoda
Chattisgarh,Mahasamund,Pirda
Chattisgarh,Mahasamund,Sarayapali
Chattisgarh,Raipur,Navapara
Chattisgarh,Jashpur,Kotba
Chattisgarh,Mahasamund,Pithoura
Chattisgarh,Janjgir,Akaltara
Chattisgarh,Gariyaband,Chura
Chattisgarh,Kanker,Lakhanpuri
Chattisgarh,Kanker,Charama
Chattisgarh,Kanker,Narharpur
Chattisgarh,Mahasamund,Basana
Chattisgarh,Jashpur,Pathalgaon
Chattisgarh,Jashpur,Jaspur
Chattisgarh,Bilaspur,Jairamnagar
Chattisgarh,Dhamtari,Nagari
Chattisgarh,Dhamtari,Dhamtari
Chattisgarh,Rajnandgaon,Kheragarh
Chattisgarh,Kabirdham,Biranpur kalan (Sahaspur Lohra)
Chattisgarh,Bastar,Jagdalpur
Goa,South Goa,Curchorem
Goa,South Goa,Margao
Gujarat,Patan,Patan
Gujarat,Patan,Radhanpur
Gujarat,Patan,Sami
Gujarat,Mehsana,Unjha
Gujarat,Jamnagar,Jamnagar
Gujarat,Porbandar,Porbandar
Gujarat,Amreli,Amreli
Gujarat,Mehsana,Kadi
Gujarat,Surendranagar,Vadhvan
Gujarat,Ahmedabad,Ahmedabad
Gujarat,Panchmahals,Gogamba (Similiya)
Gujarat,Panchmahals,Gogamba
Gujarat,Rajkot,Dhoraji
Gujarat,Rajkot,Gondal
Gujarat,Junagarh,Junagadh
Gujarat,Morbi,Halvad
Gujarat,Rajkot,Rajkot
Gujarat,Rajkot,Upleta
Gujarat,Rajkot,Jasdan
Gujarat,Rajkot,Jetpur (Dist.Rajkot)
Gujarat,Botad,Botad
Gujarat,Dahod,Dahod
Gujarat,Jamnagar,Jam Jodhpur
Gujarat,Bhavnagar,Taleja
Gujarat,Junagarh,Visavadar
Gujarat,Morbi,Morbi
Gujarat,Patan,Siddhpur
Gujarat,Mehsana,Visnagar
Gujarat,Mehsana,Mehsana (Jornang)
Gujarat,Sabarkantha,Modasa (Tintoi)
Gujarat,Sabarkantha,Modasa
Gujarat,Sabarkantha,Himatnagar
Gujarat,Amreli,Dhari
Gujarat,Amreli,Savarkundla
Gujarat,Dahod,Zalod (Sanjeli)
Gujarat,Devbhumi Dwarka,Jam Khambalia
Gujarat,Gandhinagar,Dehgam
Gujarat,Jamnagar,Dhrol
Gujarat,Banaskanth,Thara
Gujarat,Gandhinagar,Dehgam (Rekhiyal)
Gujarat,Gandhinagar,Kalol
Gujarat,Gandhinagar,Mansa
Gujarat,Bhavnagar,Bhavnagar
Gujarat,Banaskanth,Palanpur
Gujarat,Banaskanth,Deesa
Gujarat,Banaskanth,Dhanera
Gujarat,Banaskanth,Lakhani
Gujarat,Banaskanth,Panthawada
Gujarat,Banaskanth,Thara (Shihori)
Gujarat,Anand,Khambhat (Grain Market)
Gujarat,Banaskanth,Diyodar
Gujarat,Banaskanth,Amirgadh
Gujarat,Anand,Umreth
Gujarat,Bhavnagar,Palitana
Gujarat,Amreli,Rajula
Gujarat,Banaskanth,Vadgam
Gujarat,Banaskanth,Tharad
Gujarat,Mehsana,Mehsana (Mehsana Veg)
Gujarat,Valsad,Valsad
Gujarat,Patan,Harij
Gujarat,Surat,Vyra
Gujarat,Amreli,Bagasara
Gujarat,Dahod,Zalod (Zalod)
Gujarat,Gir Somnath,Veraval
Gujarat,Anand,"Anand (Veg,Yard,Anand)"
Gujarat,Surat,Songadh (Umrada)
Gujarat,Rajkot,Rajkot (Veg.Sub Yard)
Gujarat,Surat,Songadh (Badarpada)
Gujarat,Surat,Songadh
Gujarat,Amreli,Damnagar
Gujarat,Gir Somnath,Talalagir
Gujarat,Gandhinagar,Mansa (Manas Veg Yard)
Gujarat,Mehsana,Vijapur (veg)
Gujarat,Gir Somnath,Kodinar
Gujarat,Kachchh,Bachau
Gujarat,Mehsana,Vijapur
Gujarat,Mehsana,Vijapur (Kukarvada)
Gujarat,Mehsana,Unava
Gujarat,Surendranagar,Dasada Patadi
Gujarat,Ahmedabad,Viramgam
Gujarat,Banaskanth,Tharad (Rah)
Gujarat,Banaskanth,Bhabhar
Gujarat,Jamnagar,Kalawad
Gujarat,Junagarh,Bhesan
Gujarat,Surendranagar,Dhragradhra
Gujarat,Surat,Nizar (Kukarmuda)
Gujarat,Amreli,Babra
Gujarat,Botad,Botad (Haddad)
Gujarat,Morbi,Vankaner
Gujarat,Kachchh,Rapar
Gujarat,Surat,Nizar
Gujarat,Sabarkantha,Vadali
Gujarat,Sabarkantha,Bhiloda
Gujarat,Dahod,Limkheda
Gujarat,Ahmedabad,Ahmedabad (Chimanbhai Patal Market Vasana)
Gujarat,Ahmedabad,Sanad
Gujarat,Dahod,Devgadhbaria
Gujarat,Dahod,Davgadbaria (Piplod)
Gujarat,Surat,Mahuva (Anaval)
Gujarat,Sabarkantha,Meghraj
Gujarat,Sabarkantha,Dhansura
Gujarat,Surat,Nizar (Pumkitalov)
Gujarat,Anand,Borsad
Haryana,Ambala,Barara
Haryana,Ambala,Naraingarh
Haryana,Yamuna Nagar,Yamuna Nagar
Haryana,Yamuna Nagar,Radaur
Haryana,Yamuna Nagar,Jagadhri
Haryana,Karnal,Indri
Haryana,Karnal,Tarori
Haryana,Kurukshetra,Iamailabad
Haryana,Bhiwani,Bhiwani
Haryana,Fatehabad,Fatehabad
Haryana,Rohtak,Sampla
Haryana,Rohtak,Meham
Haryana,Sonipat,Gohana
Haryana,Sirsa,kalanwali
Haryana,Kurukshetra,Thanesar
Haryana,Mewat,Tauru
Haryana,Bhiwani,Jui
Haryana,Mahendragarh-Narnaul,Khanina
Haryana,Mahendragarh-Narnaul,Ateli
Haryana,Mewat,Hathin
Haryana,Jind,Safidon
Haryana,Bhiwani,Ch. Dadri
Haryana,Sonipat,Sonepat
Haryana,Faridabad,Ballabhgarh
Haryana,Ambala,Shahzadpur
Haryana,Palwal,Palwal
Haryana,Kaithal,Kaithal
Haryana,Gurgaon,Pataudi
Haryana,Mewat,Nuh
Haryana,Fatehabad,Jakhal
Haryana,Fatehabad,Bhattu Kalan
Haryana,Bhiwani,Siwani
Haryana,Hissar,Adampur
Haryana,Fatehabad,Bhuna
Haryana,Sirsa,"New Grain Market , Sirsa"
Haryana,Sirsa,Dabwali
Haryana,Ambala,Ambala City (Subji Mandi)
Haryana,Jind,Jind
Haryana,Fatehabad,Tohana
Haryana,Kurukshetra,Babain
Haryana,Kurukshetra,Pipli
Haryana,Karnal,Kunjpura
Haryana,Kurukshetra,Pehowa
Himachal Pradesh,Kangra,Kangra (Baijnath)
Himachal Pradesh,Kangra,Kangra (Jaisinghpur)
Himachal Pradesh,Kangra,Kangra
Himachal Pradesh,Kangra,Kangra (Nagrota Bagwan)
Himachal Pradesh,Kangra,Dharamshala
Himachal Pradesh,Kullu,Bhuntar
Himachal Pradesh,Bilaspur,Bilaspur
Himachal Pradesh,Hamirpur,Hamirpur
Himachal Pradesh,Hamirpur,Hamirpur (Nadaun)
Himachal Pradesh,Solan,Solan
Himachal Pradesh,Sirmore,Nahan
Himachal Pradesh,Solan,Solan (Parwanoo)
Himachal Pradesh,Mandi,Dhanotu (Mandi)
Himachal Pradesh,Kangra,Kangra (Jassour)
Himachal Pradesh,Sirmore,Paonta Sahib
Himachal Pradesh,Solan,Solan (Nalagarh)
Himachal Pradesh,Una,Una
Himachal Pradesh,Kangra,Palampur
Himachal Pradesh,Mandi,Mandi (Mandi)
Himachal Pradesh,Shimla,Shimla and Kinnaur (Rampur)
Himachal Pradesh,Shimla,Shimla and Kinnaur (Theog)
Himachal Pradesh,Solan,Waknaghat
Himachal Pradesh,Mandi,Chail Chowk
Himachal Pradesh,Solan,Dharampur
Jammu and Kashmir,Srinagar,Ganderbal
Jammu and Kashmir,Pulwama,Pulwama (F&V)
Karnataka,Chamrajnagar,Gundlupet
Karnataka,Bangalore,"Binny Mill (F&V), Bangalore"
Karnataka,Kalburgi,Kalburgi
Karnataka,Davangere,Davangere
Karnataka,Karwar (Uttar Kannad),Kumta
Karnataka,Karwar (Uttar Kannad),Yellapur
Karnataka,Karwar (Uttar Kannad),Sirsi
Karnataka,Chitradurga,Holalkere
Karnataka,Chamrajnagar,Chamaraj Nagar
Karnataka,Shimoga,Shimoga
Karnataka,Mangalore (Dakshin Kannad),Belthangdi
Karnataka,Mangalore (Dakshin Kannad),Puttur
Karnataka,Shimoga,Bhadravathi
Karnataka,Mangalore (Dakshin Kannad),Mangalore
Karnataka,Mangalore (Dakshin Kannad),Sulya
Karnataka,Udupi,Karkala
Karnataka,Shimoga,Shimoga (Theertahalli)
Karnataka,Madikeri (Kodagu),Somvarpet
Karnataka,Udupi,Udupi
Karnataka,Kolar,Bangarpet
Karnataka,Chikmagalur,Chikkamagalore
Karnataka,Kolar,Malur
Karnataka,Kolar,Kolar
Karnataka,Kolar,Gowribidanoor
Karnataka,Dharwad,Dharwar
Karnataka,Belgaum,Kudchi
Karnataka,Madikeri (Kodagu),Gonikappal
Karnataka,Madikeri (Kodagu),Madikeri
Karnataka,Hassan,Channarayapatna
Karnataka,Chitradurga,Hiriyur
Karnataka,Mandya,Malavalli
Karnataka,Tumkur,Turvekere
Karnataka,Tumkur,Tiptur
Karnataka,Dharwad,Hubli (Amaragol)
Karnataka,Belgaum,Athani
Karnataka,Mandya,Mandya
Karnataka,Karwar (Uttar Kannad),Mundgod
Karnataka,Mysore,Hunsur
Karnataka,Shimoga,Sorabha
Karnataka,Karwar (Uttar Kannad),Haliyala
Karnataka,Bangalore,Hoskote
Karnataka,Koppal,Gangavathi
Karnataka,Belgaum,Bailahongal
Karnataka,Mysore,K.R.Nagar
Karnataka,Kolar,Mulabagilu
Kerala,Ernakulam,North Paravur
Kerala,Thiruvananthapuram,Balarampuram
Kerala,Idukki,Adimali
Kerala,Ernakulam,Perumbavoor
Kerala,Ernakulam,Kothamangalam
Kerala,Kannur,Payyannur
Kerala,Kollam,PUTHUR VFPCK
Kerala,Kasargod,Manjeswaram
Kerala,Alappuzha,Cherthala
Kerala,Alappuzha,Harippad
Kerala,Pathanamthitta,Ranniangadi
Kerala,Palakad,Pattambi
Kerala,Pathanamthitta,Kuttoor
Kerala,Thiruvananthapuram,Nedumangadu
Kerala,Thiruvananthapuram,Neyyatinkara
Kerala,Thiruvananthapuram,Attingal
Kerala,Thiruvananthapuram,Chala
Kerala,Kozhikode (Calicut),Quilandy
Kerala,Kozhikode (Calicut),Palayam
Kerala,Kozhikode (Calicut),Kallachi
Kerala,Malappuram,Kottakkal
Kerala,Kozhikode (Calicut),Mukkom
Kerala,Kottayam,Pampady
Kerala,Palakad,Palakkad
Kerala,Malappuram,Thirurrangadi
Kerala,Palakad,Kollengode
Kerala,Malappuram,Kondotty
Kerala,Malappuram,Parappanangadi
Kerala,Ernakulam,Thrippunithura
Kerala,Kollam,Sasthamkotta
Kerala,Alappuzha,Chengannur
Kerala,Kottayam,Kuruppanthura
Kerala,Malappuram,Perinthalmanna
Kerala,Idukki,Vandiperiyar
Kerala,Kannur,Kuthuparambu
Kerala,Kasargod,Kanjangadu
Kerala,Ernakulam,Thiruvaniyoor VFPCK
Kerala,Kottayam,Athirampuzha
Kerala,Kasargod,Madikai VFPCK
Kerala,Kottayam,Ettumanoor
Kerala,Thirssur,Chavakkad
Kerala,Thirssur,Chalakudy
Kerala,Palakad,Vadakkenchery
Kerala,Wayanad,Kalpetta
Kerala,Thirssur,Wadakkanchery
Kerala,Wayanad,Manathavady
Kerala,Idukki,MELECHINNAR VFPCK
Kerala,Idukki,Kamakshi VFPCK
Kerala,Idukki,ERRATTAYAR VFPCK
Kerala,Idukki,Alacode VFPCK
Kerala,Ernakulam,THURAVOOR VFPCK
Kerala,Ernakulam,Kunnukara VFPCK
Kerala,Kannur,KELAKAM VFPCK
Kerala,Kollam,Nedumpana VFPCK
Kerala,Kannur,Taliparamba
Kerala,Kottayam,AYMANAM VFPCK
Kerala,Kollam,Kottarakkara
Kerala,Ernakulam,KANJOOR VFPCK
Kerala,Kasargod,Pullur Periya VFPCK
Kerala,Thirssur,Annamanada VFPCK
Kerala,Thirssur,Karuvannur VFPCK
Kerala,Thirssur,Kuzhur VFPCK
Kerala,Thirssur,Nooluvally VFPCK
Kerala,Thirssur,MALA VFPCK
Kerala,Thirssur,Marottichal VFPCK
Kerala,Thirssur,KADUKUTTY VFPCK
Kerala,Pathanamthitta,Mezhuveli VFPCK
Kerala,Pathanamthitta,NEDUMBRAM VFPCK
Kerala,Thiruvananthapuram,Kallara VFPCK
Kerala,Thiruvananthapuram,Kattakkada VFPCK
Kerala,Thiruvananthapuram,MYLACHAL VFPCK
Kerala,Thiruvananthapuram,MUDAKKAL VFPCK
Kerala,Thiruvananthapuram,VEMBAYAM VFPCK
Kerala,Thiruvananthapuram,Vengannore VFPCK
Kerala,Thiruvananthapuram,VELLANAD VFPCK
Kerala,Thiruvananthapuram,Neyyattinkara VFPCK
Kerala,Thiruvananthapuram,ATHIYANNUR VFPCK
Kerala,Thiruvananthapuram,KILMANNUR VFPCK
Kerala,Thiruvananthapuram,ARYANAD VFPCK
Kerala,Thiruvananthapuram,Vellarada VFPCK
Kerala,Thiruvananthapuram,Kollayil VFPCK
Kerala,Thiruvananthapuram,Balaramapuram VFPCK
Kerala,Kozhikode (Calicut),KOODARANJI VFPCK
Kerala,Kozhikode (Calicut),KODIYATHUR VFPCK
Kerala,Kozhikode (Calicut),Kunnamangalam VFPCK
Kerala,Kottayam,Vayala VFPCK
Kerala,Kozhikode (Calicut),KODENCHERY VFPCK
Kerala,Kozhikode (Calicut),KAKKUR VFPCK
Kerala,Malappuram,ANGADIPPURAM VFPCK
Kerala,Kozhikode (Calicut),THIRUVAMBADY VFPCK
Kerala,Kottayam,RAMAPURAM VFPCK
Kerala,Malappuram,ELAMKULAM VFPCK
Kerala,Kottayam,Kottayam
Kerala,Kottayam,Pala
Kerala,Malappuram,Thiruvali VFPCK
Kerala,Palakad,Alenellur VFPCK
Kerala,Kozhikode (Calicut),Mukkam VFPCK
Kerala,Kottayam,VAKATHANAM VFPCK
Kerala,Wayanad,MUTTIL VFPCK
Kerala,Wayanad,PERIA VFPCK
Kerala,Wayanad,THAVINJAL VFPCK
Kerala,Wayanad,Thondernad VFPCK
Kerala,Kannur,Chavassery VFPCK
Kerala,Kannur,Maloor VFPCK
Kerala,Thiruvananthapuram,Vamanapuram
Kerala,Thirssur,Pariyaram VFPCK
Kerala,Kottayam,ETTUMANOOR VFPCK
Kerala,Pathanamthitta,KODUMON VFPCK
Kerala,Pathanamthitta,Erath VFPCK
Kerala,Kozhikode (Calicut),THALAKULATHUR VFPCK
Kerala,Kottayam,Mutholy VFPCK
Kerala,Kollam,Punalur VFPCK
Kerala,Pathanamthitta,Pandalam
Kerala,Alappuzha,EDATHWA VFPCK
Kerala,Alappuzha,CHENNITHALA VFPCK
Kerala,Palakad,Paliyamangalam VFPCK
Kerala,Kannur,Koodali VFPCK
Kerala,Kottayam,Vempally VFPCK
Kerala,Pathanamthitta,Pandalam Thekkekkara VFPCK
Kerala,Pathanamthitta,PANDALAM VFPCK
Kerala,Pathanamthitta,EZHAMKULAM VFPCK
Kerala,Kottayam,ATHIRAMPUZHA VFPCK
Kerala,Ernakulam,Nedungapra VFPCK
Kerala,Kannur,Mattannur VFPCK
Madhya Pradesh,Damoh,Patharia
Madhya Pradesh,Raisen,Udaipura
Madhya Pradesh,Raisen,Bareli
Madhya Pradesh,Raisen,Begamganj
Madhya Pradesh,Morena,Kailaras
Madhya Pradesh,Morena,Morena
Madhya Pradesh,Morena,Sabalgarh
Madhya Pradesh,Narsinghpur,Kareli
Madhya Pradesh,Badwani,Balwadi
Madhya Pradesh,Harda,Harda
Madhya Pradesh,Hoshangabad,Pipariya
Madhya Pradesh,Jhabua,Thandla (F&V)
Madhya Pradesh,Hoshangabad,Hoshangabad (F&V)
Madhya Pradesh,Shivpuri,Khanyadhana
Madhya Pradesh,Sagar,Bina
Madhya Pradesh,Vidisha,Sironj
Madhya Pradesh,Khandwa,Harsood
Madhya Pradesh,Mandsaur,Mandsaur
Madhya Pradesh,Indore,Mhow
Madhya Pradesh,Rajgarh,Narsinghgarh
Madhya Pradesh,Raisen,Raisen
Madhya Pradesh,Ratlam,Jaora
Madhya Pradesh,Raisen,Silvani
Madhya Pradesh,Mandsaur,Sitmau
Madhya Pradesh,Narsinghpur,Kareli (F&V)
Madhya Pradesh,Neemuch,Manasa
Madhya Pradesh,Bhopal,Berasia
Madhya Pradesh,Ashoknagar,Ashoknagar
Madhya Pradesh,Bhind,Bhind
Madhya Pradesh,Ashoknagar,Isagarh
Madhya Pradesh,Betul,Betul
Madhya Pradesh,Gwalior,Dabra
Madhya Pradesh,Harda,Timarni
Madhya Pradesh,Guna,Guna
Madhya Pradesh,Harda,Khirakiya
Madhya Pradesh,Hoshangabad,Banapura
Madhya Pradesh,Hoshangabad,Itarsi
Madhya Pradesh,Dewas,Khategaon
Madhya Pradesh,Dindori,Gorakhpur
Madhya Pradesh,Guna,Binaganj
Madhya Pradesh,Guna,Aron
Madhya Pradesh,Sheopur,Sheopurbadod
Madhya Pradesh,Sehore,Nasrullaganj
Madhya Pradesh,Sehore,Ashta
Madhya Pradesh,Shivpuri,Kolaras
Madhya Pradesh,Sagar,Kesli
Madhya Pradesh,Ratlam,Sailana
Madhya Pradesh,Sagar,Rehli
Madhya Pradesh,Ujjain,Tarana
Madhya Pradesh,Ujjain,Khachrod
Madhya Pradesh,Vidisha,Vidisha
Madhya Pradesh,Indore,Mhow (F&V)
Madhya Pradesh,Raisen,Bareli (F&V)
Madhya Pradesh,Dhar,Rajgarh (F&V)
Madhya Pradesh,Dhar,Kukshi (F&V)
Madhya Pradesh,Indore,Gautampura (F&V)
Madhya Pradesh,Sagar,Banda
Madhya Pradesh,Vidisha,Shamshabad
Madhya Pradesh,Rewa,Hanumana (F&V)
Madhya Pradesh,Chhatarpur,Chattarpur (F&V)
Madhya Pradesh,Sagar,Rehli (F&V)
Madhya Pradesh,Guna,Maksudangarh
Madhya Pradesh,Guna,Kumbhraj
Madhya Pradesh,Shajapur,Akodiya (F&V)
Madhya Pradesh,Sehore,Aashta (F&V)
Madhya Pradesh,Shajapur,Shujalpur (F&V)
Madhya Pradesh,Ratlam,Sailana (F&V)
Madhya Pradesh,Narsinghpur,Gotegaon
Madhya Pradesh,Narsinghpur,Gotegaon (F&V)
Madhya Pradesh,Hoshangabad,Semriharchand
Madhya Pradesh,Panna,Ajaygarh
Madhya Pradesh,Datia,Bhander
Madhya Pradesh,Chhindwara,Pandhurna
Madhya Pradesh,Sheopur,Vijaypur
Madhya Pradesh,Rajgarh,Khujner
Madhya Pradesh,Agar Malwa,Nalkheda (F&V)
Madhya Pradesh,Sagar,Bamora
Madhya Pradesh,Shivpuri,Badarwas
Madhya Pradesh,Khargone,Kasrawad
Madhya Pradesh,Chhindwara,Saunsar
Madhya Pradesh,Sehore,Ichhawar
Madhya Pradesh,Morena,Ambaha
Madhya Pradesh,Ashoknagar,Mungawali
Madhya Pradesh,Chhatarpur,Badamalhera
Madhya Pradesh,Dewas,Sonkatch
Madhya Pradesh,Sehore,Jawar
Madhya Pradesh,Shivpuri,Pohari
Madhya Pradesh,Raisen,Obedullaganj (F&V)
Madhya Pradesh,Mandla,Bichiya (F&V)
Madhya Pradesh,Seoni,Barghat
Madhya Pradesh,Shajapur,Susner
Madhya Pradesh,Ujjain,Mahidpur
Madhya Pradesh,Ujjain,Unhel
Madhya Pradesh,Ujjain,Nagda
Madhya Pradesh,Mandsaur,Bhanpura
Madhya Pradesh,Chhatarpur,Bakswaha
Madhya Pradesh,Panna,Pawai
Madhya Pradesh,Panna,Simariya
Madhya Pradesh,Mandsaur,Suvasra
Madhya Pradesh,Morena,Banmorkalan
Madhya Pradesh,Damoh,Hata
Madhya Pradesh,Bhind,Gohad
Madhya Pradesh,Chhatarpur,Naugaon
Madhya Pradesh,Betul,Bhensdehi
Madhya Pradesh,Ashoknagar,Chanderi
Madhya Pradesh,Harda,Sirali
Madhya Pradesh,Hoshangabad,Bankhedi
Madhya Pradesh,Gwalior,Bhitarwar
Madhya Pradesh,Seoni,Kewalri (F&V)
Madhya Pradesh,Seoni,Keolari
Madhya Pradesh,Sehore,Shyampur
Madhya Pradesh,Sagar,Malthone
Madhya Pradesh,Sagar,Jaisinagar
Madhya Pradesh,Shivpuri,Pichhour
Madhya Pradesh,Vidisha,Kurwai
Maharashtra,Mumbai,Mumbai
Maharashtra,Sholapur,Solapur
Maharashtra,Mumbai,Mumbai- Fruit Market
Maharashtra,Sholapur,Dudhani
Maharashtra,Yavatmal,Yeotmal
Maharashtra,Yavatmal,"Mahesh Krushi Utpanna Bazar, Digras"
Maharashtra,Yavatmal,Digras
Maharashtra,Yavatmal,Babhulgaon
Maharashtra,Wardha,Arvi
Maharashtra,Wardha,Wardha
Maharashtra,Wardha,Hinganghat
Maharashtra,Yavatmal,Pandhakawada
Maharashtra,Sholapur,Barshi (Vairag)
Maharashtra,Wardha,Sindi (Selu)
Maharashtra,Yavatmal,Ner Parasopant
Maharashtra,Vashim,Karanja
Maharashtra,Vashim,Manora
Maharashtra,Vashim,N N Mundhada Agriculture Market Produce
Maharashtra,Vashim,Risod
Maharashtra,Dharashiv (Usmanabad),Kalamb (Dharashiv)
Maharashtra,Beed,Majalgaon
Maharashtra,Hingoli,Sengoan
Maharashtra,Dharashiv (Usmanabad),Tuljapur
Maharashtra,Dharashiv (Usmanabad),Murum
Maharashtra,Jalgaon,Parola
Maharashtra,Jalgaon,Amalner
Maharashtra,Jalana,Mantha
Maharashtra,Buldhana,Khamgaon
Maharashtra,Buldhana,Mehekar
Maharashtra,Buldhana,BSK Krishi Bazar Private Ltd
Maharashtra,Buldhana,Chikali
Maharashtra,Chattrapati Sambhajinagar,Gangapur
Maharashtra,Buldhana,Malkapur
Maharashtra,Buldhana,Nandura
Maharashtra,Buldhana,Jaykissan Krushi Uttpan Khajgi Bazar
Maharashtra,Nanded,Nanded
Maharashtra,Buldhana,Shegaon
Maharashtra,Nanded,Kandhar
Maharashtra,Nanded,Bhokar
Maharashtra,Jalana,Jalana
Maharashtra,Nashik,Nandgaon
Maharashtra,Latur,Udgir
Maharashtra,Buldhana,Lonar
Maharashtra,Jalgaon,Pachora
Maharashtra,Beed,Parali Vaijyanath
Maharashtra,Latur,Ausa
Maharashtra,Latur,Latur
Maharashtra,Beed,Beed
Maharashtra,Akola,Murtizapur
Maharashtra,Akola,Akola
Maharashtra,Amarawati,Achalpur
Maharashtra,Amarawati,Amarawati
Maharashtra,Amarawati,Chandur Railway
Maharashtra,Amarawati,Daryapur
Maharashtra,Amarawati,Chandur Bazar
Maharashtra,Beed,Gevrai
Maharashtra,Ahmednagar,Jamkhed
Maharashtra,Sangli,Sangli
Maharashtra,Nashik,Yeola
Maharashtra,Nashik,Devala
Maharashtra,Dhule,Shirpur
Maharashtra,Dhule,Dhule
Maharashtra,Jalana,Ambad (Vadigodri)
Maharashtra,Jalgaon,Chopada
Maharashtra,Jalgaon,Dharangaon
Maharashtra,Jalgaon,Chalisgaon
Maharashtra,Nashik,Lasalgaon
Maharashtra,Buldhana,Deoulgaon Raja
Maharashtra,Jalgaon,Jalgaon (Masawat)
Maharashtra,Nashik,Manmad
Maharashtra,Nashik,Satana
Maharashtra,Nashik,Lasalgaon (Niphad)
Maharashtra,Buldhana,Sindkhed Raja
Maharashtra,Ahmednagar,Shevgaon (Bodhegaon)
Maharashtra,Ahmednagar,Shevgaon
Maharashtra,Ahmednagar,Rahuri (Vambori)
Maharashtra,Beed,Kille Dharur
Maharashtra,Beed,Kaij
Maharashtra,Ahmednagar,Kopargaon
Maharashtra,Ahmednagar,Karjat
Maharashtra,Ahmednagar,Rahata
Maharashtra,Ahmednagar,Karjat (Rashin)
Maharashtra,Jalgaon,Jalgaon
Maharashtra,Ratnagiri,Ratnagiri (Nachane)
Maharashtra,Pune,Pune (Khadiki)
Maharashtra,Nashik,Sinner
Maharashtra,Dharashiv (Usmanabad),Dharashiv
Maharashtra,Chandrapur,Chandrapur (Ganjwad)
Maharashtra,Parbhani,Parbhani
Maharashtra,Yavatmal,Umarked (Danki)
Maharashtra,Sholapur,Karmala
Maharashtra,Hingoli,Hingoli
Maharashtra,Dhule,Dondaicha
Maharashtra,Nandurbar,Shahada
Maharashtra,Latur,Latur (Murud)
Maharashtra,Satara,Patan
Maharashtra,Sangli,Vita
Maharashtra,Raigad,Pen
Maharashtra,Sangli,Palus
Maharashtra,Thane,Murbad
Maharashtra,Nagpur,Hingna
Maharashtra,Kolhapur,Vadgaonpeth
Maharashtra,Sholapur,Mohol
Maharashtra,Sholapur,Barshi
Maharashtra,Sholapur,Kurdwadi
Maharashtra,Dharashiv (Usmanabad),Washi (Dharashiv)
Maharashtra,Nanded,Mukhed
Maharashtra,Dharashiv (Usmanabad),Bhoom
Maharashtra,Beed,Patoda
Maharashtra,Latur,Aurad Shahajani
Maharashtra,Beed,Ambejaogai
Maharashtra,Nashik,Ghoti
Maharashtra,Pune,Khed
Maharashtra,Dharashiv (Usmanabad),Umarga
Maharashtra,Yavatmal,Pusad
Maharashtra,Dhule,Dondaicha (Sindhkheda)
Maharashtra,Sholapur,Laxmi Sopan Agriculture Produce Marketing Co Ltd
Maharashtra,Nashik,Umrane
Maharashtra,Chattrapati Sambhajinagar,Lasur Station
Maharashtra,Chattrapati Sambhajinagar,Vaijpur
Maharashtra,Chattrapati Sambhajinagar,Fulmbri
Maharashtra,Nashik,Dindori (Vani)
Maharashtra,Nashik,Pimpalgaon Baswant (Saykheda)
Maharashtra,Nashik,Nampur
Maharashtra,Mumbai,Vashi New Mumbai
Maharashtra,Nashik,Shree Rameshwar Krushi Market
Maharashtra,Nashik,Chandvad
Maharashtra,Ahmednagar,Sangamner
Maharashtra,Raigad,Roha
Maharashtra,Gadchiroli,Gandchiroli
Maharashtra,Chandrapur,Gondpimpri
Maharashtra,Chandrapur,Sindevahi
Maharashtra,Chandrapur,Mul
Maharashtra,Chandrapur,Pombhurni
Maharashtra,Chandrapur,Chimur
Maharashtra,Gadchiroli,Armori
Maharashtra,Gondiya,Amgaon
Maharashtra,Sholapur,Perfect Krishi Market Yard Pvt Ltd
Maharashtra,Sholapur,Sangola
Maharashtra,Thane,Vasai
Maharashtra,Vashim,Washim (Ansing)
Maharashtra,Nashik,Lasalgaon (Vinchur)
Maharashtra,Sholapur,Pandharpur
Maharashtra,Parbhani,Jintur
Maharashtra,Vashim,Washim
Maharashtra,Nanded,Loha
Maharashtra,Jalana,Jafrabad
Maharashtra,Nanded,Mudkhed
Maharashtra,Ahmednagar,Shrirampur (Belapur)
Manipur,Imphal West,Imphal
Manipur,Bishnupur,Bishenpur
Manipur,Imphal East,Lamlong Bazaar
Manipur,Kakching,Kakching Market
Manipur,Thoubal,Thoubal
Meghalaya,East Khasi Hills,Shillong
Meghalaya,South West Khasi Hills,Mawkyrwat
Meghalaya,West Jaintia Hills,Jowai
NCT of Delhi,Delhi,Azadpur
NCT of Delhi,Delhi,Keshopur
Nagaland,Tsemenyu,Tsemenyu
Nagaland,Longleng,Longleng
Nagaland,Dimapur,Dimapur
Nagaland,Kohima,Jalukie
Nagaland,Phek,Phek
Nagaland,Wokha,Baghty
Nagaland,Wokha,Wokha Town
Odisha,Kalahandi,Mukhiguda
Odisha,Ganjam,Digapahandi
Odisha,Rayagada,Gunpur
Odisha,Cuttack,Banki
Odisha,Bargarh,Sohela
Odisha,Kendrapara,Gopa
Odisha,Kendrapara,Kendrapara
Odisha,Sonepur,Dungurapalli
Odisha,Sundergarh,Panposh
Odisha,Sonepur,Pandkital
Odisha,Nayagarh,Sarankul
Odisha,Nayagarh,Bahadajholla
Odisha,Kendrapara,Chatta Krushak Bazar
Odisha,Kendrapara,Kendrapara (Marshaghai)
Odisha,Kendrapara,Pattamundai
Odisha,Balasore,Jaleswar
Odisha,Bargarh,Padampur
Odisha,Jagatsinghpur,Rahama
Odisha,Sonepur,Birmaharajpur
Odisha,Rayagada,Rayagada
Odisha,Rayagada,Rayagada (Muniguda)
Odisha,Kalahandi,Bhawanipatna
Odisha,Nowarangpur,Nabarangpur (Umerkote)
Odisha,Bargarh,Attabira
Odisha,Bargarh,Godabhaga
Pondicherry,Pondicherry,Thattanchavady
Pondicherry,Pondicherry,Madagadipet
Punjab,Bhatinda,Raman
Punjab,Ropar (Rupnagar),Morinda
Punjab,Patiala,Patiala
Punjab,Sangrur,Lehra Gaga
Punjab,kapurthala,Phagwara
Punjab,Fazilka,Fazilka
Punjab,Hoshiarpur,Garh Shankar (Mahalpur)
Punjab,Hoshiarpur,Tanda Urmur
Punjab,Hoshiarpur,Mukerian (Talwara)
Punjab,Ferozpur,Guru Har Sahai
Punjab,Gurdaspur,Gurdaspur
Punjab,Ferozpur,Firozepur City
Punjab,Jalandhar,Jalandhar City (Jalandhar)
Punjab,Hoshiarpur,Hoshiarpur
Punjab,Nawanshahr,Nawan Shahar (Subzi Mandi)
Punjab,Hoshiarpur,Mukerian
Punjab,Muktsar,Muktsar
Punjab,Pathankot,Pathankot
Punjab,Ludhiana,Ludhiana
Punjab,Patiala,Nabha
Punjab,Moga,Moga
Punjab,Moga,Baghapurana
Punjab,Gurdaspur,Dera Baba Nanak
Punjab,Fatehgarh,Bassi Pathana
Punjab,Bhatinda,Bathinda
Punjab,Bhatinda,Talwandi Sabo
Punjab,Ropar (Rupnagar),Chamkaur Sahib
Punjab,Ferozpur,Mamdot
Punjab,Amritsar,Mehta
Punjab,Bhatinda,Goniana
Punjab,Tarntaran,Khadur Sahib (Fetehabad)
Punjab,Jalandhar,Bhogpur
Punjab,Jalandhar,Bilga
Punjab,Muktsar,Bariwala
Punjab,Mohali,Dera Bassi
Punjab,Jalandhar,Noor Mehal
Punjab,Jalandhar,Phillaur (Apra Mandi)
Punjab,Moga,Nihal Singh Wala
Punjab,Mohali,Lalru
Punjab,Ludhiana,Samrala
Punjab,Ludhiana,Jagraon
Punjab,Ludhiana,Doraha
Rajasthan,Udaipur,Udaipur (F&V)
Rajasthan,Jaipur,Jaipur (F&V)
Rajasthan,Ganganagar,Sriganganagar (F&V)
Rajasthan,Udaipur,Udaipur (Grain)
Rajasthan,Khairthal Tijara,Khairthal
Rajasthan,Karauli,Hindoun
Rajasthan,Jodhpur Rural,Ositan Mathania
Rajasthan,Khairthal Tijara,Tijara
Rajasthan,Khairthal Tijara,Kishangarhbas
Rajasthan,Tonk,Dooni
Rajasthan,Sanchore,Raniwara
Rajasthan,Neem Ka Thana,Neem Ka Thana
Rajasthan,Kotputli- Behror,Bansoor
Rajasthan,Neem Ka Thana,Sri Madhopur
Rajasthan,Nagaur,Jayal
Rajasthan,Nagaur,Degana
Rajasthan,Jaipur Rural,Chomu (Grain)
Rajasthan,Jaipur Rural,Bassi
Rajasthan,Jhunjhunu,Nawalgarh
Rajasthan,Tonk,Tonk
Rajasthan,Tonk,Niwai
Rajasthan,Ajmer,Madanganj Kishangarh
Rajasthan,Alwar,Bahror
Rajasthan,Alwar,Kherli
Rajasthan,Alwar,Barodamev
Rajasthan,Bharatpur,Nadwai
Rajasthan,Alwar,Laxmangarh (Barodamev)
Rajasthan,Dausa,Lalsot
Rajasthan,Deeg,Pahari
Rajasthan,Deeg,Kama
Rajasthan,Deeg,Deeg
Rajasthan,Churu,Sadulpur
Rajasthan,Alwar,Govindgarh
Rajasthan,Balotra,Balotra
Rajasthan,Bharatpur,Bhusawar Bair
Rajasthan,Bharatpur,Bharatpur
Rajasthan,Alwar,Alwar
Rajasthan,Hanumangarh,Sangriya
Rajasthan,Jodhpur,Jodhpur (F&V)
Rajasthan,Tonk,Deoli
Rajasthan,Pratapgarh,Chhotisadri
Rajasthan,Ganganagar,Gajsinghpur
Rajasthan,Beawar,Vijaynagar
Rajasthan,Beawar,Beawar
Rajasthan,Chittorgarh,Barisadri
Rajasthan,Jodhpur,Jodhpur (F&V)(Paota)
Rajasthan,Kota,Ramganjmandi
Rajasthan,Swai Madhopur,Sawai Madhopur
Rajasthan,Kota,Kota
Rajasthan,Kota,Itawa
Rajasthan,Pali,Sumerpur
Rajasthan,Jhalawar,Iklera
Rajasthan,Jhalawar,Khanpur
Rajasthan,Nagaur,Merta City
Rajasthan,Jhalawar,Jhalarapatan
Rajasthan,Jhalawar,Bhawani Mandi
Rajasthan,Udaipur,Fatehnagar
Rajasthan,Anupgarh,Rawla
Rajasthan,Ganganagar,Padampur
Rajasthan,Ganganagar,Sadulshahar
Rajasthan,Ganganagar,Lalgarh Jatan
Rajasthan,Ganganagar,Sri Karanpur
Rajasthan,Hanumangarh,Pilibanga
Rajasthan,Ganganagar,Sriganganagar (Grain)
Rajasthan,Hanumangarh,Hanumangarh Town
Rajasthan,Baran,Baran
Rajasthan,Baran,Chhabra
Rajasthan,Baran,Samraniyan
Rajasthan,Baran,Nahargarh
Rajasthan,Anupgarh,Anupgarh
Rajasthan,Baran,Atru
Rajasthan,Bundi,Dei
Rajasthan,Bundi,Keshoraipatan
Rajasthan,Bundi,Bundi
Rajasthan,Bikaner,Bikaner (Grain)
Rajasthan,Tonk,Malpura (Todaraisingh)
Rajasthan,Hanumangarh,Nohar
Rajasthan,Pratapgarh,Pratapgarh
Rajasthan,Jaipur,Rajdhanai Mandi (KukarKheda)
Rajasthan,Ganganagar,Suratgarh
Rajasthan,Anupgarh,Sri Vijayanagar
Rajasthan,Sikar,Sikar
Rajasthan,Jodhpur,Jodhpur (Grain)
Rajasthan,Nagaur,Nagaur
Rajasthan,Barmer,Dhorimanna
Rajasthan,Chittorgarh,Nimbahera
Rajasthan,Ganganagar,Kesarisinghpur
Rajasthan,Anupgarh,Gharsana
Rajasthan,Hanumangarh,Hanumangarh
Rajasthan,Beawar,Jaitaran
Rajasthan,Bikaner,Lunkaransar
Rajasthan,Barmer,Barmer
Rajasthan,Bikaner,Khajuwala
Rajasthan,Jaipur,Jaipur (Grain)
Rajasthan,Deedwana Kuchaman,Kuchaman City
Rajasthan,Chittorgarh,Begu
Rajasthan,Bikaner,Pugal Road (Grain)
Rajasthan,Kota,Khatauli
Rajasthan,Jhalawar,Choumahla
Rajasthan,Dausa,Mandawari
Rajasthan,Dholpur,Dholpur
Rajasthan,Deeg,Nagar
Rajasthan,Baran,Anta
Rajasthan,Anupgarh,Jaitsar
Rajasthan,Jaisalmer,Jaisalmer
Rajasthan,Dungarpur,Dungarpur
Rajasthan,Churu,Churu
Rajasthan,Sirohi,Abu Road
Rajasthan,Chittorgarh,Kapasan
Tamil Nadu,Cuddalore,Virudhachalam
Tamil Nadu,Villupuram,Villupuram
Tamil Nadu,Villupuram,Thirukovilur
Tamil Nadu,Villupuram,Kallakurichi
Tamil Nadu,Villupuram,Vikkiravandi
Tamil Nadu,Salem,Kolathur
Tamil Nadu,Thiruvannamalai,Dusi
Tamil Nadu,Thiruvannamalai,Desur
Tamil Nadu,Vellore,Ammoor
Tamil Nadu,Thiruchirappalli,Manachanallur
Tamil Nadu,Thirunelveli,Ambasamudram
Tamil Nadu,Thiruchirappalli,Trichy
Tamil Nadu,Thiruvannamalai,Kilpennathur
Tamil Nadu,Thirunelveli,Tirunelvali
Tamil Nadu,Cuddalore,Shrimushnam
Tamil Nadu,Nagapattinam,Mailaduthurai
Tamil Nadu,Nagapattinam,Nagapattinam
Tamil Nadu,Nagapattinam,Kuttulam
Tamil Nadu,Dindigul,Palani
Tamil Nadu,Kancheepuram,Nazerethpet
Tamil Nadu,Kancheepuram,Uthiramerur
Tamil Nadu,Villupuram,Sangarapuram
Tamil Nadu,Villupuram,Avalurpet
Telangana,Nalgonda,Tirumalagiri
Telangana,Ranga Reddy,Tanduru
Telangana,Medak,Zaheerabad
Telangana,Adilabad,Bhainsa
Telangana,Ranga Reddy,Kukatpally (Rythu Bazar)
Telangana,Nalgonda,Venkateswarnagar
Telangana,Karimnagar,Karimnagar
Telangana,Adilabad,Adilabad (Rythu Bazar)
Telangana,Mahbubnagar,Gadwal
Telangana,Warangal,Kesamudram
Telangana,Khammam,Khammam
Telangana,Ranga Reddy,Vatpally
Telangana,Mahbubnagar,Narayanpet
Telangana,Medak,Sadasivpet
Telangana,Ranga Reddy,Pargi
Telangana,Mahbubnagar,Badepalli
Telangana,Nalgonda,Nakrekal
Telangana,Nalgonda,Kodad
Telangana,Karimnagar,Jagtial
Telangana,Mahbubnagar,Kollapur
Telangana,Mahbubnagar,Wanaparthy Road (Prbbair)
Telangana,Karimnagar,Huzzurabad
Telangana,Karimnagar,Pudur
Telangana,Karimnagar,Mallial (Cheppial)
Telangana,Karimnagar,Dharmaram
Telangana,Mahbubnagar,Alampur
Tripura,Gomati,Nutanbazar
Tripura,North Tripura,Panisagar
Tripura,Unokoti,Pabiacherra
Tripura,Dhalai,Chowmanu
Tripura,South District,Santir Bazar
Tripura,Khowai,Bachaibari
Uttar Pradesh,Mathura,Kosikalan
Uttar Pradesh,Maharajganj,Nautnava
Uttar Pradesh,Meerut,Meerut
Uttar Pradesh,Maharajganj,Partaval
Uttar Pradesh,Muzaffarnagar,Muzzafarnagar
Uttar Pradesh,Jaunpur,Mugrabaadshahpur
Uttar Pradesh,Jaunpur,Shahganj
Uttar Pradesh,Jaunpur,Jaunpur
Uttar Pradesh,Maharajganj,Anandnagar
Uttar Pradesh,Hathras,Haathras
Uttar Pradesh,Kanpur,Choubepur
Uttar Pradesh,Khiri (Lakhimpur),Mohammdi
Uttar Pradesh,Kanpur,Kanpur (Grain)
Uttar Pradesh,Shamli,Thanabhavan
Uttar Pradesh,Hamirpur,Bharuasumerpur
Uttar Pradesh,Siddharth Nagar,Sahiyapur
Uttar Pradesh,Sitapur,Viswan
Uttar Pradesh,Amroha,Dhanaura
Uttar Pradesh,Azamgarh,Azamgarh
Uttar Pradesh,Auraiya,Achalda
Uttar Pradesh,Farukhabad,Kayamganj
Uttar Pradesh,Farukhabad,Kamlaganj
Uttar Pradesh,Deoria,Devariya
Uttar Pradesh,Firozabad,Tundla
Uttar Pradesh,Ballia,Rasda
Uttar Pradesh,Ballia,Ballia
Uttar Pradesh,Badaun,Wazirganj
Uttar Pradesh,Bahraich,Naanpara
Uttar Pradesh,Barabanki,Safdarganj
Uttar Pradesh,Bulandshahar,Sikarpur
Uttar Pradesh,Bulandshahar,Sikanderabad
Uttar Pradesh,Bulandshahar,Khurja
Uttar Pradesh,Barabanki,Barabanki
Uttar Pradesh,Prayagraj,Allahabad
Uttar Pradesh,Fatehpur,Bindki
Uttar Pradesh,Mau (Maunathbhanjan),Kopaganj
Uttar Pradesh,Lakhimpur,Golagokarnath
Uttar Pradesh,Varanasi,Varanasi
Uttar Pradesh,Kanpur,Uttaripura
Uttar Pradesh,Bulandshahar,Divai
Uttar Pradesh,Muzaffarnagar,Khatauli
Uttar Pradesh,Ballia,Chitwadagaon
Uttar Pradesh,Bareilly,Richha
Uttar Pradesh,Meerut,Sardhana
Uttar Pradesh,Sant Kabir Nagar,Khalilabad
Uttar Pradesh,Siddharth Nagar,Naugarh
Uttar Pradesh,Ghaziabad,Noida
Uttar Pradesh,Balrampur,Panchpedwa
Uttar Pradesh,Bulandshahar,Buland Shahr
Uttar Pradesh,Jhansi,Jhansi (Grain)
Uttar Pradesh,Hamirpur,Maudaha
Uttar Pradesh,Shahjahanpur,Jalalabad
Uttar Pradesh,Mau (Maunathbhanjan),Doharighat
Uttar Pradesh,Shravasti,Payagpur
Uttar Pradesh,Kushinagar,Tamkuhi road
Uttar Pradesh,Ghazipur,Jamanian
Uttar Pradesh,Bijnor,Haldaur
Uttar Pradesh,Agra,Khairagarh
Uttar Pradesh,Gorakhpur,Sehjanwa
Uttar Pradesh,Raebarelli,Salon
Uttar Pradesh,Kanpur Dehat,Rura
Uttar Pradesh,Kanpur Dehat,Jhijhank
Uttar Pradesh,Ghazipur,Jangipura
Uttar Pradesh,Gonda,Karnailganj
Uttar Pradesh,Prayagraj,Lediyari
Uttrakhand,Dehradoon,Dehradoon
West Bengal,Kolkata,Mechua
West Bengal,Puruliya,Kasipur
West Bengal,Nadia,Nadia
West Bengal,Medinipur (E),Egra/contai
West Bengal,Coochbehar,Coochbehar
West Bengal,Jhargram,Jhargram
West Bengal,Coochbehar,Pundibari
West Bengal,Nadia,Chakdah
West Bengal,Malda,Gajol
West Bengal,Nadia,Karimpur
West Bengal,Kalimpong,Kalimpong
West Bengal,Nadia,Ranaghat
West Bengal,Kolkata,Bara Bazar (Posta Bazar)
West Bengal,Purba Bardhaman,Katwa
West Bengal,Nadia,Bethuadahari
Andhra Pradesh,Guntur,Tenali
Andhra Pradesh,East Godavari,Rajahmundry
Andhra Pradesh,Anantapur,Hindupur
Andhra Pradesh,Kurnool,Pattikonda
Andhra Pradesh,Guntur,Duggirala
Assam,MORIGAON,Laharighat
Assam,Kamrup,Pamohi (Garchuk)
Assam,Sibsagar,Sibsagar
Assam,Kokrajhar,Gossaigaon
Assam,Nalbari,Mukalmua
Assam,Barpeta,Barpeta Road
Assam,Golaghat,Golaghat
Assam,Goalpara,Simlitola
Assam,Lakhimpur,Baginadi
Assam,Darrang,Balugaon
Assam,Dhubri,Bilasipara
Assam,Cachar,Sonabarighat
Assam,Sonitpur,Dhekiajuli
Assam,Jorhat,Jorhat
Bihar,Madhubani,Jainagar
Bihar,Samastipur,Tajpur
Bihar,Bhojpur,Aarah
Bihar,Muzaffarpur,Muzaffarpur
Chattisgarh,Bilaspur,Pendraroad
Chattisgarh,Mahasamund,Bhavarpur
Chattisgarh,Bemetara,Sambalpur (Bemetra)
Chattisgarh,Bemetara,Bemetara (Navagarh)
Chattisgarh,Bastar,Tokapal
Chattisgarh,Janjgir,Naila
Chattisgarh,Raigarh,Dharamjaygarh
Chattisgarh,Narayanpur,Narayanpur
Chattisgarh,Mahasamund,Bhoring
Chattisgarh,Janjgir,Birra
Chattisgarh,Balodabazar,Balodabazar
Chattisgarh,Kabirdham,Pipriya
Chattisgarh,Bemetara,Bemetara (Thankhamaria)
Chattisgarh,Bastar,Lohandiguda
Chattisgarh,Bastar,Muli
Goa,South Goa,Ponda
Goa,North Goa,Sanquelim
Goa,South Goa,Canacona
Gujarat,Mehsana,Mehsana
Gujarat,Sabarkantha,Talod
Gujarat,Vadodara (Baroda),Savli
Gujarat,Banaskanth,Deesa (Deesa Veg Yard)
Gujarat,Anand,Khambhat (Veg Yard Khambhat)
Gujarat,Vadodara (Baroda),Padra
Gujarat,Mehsana,Vijapur (Gojjariya)
Gujarat,Patan,Chansama
Gujarat,Banaskanth,Vav
Gujarat,Kachchh,Anjar
Gujarat,Devbhumi Dwarka,Bhanvad
Gujarat,Surendranagar,Chotila
Gujarat,Bhavnagar,Mahuva (Station Road)
Gujarat,Panchmahals,Morva Hafad
Gujarat,Dang,Vaghai
Gujarat,Sabarkantha,Malpur
Gujarat,Sabarkantha,Bayad (Sadamba)
Himachal Pradesh,Una,Santoshgarh
Himachal Pradesh,Shimla,Shimla
Himachal Pradesh,Shimla,Rohroo
Jammu and Kashmir,Rajouri,Rajouri (F&V)
Jammu and Kashmir,Kathua,Kathua
Jammu and Kashmir,Udhampur,Udhampur
Jammu and Kashmir,Baramulla,Nowpora
Jammu and Kashmir,Anantnag,Ashahipora (Anantnagh)
Karnataka,Shimoga,Sagar
Karnataka,Tumkur,Tumkur
Karnataka,Tumkur,Sira
Karnataka,Chitradurga,Chitradurga
Karnataka,Belgaum,Sankeshwar
Karnataka,Dharwad,Kalagategi
Karnataka,Haveri,Haveri
Karnataka,Kolar,Srinivasapur
Kerala,Ernakulam,Piravam
Kerala,Ernakulam,Ernakulam
Kerala,Ernakulam,Aluva
Kerala,Thirssur,Thrissur
Kerala,Kozhikode (Calicut),Vengeri (Kozhikode)
Kerala,Kollam,Kollam
Kerala,Kannur,Irikkur
Kerala,Idukki,KANNAKUNNU VFPCK
Kerala,Kollam,INCHAKKAD VFPCK
Kerala,Idukki,Pazhayarikandam VFPCK
Kerala,Idukki,Rajakkad VFPCK
Kerala,Kannur,PERAVOOR VFPCK
Kerala,Thirssur,Amballur VFPCK
Kerala,Malappuram,Elamkur VFPCK
Kerala,Thiruvananthapuram,Kunnathukkal VFPCK
Kerala,Idukki,Munnar
Madhya Pradesh,Sagar,Khurai
Madhya Pradesh,Shajapur,Shujalpur
Madhya Pradesh,Vidisha,Ganjbasoda
Madhya Pradesh,Shajapur,Soyatkalan
Madhya Pradesh,Alirajpur,Jobat (F&V)
Madhya Pradesh,Neemuch,Javad
Madhya Pradesh,Anupur,Jaithari
Madhya Pradesh,Chhindwara,Sounsar (F&V)
Madhya Pradesh,Balaghat,Katangi
Madhya Pradesh,Balaghat,Lalbarra
Madhya Pradesh,Shivpuri,Magroni
Madhya Pradesh,Hoshangabad,Banapura (F&V)
Madhya Pradesh,Shajapur,Maksi
Madhya Pradesh,Sehore,Rehati
Madhya Pradesh,Tikamgarh,Prithvipur
Madhya Pradesh,Tikamgarh,Palera
Madhya Pradesh,Vidisha,Gulabganj
Maharashtra,Sangli,"Sangli (Phale, Bhajipura Market)"
Maharashtra,Vashim,Malegaon (Vashim)
Maharashtra,Vashim,Mangrulpeer
Maharashtra,Yavatmal,Vani
Maharashtra,Yavatmal,Cottoncity Agro Foods Private Ltd
Maharashtra,Latur,Ahmedpur
Maharashtra,Jalana,Partur
Maharashtra,Jalgaon,Raver
Maharashtra,Nagpur,Savner
Maharashtra,Nagpur,MS Kalpana Agri Commodities Marketing
Maharashtra,Nashik,Malegaon
Maharashtra,Jalgaon,Yawal
Maharashtra,Ahmednagar,Rahuri (Songaon)
Maharashtra,Chandrapur,Chandrapur
Maharashtra,Nagpur,Mandhal
Maharashtra,Pune,Baramati
Maharashtra,Jalana,Bhokardan (Pimpalgaon Renu)
Maharashtra,Dhule,Sakri
Maharashtra,Nashik,Shivsiddha Govind Producer Company Limited Sanchal
Maharashtra,Nashik,Malharshree Farmers Producer Co Ltd
Maharashtra,Nashik,Kalvan
Maharashtra,Hingoli,Hingoli (Kanegoan Naka)
Maharashtra,Latur,Chakur
Maharashtra,Hingoli,Basmat
Maharashtra,Hingoli,Gajanan Krushi Utpanna Bazar (India) Pvt Ltd
Nagaland,Tuensang,Tuensang
Nagaland,Kohima,Kohima
Odisha,Ganjam,Bhanjanagar
Odisha,Keonjhar,Keonjhar
Odisha,Kandhamal,Tikabali
Odisha,Bhadrak,Chandabali
Punjab,Amritsar,Amritsar (Amritsar Mewa Mandi)
Punjab,Sangrur,Sangrur
Punjab,Ludhiana,Khanna
Punjab,Gurdaspur,F.G.Churian
Punjab,Moga,Kot ise Khan
Punjab,kapurthala,Kapurthala
Rajasthan,Gangapur City,Gangapur City
Rajasthan,Dausa,Dausa
Rajasthan,Sikar,Palsana
Rajasthan,Dausa,Madanganj Mandawar
Rajasthan,Nagaur,Nagaur (Jayal)
Rajasthan,Dausa,Madanganj Mahuwa
Rajasthan,Baran,Kawai Salpura (Atru)
Rajasthan,Phalodi,Bhagat Kii Phalodi
Rajasthan,Pali,Sojat City
Rajasthan,Bikaner,Nokha
Rajasthan,Deeg,Sikri
Rajasthan,Jhunjhunu,Jhunjhunu
Rajasthan,Deeg,Kumher
Rajasthan,Kotputli- Behror,Kotputli
Rajasthan,Bikaner,Sridungargarh
Tamil Nadu,Cuddalore,Panruti
Tamil Nadu,Ramanathapuram,Ramanathapuram (phase 3)
Tamil Nadu,Pudukkottai,Aranthangi
Tamil Nadu,Thirunelveli,Thenkasi
Tamil Nadu,Thirunelveli,Sankarankovil
Tamil Nadu,Thiruvannamalai,Chethupattu
Tamil Nadu,Thiruvannamalai,Vandavasi
Tamil Nadu,Erode,Boothapadi
Tamil Nadu,Madurai,Madurai
Tamil Nadu,Kancheepuram,Tiruttani
Tamil Nadu,Virudhunagar,Sathur
Tamil Nadu,Villupuram,Thiryagadurgam
Tamil Nadu,Villupuram,Gingee
Tamil Nadu,Vellore,Katpadi
Telangana,Hyderabad,L B Nagar
Telangana,Nalgonda,Bhongir
Telangana,Nalgonda,Devarkonda (Mallepalli)
Telangana,Nalgonda,Devarkonda (Dindi)
Telangana,Khammam,Dammapet
Telangana,Adilabad,Chinnoar
Uttar Pradesh,Shamli,Khandhla
Uttar Pradesh,Ballia,Vilthararoad
Uttar Pradesh,Ambedkarnagar,Akbarpur
Uttar Pradesh,Agra,Fatehabad
Uttar Pradesh,Sonbhadra,Dudhi
Uttar Pradesh,Lakhimpur,Paliakala
Uttar Pradesh,Firozabad,Sirsaganj
Uttar Pradesh,Banda,Baberu
West Bengal,Coochbehar,Haldibari
West Bengal,Coochbehar,Mathabhanga
West Bengal,Coochbehar,Baxirhat
Assam,Nalbari,Dhamdhama
Assam,Lakhimpur,Ghilamara
Assam,Cachar,Kashipur
Assam,Karbi Anglong,Sariahjan
Assam,Darrang,Tangni
Assam,Goalpara,Jaleswar
Bihar,Rohtas,Sasaram
Bihar,Araria,Forbesganj
Bihar,Purnea,Bhawanipur
Chattisgarh,Bastar,Devda
Chattisgarh,Bilaspur,Bilaspur
Chattisgarh,Balodabazar,Sarsiwan
Chattisgarh,Bilaspur,Takhatpur
Chattisgarh,Kondagaon,Dhanora
Chattisgarh,Janjgir,Shivrinarayanpur
Gujarat,Kachchh,Bhuj
Gujarat,Panchmahals,Godhra
Gujarat,Ahmedabad,Dholka
Gujarat,Sabarkantha,Khedbrahma
Jammu and Kashmir,Jammu,Batote
Jammu and Kashmir,Anantnag,Kulgam
Karnataka,Shimoga,Shimogga (Theertahalli)
Karnataka,Raichur,Raichur
Kerala,Kollam,KALLUVATHUKKAL VFPCK
Kerala,Thirssur,CHELAKKARA VFPCK
Kerala,Kollam,Kadakkal VFPCK
Kerala,Kannur,Irityy
Kerala,Pathanamthitta,ENADIMANGALAM VFPCK
Kerala,Malappuram,Othayi VFPCK
Kerala,Thirssur,KARALAM VFPCK
Kerala,Thirssur,CHAZHUR VFPCK
Madhya Pradesh,Balaghat,Balaghat
Madhya Pradesh,Shajapur,Berachha
Maharashtra,Latur,Nilanga
Maharashtra,Parbhani,Gangakhed
Maharashtra,Nagpur,Umared
Maharashtra,Amarawati,Nandgaon Khandeshwar
Maharashtra,Chandrapur,Varora
Maharashtra,Amarawati,Dhamngaon-Railway
Maharashtra,Akola,Patur
Maharashtra,Akola,Telhara
Maharashtra,Vashim,Krushna Krishi Bazar
Maharashtra,Yavatmal,Kisan Market Yard
Maharashtra,Chattrapati Sambhajinagar,Sillod (Bharadi)
Maharashtra,Satara,Vaduj
Maharashtra,Pune,Bhor
Maharashtra,Bhandara,Lakhani
Maharashtra,Jalana,Bhokardan
Maharashtra,Buldhana,Buldhana
Maharashtra,Ahmednagar,Shree Sairaj Krushi Market
Maharashtra,Ahmednagar,Newasa (Ghodegaon)
Maharashtra,Gondiya,Goregaon
Maharashtra,Hingoli,Basmat (Kurunda)
Maharashtra,Beed,Kada
Meghalaya,West Garo Hills,Tura
Nagaland,Peren,Tenning
Nagaland,Mon,Mon
Rajasthan,Jaipur Rural,Chaksu
Rajasthan,Kekri,Kekri
Rajasthan,Bundi,Sumerganj
Telangana,Ranga Reddy,Shankarapally
Telangana,Adilabad,Jainath
Telangana,Khammam,Madhira
Tripura,Unokoti,Masmara
Uttar Pradesh,Khiri (Lakhimpur),Tikonia
Uttar Pradesh,Unnao,Purwa
Uttar Pradesh,Bulandshahar,Siyana
Uttar Pradesh,Firozabad,Shikohabad
Andhra Pradesh,Kurnool,Nandyal
Andhra Pradesh,Chittor,Bangarupalem
Andhra Pradesh,Chittor,Puttur
Assam,Nalbari,Nalbari
Assam,Kokrajhar,Saraibil
Assam,Goalpara,Sonari
Assam,Lakhimpur,Kakoi Weekly Market
Assam,Nagaon,Ambagan
Assam,MORIGAON,Burhagaon
Assam,Kamrup,Brahmaputra Private Market
Assam,Karbi Anglong,Diphu
Bihar,Kishanganj,Bahadurganj
Bihar,Khagaria,Mansi Mandi
Bihar,Madhepura,Murliganj
Chattisgarh,Bastar,Karpawand
Chattisgarh,Bastar,Bastar
Chattisgarh,Kondagaon,Vishrampur
Chattisgarh,Mahasamund,Jhalap
Chattisgarh,Balodabazar,Bhatgaon
Chattisgarh,Janjgir,Champa
Chattisgarh,Gariyaband,Devbhog
Chattisgarh,Janjgir,Shakti
Chattisgarh,Janjgir,Amadula
Chattisgarh,Mahasamund,Sakra
Chattisgarh,Balrampur,Rajpur
Chattisgarh,Raipur,Kharora
Chattisgarh,Raipur,Neora
Goa,North Goa,Valpol
Goa,North Goa,Pernem
Gujarat,Kheda,Thasara
Gujarat,Kheda,Thasara (Dokar)
Gujarat,Sabarkantha,Bayad (Demai)
Gujarat,Panchmahals,Godhra (Timbaroad)
Gujarat,Banaskanth,Deesa (Bhildi)
Gujarat,Surat,Vyara (Paati)
Gujarat,Sabarkantha,Khedbrahma (Lambadia)
Gujarat,Botad,Botad (Bhabarkot)
Gujarat,Surat,Uchhal
Gujarat,Valsad,Pardi
Gujarat,Valsad,Pardi (Motavagachiya)
Gujarat,Valsad,Pardi (Vapi)
Gujarat,Valsad,Pardi (Ugvada)
Gujarat,Valsad,Pardi (Rohinee)
Gujarat,Kheda,Matar (Limbasi)
Gujarat,Panchmahals,Godhra (Kakanpur)
Gujarat,Anand,Tarapur
Haryana,Ambala,Mullana
Haryana,Ambala,Mullana (saha)
Himachal Pradesh,Shimla,Parala
Himachal Pradesh,Kullu,Bandrol
Himachal Pradesh,Bilaspur,Namhol (Bilaspur)
Karnataka,Hassan,Hassan
Karnataka,Bijapur,Bijapur
Kerala,Kollam,Veliyam VFPCK
Kerala,Wayanad,Sultan bathery
Madhya Pradesh,Mandsaur,Garoth
Madhya Pradesh,Sehore,Ichhawar (F&V)
Madhya Pradesh,Ashoknagar,Shadora
Madhya Pradesh,Khargone,Bedia
Madhya Pradesh,Agar Malwa,Agar (F&V)
Madhya Pradesh,Hoshangabad,Itarsi (F&V)
Madhya Pradesh,Ashoknagar,Piprai
Madhya Pradesh,Singroli,Singroli (F&V)
Madhya Pradesh,Morena,Jora
Maharashtra,Sholapur,Akkalkot
Maharashtra,Sholapur,Kurdwadi (Modnimb)
Maharashtra,Yavatmal,Ramdev Krushi Bazaar
Maharashtra,Wardha,Pulgaon
Maharashtra,Wardha,Ashti
Maharashtra,Yavatmal,Ghatanji
Maharashtra,Yavatmal,Kalamb
Maharashtra,Parbhani,Pathari
Maharashtra,Amarawati,Shetkari Khushi Bazar
Maharashtra,Amarawati,Morshi
Maharashtra,Chandrapur,Rajura
Maharashtra,Yavatmal,Aarni
Maharashtra,Thane,Shahapur
Maharashtra,Nanded,Dharmabad
Maharashtra,Parbhani,Hari Har Khajagi Bazar Parisar
Maharashtra,Buldhana,ACF Agro Marketing
Maharashtra,Buldhana,Maharaja Agresen Private Krushi Utappan Bazar Sama
Maharashtra,Nandurbar,Taloda
Maharashtra,Satara,Lonand
Maharashtra,Pune,Junnar
Maharashtra,Nashik,Mankamneshwar Farmar Producer CoLtd Sanchalit Mank
Maharashtra,Gondiya,Gondiya
Meghalaya,West Khasi Hills,Nongstoin
Meghalaya,South Garo Hills,Baghmara
Punjab,Faridkot,Faridkot
Punjab,Jalandhar,Lohian Khas
Punjab,Ferozpur,Ferozepur Cantt.
Rajasthan,Churu,Sardar Shahar
Rajasthan,Tonk,Uniyara
Rajasthan,Sanchore,Sanchore
Tamil Nadu,Sivaganga,Devakottai
Tamil Nadu,Salem,Thammampati
Tamil Nadu,Thanjavur,Vallam
Tamil Nadu,Thiruvannamalai,Cheyyar
Tamil Nadu,Kancheepuram,Ponner
Tamil Nadu,Kancheepuram,Maduranthagam
Tamil Nadu,Vellore,Vaniyambadi
Tamil Nadu,Thiruvellore,Tiruvellore
Tamil Nadu,Coimbatore,Karamadai
Tamil Nadu,Villupuram,Manalurpettai
Telangana,Mahbubnagar,Devarakadra
Telangana,Mahbubnagar,Mahabubnagar (Rythu Bazar)
Telangana,Warangal,Ghanpur
Telangana,Adilabad,Adilabad
Telangana,Medak,Siddipet
Telangana,Mahbubnagar,Achampet
Telangana,Mahbubnagar,Nagarkurnool
Telangana,Mahbubnagar,Mahbubnagar
Telangana,Mahbubnagar,Gadwal (Lezza)
Uttar Pradesh,Banda,Atarra
Uttar Pradesh,Rampur,Tanda (Rampur)
Uttar Pradesh,Jalaun (Orai),Kadaura
Andhra Pradesh,Chittor,Vepanjari
Andhra Pradesh,Krishna,Mylavaram
Andhra Pradesh,East Godavari,Jaggampet
Assam,Goalpara,Darangiri Banana Market
Assam,Nagaon,Haibargaon
Assam,Lakhimpur,Anand Bazar
Assam,Dhubri,Chapar
Assam,Kokrajhar,Serfanguri
Bihar,Madhubani,Jahajharpur
Bihar,Jamui,Jamui
Gujarat,Vadodara (Baroda),Vagodiya
Gujarat,Sabarkantha,Bayad
Gujarat,Junagarh,Mangrol
Gujarat,Sabarkantha,Vijaynagar (Kundlakap)
Gujarat,Navsari,Chikhali
Gujarat,Chhota Udaipur,Jetpur-Pavi
Haryana,Kaithal,Kalayat
Haryana,Sirsa,Kalawali (Odhan)
Haryana,Sirsa,Ding
Haryana,Yamuna Nagar,Bilaspur
Haryana,Hissar,Adampur (Agroha)
Haryana,Jind,"New Grain Market , Jind"
Karnataka,Karwar (Uttar Kannad),Honnavar
Karnataka,Bagalkot,Bagalakot
Karnataka,Mangalore (Dakshin Kannad),Bantwala
Karnataka,Bellary,Kottur
Kerala,Malappuram,Kodakkad VFPCK
Madhya Pradesh,Anupur,Kotma
Madhya Pradesh,Balaghat,Praswada
Madhya Pradesh,Shivpuri,Rannod
Maharashtra,Chandrapur,Bhadrawati
Maharashtra,Wardha,Samudrapur
Maharashtra,Buldhana,Deulgaon Raja Balaji Agro Marketing Private Market
Maharashtra,Beed,Vadvani
Maharashtra,Yavatmal,Umarkhed
Meghalaya,East Jaintia Hills,Khliehriat
Nagaland,Dimapur,Nuiland
Nagaland,Mokokchung,Mokokchung Town
Nagaland,Mokokchung,Mangkolemba
Nagaland,Kiphire,Kipheri
Punjab,Sangrur,Malerkotla
Punjab,Mansa,Budhlada (Phaphre Bhaike)
Punjab,Jalandhar,Nakodar (Sarih)
Punjab,Barnala,Bhadaur (Sehna)
Punjab,Amritsar,Amritsar
Punjab,Jalandhar,Phillaur
Punjab,Barnala,Mehal Kallan (ChananWal)
Punjab,Jalandhar,Bilga (Talwan )
Rajasthan,Deedwana Kuchaman,Deedwana
Rajasthan,Swai Madhopur,Khandar
Rajasthan,Pali,Rani
Rajasthan,Pali,Pali
Rajasthan,Sikar,Fatehpur
Rajasthan,Jaisalmer,Mohangarh
Tamil Nadu,Thiruvarur,Thiruvarur
Tamil Nadu,Thiruvannamalai,Vettavalam
Tamil Nadu,Thiruvarur,Vaduvur
Tamil Nadu,Salem,Karumanturai
Tamil Nadu,Villupuram,Thiruvennainallur
Tamil Nadu,Coimbatore,Madathukulam
Telangana,Mahbubnagar,Atmakur
Telangana,Adilabad,Laxettipet
Telangana,Karimnagar,Medipally
Telangana,Karimnagar,Sircilla
Telangana,Karimnagar,Dharmapuri
Telangana,Karimnagar,Manthani
Telangana,Karimnagar,Ibrahimpatnam
Telangana,Mahbubnagar,Nagarkurnool (Talkapalli)
Telangana,Warangal,Cherial
Telangana,Khammam,"Sattupalli (ramalayam),RBZ"
Assam,MORIGAON,Moirabari
Assam,Cachar,Fatakbazar
Bihar,Muzaffarpur,Bhagwanpur Mandi
Chattisgarh,Bemetara,Dadhi
Gujarat,Amreli,Khambha
Gujarat,Mehsana,Kadi (Kadi cotton Yard)
Gujarat,Ahmedabad,Dhandhuka
Haryana,Bhiwani,Loharu
Haryana,Bhiwani,Tosham
Haryana,Karnal,Nissing
Jammu and Kashmir,Jammu,Akhnoor
Maharashtra,Nagpur,Parshiwani
Maharashtra,Yavatmal,Ralegaon
Maharashtra,Yavatmal,Jagdamba Agrocare
Maharashtra,Jalgaon,Pachora (Bhadgaon)
Maharashtra,Raigad,Mahad
Maharashtra,Sangli,Tasgaon
Meghalaya,East Garo Hills,Williamnagar
Meghalaya,South Garo Hills,Gasuapara
Punjab,Hoshiarpur,Dasuya
Punjab,Mansa,Kankwal Chahlan
Punjab,Mansa,Ahemadpur
Punjab,Barnala,Bhadaur
Rajasthan,Ganganagar,Ridmalsar
Tamil Nadu,Thanjavur,Papanasam
Telangana,Khammam,Yellandu
Telangana,Nalgonda,Nidamanoor
Uttar Pradesh,Amethi,Jafarganj
Andhra Pradesh,Visakhapatnam,Chintapally
Assam,MORIGAON,Kushtoli
Assam,Goalpara,Krishnai
Assam,Sibsagar,Simalguri
Assam,Nagaon,Dhing
Assam,Kokrajhar,Dotma Bazar
Bihar,Kaithar,"Gerabari, Korha Block"
Bihar,Rohtas,Kochas (Balthari)
Chattisgarh,Bijapur,Bhopalpattnam
Chattisgarh,Bilaspur,Sakri
Chattisgarh,Dhamtari,Belarbahara
Chattisgarh,Bilaspur,Kota
Chattisgarh,Dhamtari,Gattasilli
Chattisgarh,Dhamtari,Boraee
Chattisgarh,Bemetara,Berla
Chattisgarh,Bijapur,Bharamgarh
Chattisgarh,Dhamtari,Belargaon
Chattisgarh,Gariyaband,Gariyaband
Chattisgarh,Bijapur,Bijapur
Chattisgarh,Mungeli,Lormi
Chattisgarh,Koria,Manendragarh
Chattisgarh,Bemetara,Saja
Gujarat,Junagarh,Manavdar
Gujarat,Surendranagar,Limdi
Gujarat,Junagarh,Kodinar (Dollasa)
Gujarat,Kheda,Matar
Karnataka,Kalburgi,Chittapur
Karnataka,Mandya,Nagamangala
Karnataka,Mysore,Santhesargur
Kerala,Alappuzha,Alappuzha
Madhya Pradesh,Hoshangabad,Hoshangabad
Maharashtra,Nandurbar,Nandurbar
Maharashtra,Wardha,Sindi
Maharashtra,Nagpur,Mauda
Maharashtra,Nanded,Kinwat
Maharashtra,Amarawati,Varud
Maharashtra,Nagpur,Bhiwapur
Maharashtra,Kolhapur,Gadhinglaj
Maharashtra,Yavatmal,ZariZamini
Maharashtra,Yavatmal,Mahagaon
Maharashtra,Gadchiroli,Sironcha
Maharashtra,Parbhani,Manwat
Maharashtra,Gondiya,Tiroda
Maharashtra,Ahmednagar,Newasa
Nagaland,Zunheboto,Ghathashi
Odisha,Mayurbhanja,Betnoti
Punjab,Gurdaspur,Dhariwal
Punjab,Bhatinda,Bhucho
Rajasthan,Bikaner,Bikaner (F&V)
Rajasthan,Dudu,Dudu
Rajasthan,Baran,Chhipabarod (Chhabra)
Rajasthan,Pratapgarh,Arnod
Rajasthan,Jhalawar,Dag
Rajasthan,Jhalawar,Manohar Thana
Tamil Nadu,Namakkal,Namakkal
Tamil Nadu,Cuddalore,Cuddalore
Tamil Nadu,Kancheepuram,Uthukottai
Tamil Nadu,Kancheepuram,Gummidipoondy
Tamil Nadu,Kancheepuram,Kanchipuram
Tamil Nadu,Vellore,Kaveripakkam
Telangana,Karimnagar,Peddapalli
Bihar,Jehanabad,Jehanabad
Bihar,Patna,Danapur
Bihar,Sheikhpura,Shekhpura
Bihar,Sheikhpura,Barbigha
Chattisgarh,Kabirdham,Pandariya
Gujarat,Bharuch,Amod
Gujarat,Bharuch,Valia
Gujarat,Bharuch,Valia (Nethrang)
Gujarat,Sabarkantha,Talod (Harsol)
Gujarat,Surendranagar,Lakhtar
Karnataka,Tumkur,Madhugiri
Karnataka,Karwar (Uttar Kannad),Siddapur
Karnataka,Bidar,Basava Kalayana
Karnataka,Kalburgi,Chincholi
Karnataka,Raichur,Lingasugur
Karnataka,Raichur,Sindhanur
Karnataka,Yadgiri,Yadgir
Karnataka,Kalburgi,Sedam
Karnataka,Koppal,Kustagi
Karnataka,Chikmagalur,Bagepalli
Karnataka,Gadag,Rona
Karnataka,Hassan,Arasikere
Karnataka,Chitradurga,Challakere
Karnataka,Belgaum,Belgaum
Karnataka,Davangere,Harappana Halli
Karnataka,Davangere,Harihara
Karnataka,Haveri,Shiggauv
Karnataka,Davangere,Channagiri
Karnataka,Bangalore,Kanakapura
Madhya Pradesh,Badwani,Anjad (F&V)
Maharashtra,Yavatmal,Bori Arab
Maharashtra,Chandrapur,Korpana
Maharashtra,Parbhani,Sonpeth
Maharashtra,Akola,Barshi Takli
Maharashtra,Pune,Indapur (Nimgaon Ketki)
Maharashtra,Nashik,Suragana
Meghalaya,West Garo Hills,Dadengiri
Odisha,Nowarangpur,Nawarangpur
Punjab,kapurthala,Sultanpur
Punjab,Bhatinda,Maur
Punjab,Barnala,Barnala
Rajasthan,Bikaner,Bajju
Tamil Nadu,Theni,Bodinayakkanur
Tamil Nadu,Thiruvannamalai,Polur (Thiruvannamalai)
Tamil Nadu,Dindigul,Dindigul
Tamil Nadu,Ramanathapuram,Kamuthi
Tamil Nadu,Ramanathapuram,Paramakudi
Tamil Nadu,Vellore,Kalavai
Tamil Nadu,Salem,Kadaiyampatti
Telangana,Khammam,Enkoor
Telangana,Karimnagar,Metpally
Assam,Nalbari,Kumrikata
Bihar,Vaishali,"Jaitipir Mandi, Lalganj block"
Karnataka,Hassan,Belur
Karnataka,Haveri,Byadagi
Karnataka,Hassan,Sakaleshpura
Madhya Pradesh,Jabalpur,Patan (F&V)
Maharashtra,Yavatmal,Maregoan
Rajasthan,Jaipur Rural,Bagru
Rajasthan,Hanumangarh,Hanumangarh (Urlivas)
Tamil Nadu,Thiruvannamalai,Chengam
Jammu and Kashmir,Pulwama,Shopian APMC
Rajasthan,Dausa,Madanganj Mandawar APMC
Rajasthan,Jodhpur Rural,Ositan Mathania APMC
Rajasthan,Beawar,Vijaynagar APMC
Andhra Pradesh,Vijayanagaram,Vijayanagaram
Gujarat,Rajkot,Jasdan (Vichhiya)
Gujarat,Surendranagar,Sayala
Haryana,Rohtak,Rohtak (Kalanaur)
Haryana,Hissar,Hansi (Sisai)
Haryana,Fatehabad,Dharsul
Himachal Pradesh,Mandi,Jogindernagar
Jammu and Kashmir,Badgam,Zaloosa-Chararishrief (F&V)
Jammu and Kashmir,Baramulla,Kanispora Baramulla (F&V)
Karnataka,Chikmagalur,Moodigere
Karnataka,Bangalore,Channapatana
Karnataka,Hassan,Holenarsipura
Madhya Pradesh,Ujjain,Ujjain (F&V)
Maharashtra,Akola,Akot
Maharashtra,Nanded,Mukhed (Mukkambad)
Odisha,Keonjhar,Keonjhar (Dhekikote)
Punjab,Nawanshahr,Banga
Punjab,Ludhiana,Mullanpur Dakha (Sawadi)
Punjab,Amritsar,Rayya (Sathiala)
Punjab,Faridkot,Jaitu (Bajakhana)
Chattisgarh,Raigarh,Salihabhata
Karnataka,Udupi,Kundapura
Karnataka,Chikmagalur,Tarikere
Karnataka,Koppal,Gangavathi (Karatagi)
Madhya Pradesh,Shivpuri,Shivpuri (F&V)
Maharashtra,Nanded,Deglur
Maharashtra,Chandrapur,Nagbhid
Odisha,Bolangir,Kantabaji
Punjab,Moga,Dharamkot
Tamil Nadu,Thiruchirappalli,Manapparai
Tamil Nadu,Tuticorin,Thoothukudi
Tamil Nadu,Thiruvarur,Tiruthuraipoondi
Assam,MORIGAON,Jagiroad Dry Fish Market
Karnataka,Bellary,Sirguppa
Maharashtra,Parbhani,Tadkalas
Maharashtra,Pune,Indapur
Tamil Nadu,Erode,Avalpoonthurai
Tamil Nadu,Dindigul,Vathlagundu
Tamil Nadu,Nagapattinam,Thirupoondi
Assam,Sibsagar,Sonari
Assam,Karbi Anglong,Manja
Assam,Kokrajhar,Balajan Tiniali
Assam,Goalpara,Lakhipur
Assam,Darrang,Banglagarh
Kerala,Kollam,KERALAPURAM VFPCK
Maharashtra,Latur,Rangrao Patil Krushi Utpanna Khajgi Bazar
Odisha,Sundergarh,Bonai
Pondicherry,Karaikal,Karaikal
Tamil Nadu,Thanjavur,Thiruppananthal
Tamil Nadu,Coimbatore,Palladam
Chattisgarh,Janjgir,Baradwar
Gujarat,Surat,Bardoli (Madhi)
Maharashtra,Hingoli,Marathawada Shetkari Khajgi Bazar Parisar
Tamil Nadu,Thanjavur,Thanjavur
Tamil Nadu,Dharmapuri,Pennagaram
Assam,Sonitpur,Bindukuri
Maharashtra,Pune,Indapur (Bhigwan)
Andhra Pradesh,Anantapur,Kalyandurg
Andhra Pradesh,Anantapur,Rayadurg
Chattisgarh,Rajnandgaon,Dongargarh
Gujarat,Kheda,Kathlal
Haryana,Sirsa,Dabwali (Chautala)
Haryana,Sirsa,Sirsa (Malekan)
Madhya Pradesh,Balaghat,Khairlangi
Maharashtra,Bhandara,Pavani
Maharashtra,Parbhani,Palam
Rajasthan,Pali,Sojat Road
Tamil Nadu,Coimbatore,Annur
Tamil Nadu,Thanjavur,Pattukottai
Tamil Nadu,Kancheepuram,Pallipattu
Telangana,Karimnagar,Karimnagar (Rythu Bazar)
Assam,Cachar,Koroikandi
Assam,MORIGAON,Boralimari
Maharashtra,Murum,Dharashiv
Maharashtra,Ahmednagar,Shrigonda (Gogargaon)
Maharashtra,Jalana,Ashti (Jalna)
Odisha,Mayurbhanja,Chuliaposi
Rajasthan,Nagaur,Deedwana (Choti Khatu)
Tamil Nadu,Pudukkottai,Alangudi
Tamil Nadu,Vellore,Thimiri
Uttar Pradesh,Saharanpur,Rampurmaniharan
Bihar,Samastipur,Saidpurhat
Gujarat,Sabarkantha,Idar
Gujarat,Sabarkantha,Idar (Jadar)
Karnataka,Bangalore,Bangalore
Karnataka,Davangere,Honnali
Karnataka,Koppal,Yalburga
Meghalaya,East Khasi Hills,Sohra
Telangana,Mahbubnagar,Wanaparthy Road
Assam,Jorhat,Mariani
Gujarat,Sabarkantha,Prantij
Gujarat,Porbandar,Kutiyana
Gujarat,Gandhinagar,"Kalol (Veg,Market,Kalol)"
Maharashtra,Nanded,Himalyatnagar
Rajasthan,Bhilwara,Bijolia
Telangana,Adilabad,Indravelly (Utnoor)
Telangana,Adilabad,Boath
Maharashtra,Parbhani,Bori APMC
Telangana,Karimnagar,Kathalapur APMC
Bihar,East Champaran/ Motihari,Chakia
Karnataka,Kalburgi,Kalburgi (Jevargi)
Nagaland,Phek,Pfatsero
Punjab,Patiala,Samana (Kakrala)
Punjab,Ludhiana,lakhowal
Tamil Nadu,Nagapattinam,Vedaranyam
Tamil Nadu,Krishnagiri,Krishnagiri
Andhra Pradesh,Krishna,Divi
Chattisgarh,Janjgir,Kotmi
Himachal Pradesh,Shimla,Mehndli
Karnataka,Karwar (Uttar Kannad),Karwar
Madhya Pradesh,Dewas,Sonkachh (F&V)
Maharashtra,Sangli,Sangli (Miraj)
Maharashtra,Nanded,Umari
Tamil Nadu,Erode,Kavunthapadi
Tamil Nadu,Namakkal,Rasipuram
Telangana,Medak,Dubbak
Meghalaya,Nongpoh (R-Bhoi),Nongpoh (R-Bhoi)
Tamil Nadu,Krishnagiri,Bargur
Tamil Nadu,Krishnagiri,Hosur
Tamil Nadu,Dharmapuri,Arur
Tamil Nadu,Dindigul,Gopalpatti
Tamil Nadu,Sivaganga,Karaikudi
Tamil Nadu,Thiruvellore,Redhills
Tamil Nadu,Erode,Chithode
Telangana,Adilabad,Khanapur
Maharashtra,Hingoli,Akhadabalapur
Punjab,Jalandhar,Jalandhar City (Faintan Ganj)
Punjab,Ludhiana,Sidhwan Bet
Punjab,Ludhiana,Sidhwan Bet (Lodhiwala)
Maharashtra,Buldhana,Motala
Maharashtra,Hingoli,Kalamnuri
Andhra Pradesh,East Godavari,Peddapuram
Andhra Pradesh,Anantapur,Kadiri
Gujarat,Anand,Anand
Maharashtra,Parbhani,Selu
Maharashtra,Nanded,Shetkari Khajgi Bajar
Maharashtra,Nagpur,Narkhed
Tamil Nadu,Thiruvannamalai,Thiruvannamalai
Telangana,Hyderabad,Erragadda (Rythu Bazar)
Telangana,Medak,Jogipet
Karnataka,Dharwad,Kundagol
Karnataka,Dharwad,Annigeri
Karnataka,Haveri,Savanur
Karnataka,Bagalkot,Mhalingapur
Telangana,Warangal,Parkal
Andhra Pradesh,East Godavari,Sampara
Chattisgarh,Surguja,Sitapur
Karnataka,Mysore,Nanjangud
Karnataka,Tumkur,Pavagada
Karnataka,Belgaum,Nippani
Karnataka,Haveri,Hirekerur
Madhya Pradesh,Mandsaur,Sitamau (F&V)
Meghalaya,West Garo Hills,Rongram
Rajasthan,Bhilwara,Gangapur
Telangana,Mahbubnagar,Makthal
Andhra Pradesh,Krishna,Tiruvuru APMC
Telangana,Rajanna Siricilla,Boinpalli APMC
Madhya Pradesh,Ujjain,Nagda (F&V)
Maharashtra,Nashik,Perfect Krishi Market Yard
Meghalaya,East Khasi Hills,Mawiong Regulated Market
Odisha,Bolangir,Bolangir
Haryana,Bhiwani,Behal
Maharashtra,Buldhana,Jalgaon Jamod (Aasalgaon)
Odisha,Bolangir,Tusura
Punjab,Amritsar,Ajnala
Tamil Nadu,Dindigul,Natham
Telangana,Medak,Narsapur
Chattisgarh,Jashpur,Kunkuri
Maharashtra,Parbhani,Shree Salasar Krushi Bazar
Maharashtra,Parbhani,Purna
Chattisgarh,Bilaspur,Ratanpur
Gujarat,Sabarkantha,Khedbrahma (Posina)
Maharashtra,Gadchiroli,Chamorshi
Tamil Nadu,Virudhunagar,Rajapalayam
Tamil Nadu,Ariyalur,Andimadom
Punjab,Muktsar,Malout (Kilianwali)
Tamil Nadu,Thiruvarur,Mannargudi
Tamil Nadu,Villupuram,Valathi
Chattisgarh,Balrampur,Bariya
Meghalaya,West Jaintia Hills,Wahiajer
Nagaland,Mokokchung,Tuli
Tamil Nadu,Thanjavur,Kumbakonam
Tamil Nadu,Thanjavur,Orathanadu
Tamil Nadu,Nagapattinam,Sembanarkoil
Maharashtra,Akola,Balapur
Andhra Pradesh,East Godavari,Tuni
Andhra Pradesh,East Godavari,Karapa
Chattisgarh,Surguja,Udaypur
Chattisgarh,Surguja,Raghunathpur
Chattisgarh,Surguja,Kakni
Madhya Pradesh,Shivpuri,Kolaras (F&V)
Maharashtra,Satara,Koregaon
Maharashtra,Satara,Jawali
Tamil Nadu,Ariyalur,Jayamkondam
Tamil Nadu,Thiruvannamalai,Arani
Telangana,Adilabad,Kuber
Telangana,Karimnagar,Gopalraopet
Kerala,Idukki,Parathode VFPCK APMC
Rajasthan,Phalodi,Bhagat Kii Phalodi APMC
Rajasthan,Hanumangarh,Hanumangarh (Urlivas) APMC
Gujarat,Vadodara (Baroda),Nasvadi
Odisha,Kalahandi,Kalahandi (Dharamagarh)
Odisha,Kalahandi,Junagarh
Telangana,Warangal,Kodakandal
Karnataka,Chamrajnagar,Kollegal
Tamil Nadu,Dharmapuri,Palakode
Tamil Nadu,Krishnagiri,Pochampalli
Madhya Pradesh,Sagar,Devri (F&V)
Tamil Nadu,Coimbatore,Sulur
Assam,Kamrup,Sontoli
Karnataka,Bangalore,Doddaballa Pur
Assam,Darrang,Besimari
Gujarat,Gir Somnath,Una
Tamil Nadu,Virudhunagar,Aruppukottai
Bihar,Rohtas,Kochas (Balthari) APMC
Gujarat,Panchmahals,Godhra (Kakanpur) APMC
Madhya Pradesh,Sagar,Gadakota (F&V)
Maharashtra,Hingoli,Jawala-Bajar
Maharashtra,Amarawati,Dharni
Tamil Nadu,Karur,Karur
Tamil Nadu,Madurai,Thirumangalam
Chattisgarh,Janjgir,Baloda (Janjgir Campus)
Chattisgarh,Mungeli,Sargaon
Maharashtra,Nandurbar,Navapur
Karnataka,Bellary,Bellary
Karnataka,Shimoga,Hosanagar
Karnataka,Gadag,Gadag
Tamil Nadu,Salem,Thalaivasal
Tamil Nadu,Dindigul,Vedachandur
Karnataka,Bidar,Bidar
Telangana,Mahbubnagar,Achampet (Amrabad)
Tripura,South District,Kalsi
Himachal Pradesh,Shimla,Bhattakufar
Punjab,Tarntaran,Chabhal
Tamil Nadu,Thiruchirappalli,Lalgudi
Karnataka,Bijapur,Sindagi
Tamil Nadu,Virudhunagar,Virudhunagar
Assam,Cachar,Gobindapur
Tamil Nadu,Dindigul,Oddunchairum
Tamil Nadu,Thanjavur,Budalur
Tamil Nadu,Vellore,Arcot
Tamil Nadu,Theni,Cumbum
Rajasthan,Alwar,Pahadai APMC
Rajasthan,Ganganagar,Lalgarh Jatan APMC
Kerala,Idukki,ADIMALI VFPCK
Punjab,Barnala,Dhanula (Kaleke)
Punjab,Patiala,Bhadson
Tamil Nadu,Vellore,Ambur
Rajasthan,Jodhpur Rural,Pipar City
Maharashtra,Pune,Junnar (Bhlhe)
Maharashtra,Nanded,Naigaon
Maharashtra,Buldhana,Sangrampur (Varvatbakal)
Karnataka,Haveri,Ranebennur
Madhya Pradesh,Ratlam,Alot (F&V)
Tamil Nadu,Tuticorin,Kovilpatti
Punjab,Tarntaran,Bhikhiwind (Khalra) APMC
Arunachal Pradesh,Lower Subansiri,Ziro
Chattisgarh,Mahasamund,Bhurkoni
Gujarat,Surat,Kosamba
Maharashtra,Parbhani,Bori
Odisha,Malkangiri,Malkanagiri
Odisha,Malkangiri,Malkangiri (Korakunda)
Punjab,Patiala,Patiala (New Anaj Mandi)
Karnataka,Bellary,H.B. Halli
Maharashtra,Nandurbar,Dhadgaon
Meghalaya,West Jaintia Hills,Dawki
Tamil Nadu,Dharmapuri,Dharampuri
Punjab,Ludhiana,Machhiwara
Karnataka,Haveri,Hanagal
Gujarat,Sabarkantha,Meghraj (Radlavada)
Karnataka,Gadag,Nargunda
Tamil Nadu,Kancheepuram,Sunguvarchatram
Tamil Nadu,Pudukkottai,Pudukottai
Maharashtra,Kolhapur,Kolhapur (Malkapur)
Punjab,Sangrur,Sherpur
Tamil Nadu,Coimbatore,Kianthukadavu
Gujarat,Narmada,Rajpipla (Garudeshwal)
Maharashtra,Hingoli,Vitthal Krushi Utpanna Bazar
Maharashtra,Thane,Bhivandi
Gujarat,Kheda,Mehmadabad
Maharashtra,Jalana,Ghansawangi
Tamil Nadu,Erode,Kodumudi
Andhra Pradesh,West Godavari,Gopalavaram
Telangana,Ranga Reddy,Vikarabad
Maharashtra,Jalana,Jalna (Badnapur)
Punjab,Patiala,Patiala (Anaj Mandi Sanaur Road)
Punjab,kapurthala,Sultanpur Lodhi (Tibba)
Punjab,Jalandhar,Shakot (Malsian)
Chattisgarh,Gariyaband,Phingeshwer
Punjab,Fatehgarh,Amloh (Gobind Garh Mandi)
Tamil Nadu,Nagercoil (Kannyiakumari),Eathamozhi
Kerala,Malappuram,CHUNGATHARA VFPCK
Tamil Nadu,Vellore,Gudiyatham
Maharashtra,Nandurbar,Akkalkuwa
Tamil Nadu,Namakkal,Velur
Karnataka,Koppal,Koppal
Madhya Pradesh,Seoni,Palari (F&V)
Tripura,South District,Manubazar
Tripura,South District,Biokhora
Himachal Pradesh,Una,Santoshgarah
Tamil Nadu,Madurai,Melur
Chattisgarh,Janjgir,Chandrapur
Maharashtra,Pune,Nira (Saswad)
Andaman and Nicobar,South Andaman,Port Blair
Andaman and Nicobar,North and Middle Andaman,Mayabandar
Andhra Pradesh,Krishna,Kanchekacherla
Jammu and Kashmir,Kupwara,Bumhama-Kupwara (F&V)
Odisha,Bhadrak,Sahidngar
Odisha,Bhadrak,Bhadrak
Rajasthan,Swai Madhopur,Gangapurcity (Old Lal mandi)
Telangana,Adilabad,Jainoor
Telangana,Adilabad,Kagaznagar
Telangana,Karimnagar,Gollapally
Gujarat,Surat,Mahuva
Karnataka,Gadag,Laxmeshwar
Karnataka,Belgaum,Soundati
Karnataka,Bagalkot,Bagalkot (Bilagi)
Madhya Pradesh,Narsinghpur,Gadarwara (F&V)
Madhya Pradesh,Jhabua,Jhabua (F&V)
Odisha,Khurda,Damana Hat
Punjab,Amritsar,Attari
Punjab,Mansa,Mansa (Khiala kalan)
Punjab,Moga,Badhni Kalan
Punjab,Moga,Badhni Kallan (Bilaspur)
Punjab,Tarntaran,Khadur Sahib
Punjab,Tarntaran,Khem karan
Punjab,Tarntaran,Khemkaran (Amarkot)
Tamil Nadu,Theni,Theni
Telangana,Warangal,Hanmarkonda (Rythu Bazar)
Telangana,Nalgonda,Ramannapet
Telangana,Nalgonda,Voligonda
Bihar,Darbhanga,Bahadurpur (Ekmi Ghat)
Gujarat,Vadodara (Baroda),Vadodara
Punjab,Ludhiana,Killa Raipur (Jodhan)
Punjab,Ludhiana,Kila Raipur
Punjab,Ludhiana,Purain
Telangana,Ranga Reddy,Narsingi (Babbuguda)
Telangana,Karimnagar,Koratla
Andhra Pradesh,Nellore,Venkatagiri
Assam,Darrang,Kharupetia
Chattisgarh,Bilaspur,Bilha
Himachal Pradesh,Shimla,Khadapather
Karnataka,Chitradurga,Hosadurga
Punjab,Amritsar,Gehri
Telangana,Medak,Sangareddy
Telangana,Warangal,Mahabubabad
Uttar Pradesh,Jalaun (Orai),Kalpi
Gujarat,Morbi,Vankaner (Sub yard)
Gujarat,Ahmedabad,Bavla
Gujarat,Vadodara (Baroda),Savli (Samlaya)
Haryana,Sirsa,Rania (Jiwan nagar)
Karnataka,Bijapur,Talikot
Odisha,Khurda,Jatni
Odisha,Khurda,Aiginia Mandi
Telangana,Nalgonda,Nalgonda
Telangana,Adilabad,Sarangapur
Bihar,Kishanganj,Thakurganj
Chattisgarh,Durg,Khamhariya
Karnataka,Tumkur,Kunigal
Madhya Pradesh,Shajapur,Akodiya
Madhya Pradesh,Shivpuri,Khaniadhana
Odisha,Jajpur,Jajpur
Rajasthan,Ajmer,Gulabpura
Rajasthan,Ajmer,Kekri
Rajasthan,Chittorgarh,Fatehnagar
Rajasthan,Jaipur,Bassi
Rajasthan,Jaipur,Chaksu
Rajasthan,Swai Madhopur,Gangapur City
Rajasthan,Udaipur,Chhotisadri
Rajasthan,Jaipur,Bagru
Rajasthan,Ajmer,Beawar
Rajasthan,Ganganagar,Gharsana
Rajasthan,Jalore,Raniwara
Rajasthan,Ajmer,Vijaynagar
Rajasthan,Chittorgarh,Pratapgarh
Rajasthan,Alwar,Bansoor
Rajasthan,Alwar,Khairthal
Rajasthan,Alwar,Kishangarhbas
Rajasthan,Bharatpur,Deeg
Rajasthan,Bharatpur,Kama
Rajasthan,Bharatpur,Nagar
Rajasthan,Bharatpur,Pahari
Rajasthan,Bikaner,Gudhagorji
Rajasthan,Ganganagar,Anupgarh
Rajasthan,Ganganagar,Jaitsar
Rajasthan,Ganganagar,Sri Vijayanagar
Rajasthan,Hanumangarh,Suratgarh
Rajasthan,Jaipur,Chomu (Grain)
Rajasthan,Jaipur,Sambhar (Kishangarh renwal)
Rajasthan,Jhunjunu,Jhunjhunu
Rajasthan,Jodhpur,Bhagat Kii Phalodi
Rajasthan,Sikar,Sri Madhopur
Tamil Nadu,Ariyalur,Ariyalur Market
Tamil Nadu,Coimbatore,Pollachi
Tamil Nadu,Erode,Dharapuram
Tamil Nadu,Erode,Gobichettipalayam
Tamil Nadu,Erode,Kangeyam
Tamil Nadu,Erode,Perundurai
Tamil Nadu,Erode,Sathyamangalam
Tamil Nadu,Erode,Thalavadi
Tamil Nadu,Kancheepuram,Chengalpattu
Tamil Nadu,Krishnagiri,Denkanikottai
Tamil Nadu,Nagapattinam,Sirkali
Tamil Nadu,Ramanathapuram,Sivagangai
Tamil Nadu,Salem,Attur
Tamil Nadu,Salem,Edappadi
Tamil Nadu,Sivaganga,Singampuneri
Tamil Nadu,Theni,Chinnamanur
Tamil Nadu,Thiruvarur,Mannarkudi
Tamil Nadu,Vellore,Katpadi (Uzhavar Santhai)
Tamil Nadu,Cuddalore,Chidambaram
Tamil Nadu,Coimbatore,Pongalur
Telangana,Ranga Reddy,Narsingi
Andhra Pradesh,Krishna,Nuzvid
Bihar,Kaimur/Bhabhua,Kaimur
Bihar,Rohtas,Nokha
Madhya Pradesh,Shajapur,Sajapur
Rajasthan,Jaipur,Chomu (F&V)
Rajasthan,Ganganagar,Rawla
Rajasthan,Pali,Jaitaran
Rajasthan,Jaipur,Kotputli
Rajasthan,Jhunjunu,Nawalgarh
Rajasthan,Sikar,Neem Ka Thana
Rajasthan,Sikar,Surajgarh
Rajasthan,Barmer,Balotra
Rajasthan,Rajasamand,Rajsamand
Tamil Nadu,Coimbatore,Negamam
Tamil Nadu,Coimbatore,Pudupalayam
Tamil Nadu,Coimbatore,Thiruppur
Tamil Nadu,Coimbatore,Thondamuthur
Tamil Nadu,Dindigul,Vadamadurai
Tamil Nadu,Erode,Elumathur
Tamil Nadu,Erode,Kunnathur
Tamil Nadu,Erode,Muthur
Tamil Nadu,Nagercoil (Kannyiakumari),Kulasekaram
Tamil Nadu,Salem,Vazhapadi
Tamil Nadu,Coimbatore,Chengeri
Tamil Nadu,Coimbatore,Pethappampatti
Tamil Nadu,Cuddalore,Tittakudi
Tamil Nadu,Erode,Anthiyur
Tamil Nadu,Erode,Sivagiri
Tamil Nadu,Erode,Vellakkoil
Tamil Nadu,Salem,Konganapuram
Tamil Nadu,Salem,Omalur
Tamil Nadu,Salem,Salem
Tamil Nadu,Cuddalore,Sethiathoppu
Tamil Nadu,Erode,Moolanur
Tamil Nadu,Erode,Alangeyam
Tamil Nadu,Erode,Mylampadi
Tamil Nadu,Villupuram,Chinnasalem
Tamil Nadu,Villupuram,Manalurpet
Tamil Nadu,Kancheepuram,Acharapakkam
Tamil Nadu,Villupuram,Tiruvennainallur
Tamil Nadu,Namakkal,Namagiripettai
Tamil Nadu,Cuddalore,Kurinchipadi
Tamil Nadu,Salem,Gangavalli
Tamil Nadu,Nagercoil (Kannyiakumari),Monday Market
Tamil Nadu,Coimbatore,Coimbatore
Tamil Nadu,Erode,Erode
Telangana,Ranga Reddy,"Ramakrisnapuram,RBZ"
Telangana,Medak,Siddipet (Rythu Bazar)
Telangana,Adilabad,Ichoda
Telangana,Adilabad,Nirmal
Telangana,Warangal,Mulugu
Punjab,Ferozpur,Mallanwala
Punjab,Ludhiana,Hathur
Punjab,Mansa,Mansa (Ubha Buraj Dhilwan)
Rajasthan,Jaipur,Kishangarh Renwal
Rajasthan,Jodhpur,Bilara
Rajasthan,Jhunjunu,Chirawa
Tamil Nadu,Coimbatore,Anaimalai
Andhra Pradesh,Kurnool,Nandikotkur
Gujarat,Ahmedabad,Ahmedabad (Rajnagar sub yard)
Maharashtra,Jalgaon,Shantilal Jain Agro
Nagaland,Mon,Naginimora
Nagaland,Zunheboto,Zunheboto
Odisha,Balasore,Bampada
Odisha,Balasore,Barikpur
Punjab,Amritsar,Gehri (Jandiala mandi)
Tamil Nadu,Erode,Punchaipuliyampatti
Telangana,Nalgonda,Miryalguda (Rythu Bazar)
Telangana,Nalgonda,Venkateswarnagar (Chintapalli)
Uttar Pradesh,Hapur,Gazipur
Andhra Pradesh,Kurnool,Banaganapalli
Andhra Pradesh,Kurnool,Allagadda
Andhra Pradesh,Kurnool,Atmakur
Chattisgarh,Dhamtari,Belora
Chattisgarh,Rajnandgaon,Bazar Atriya
Karnataka,Gadag,Mundaragi
Karnataka,Hassan,Arakalgud
Maharashtra,Bhandara,Lakhandur
Maharashtra,Jalgaon,Jamner
Maharashtra,Jalgaon,Jamner (Neri)
Odisha,Dhenkanal,Mottagaon
Odisha,Dhenkanal,Dhenkanal
Rajasthan,Ganganagar,Raisingh Nagar
Rajasthan,Bharatpur,Kumher
Telangana,Ranga Reddy,Sardarnagar
Telangana,Nalgonda,Chityal
Telangana,Nalgonda,Halia
Telangana,Warangal,Narsampet (Nekonda)
Telangana,Warangal,Wardhannapet
Telangana,Nizamabad,Kamareddy
Telangana,Ranga Reddy,Medchal
Telangana,Jagityal,Mallapur
Telangana,Karimnagar,Kathalapur
Telangana,Karimnagar,Sultanabad
Telangana,Mahbubnagar,Amangal
Telangana,Nalgonda,Mothkur
Telangana,Nizamabad,Armoor
Telangana,Nizamabad,Bhiknoor
Telangana,Nizamabad,Bodhan
Telangana,Nizamabad,Pitlam
Telangana,Nizamabad,Yellareddy
Andaman and Nicobar,North and Middle Andaman,Diglipur
Andhra Pradesh,Kurnool,Alur
Bihar,Buxar,Brahmpur
Telangana,Karimnagar,Kataram
Telangana,Nizamabad,Banswada
Bihar,Patna,Patna (Musallahpur)
Andhra Pradesh,Anantapur,Tenakallu
Meghalaya,West Jaintia Hills,Laskein
Telangana,Nizamabad,Madnoor
Tamil Nadu,Thiruvannamalai,Thellar
Maharashtra,Gadchiroli,Aheri
Meghalaya,South West Garo Hills,Ampati
Punjab,Mansa,Sardulgarh
Rajasthan,Nagaur,Deedwana
Telangana,Warangal,Thorrur
Karnataka,Bidar,Humanabad
Rajasthan,Nagaur,Nagour (FV)
Karnataka,Belgaum,Gokak
Punjab,Ludhiana,Mansura
Punjab,Ludhiana,Nurpurbet
Haryana,Kurukshetra,Pehowa (Gumthala Gahru)
Karnataka,Davangere,Jagalur
Tamil Nadu,Dharmapuri,Pappireddipatti
Punjab,Jalandhar,Noor Mehal (Kot Badal Khan)
Karnataka,Belgaum,Nandagada
Maharashtra,Pune,Nira
Tamil Nadu,Nagercoil (Kannyiakumari),Kalliakavillai
Uttar Pradesh,Hapur,Yusufpur
Punjab,Sangrur,Khanauri
Maharashtra,Yavatmal,Darwha
Gujarat,Kachchh,Mundra
Tamil Nadu,Thiruvannamalai,Pernamallur
Karnataka,Chikmagalur,Kadur
Rajasthan,Nagaur,Kuchaman City
Tamil Nadu,Nagercoil (Kannyiakumari),Thoduvetty
Tamil Nadu,Thiruvarur,Kudavasal
Odisha,Angul,Angul
Odisha,Angul,Angul (Jarapada)
Karnataka,Bijapur,Sindagi (Indi)
Karnataka,Bidar,Bhalki
Madhya Pradesh,Bhind,Gohad (F&V)
Tamil Nadu,Kancheepuram,Thirukkalukundram
Maharashtra,Nanded,Hadgaon
Maharashtra,Nanded,Hadgaon (Tamsa)
Punjab,Bhatinda,Rampura Phul
Rajasthan,Jodhpur,Pipar City
Meghalaya,South West Garo Hills,Garobadha
Gujarat,Surat,Kosamba (Vankal)
Gujarat,Surat,Kosamba (Zangvav)
Tamil Nadu,Erode,Bhavani
Uttar Pradesh,Deoria,Barhaj
Haryana,Jhajar,Beri
Karnataka,Raichur,Manvi
Tamil Nadu,Erode,Nambiyur
Punjab,Ferozpur,Mallanwala (KhosaDalSinghwala)
Maharashtra,Vashim,Jai Gajanan Krishi Bazar
Bihar,Gopalgang,Gopalganj
Telangana,Medak,Medak
Tamil Nadu,Coimbatore,Sevur
Telangana,Nizamabad,Bichkunda
Madhya Pradesh,Agar Malwa,Soyatkalan (F&V)
Andhra Pradesh,Nellore,Vakadu
Tamil Nadu,Krishnagiri,Uthangarai
Tamil Nadu,Vellore,Arkonam
